X,location,property_type,size_sqft,num_bedroom,num_bathroom,floor_num,total_floor,age_years,furnishing,amenities,distance_to_metro_km,view_score,price
P64127,Jaipur,Villa,603,2,2,19,19,14,Fully Furnished,"['Gym', 'Power Backup', 'Elevator', 'Security', 'Swimming Pool']",4.26,2,5052807.48
P54430,Jaipur,Penthouse,3525,5,2,19,13,10,Fully Furnished,"['Gym', 'Club House', 'Parking']",6.16,3,48303143.78
P19111,Chennai,Duplex,3507,3,4,1,9,15,Unfurnished,"['Power Backup', 'Gym', 'Club House', 'Swimming Pool', 'Parking', 'Wi-Fi']",9.26,2,31165359.46
P25003,Jaipur,Studio,4420,2,4,12,12,19,Semi Furnished,"['Club House', 'Garden', 'Security', 'Parking']",2.58,5,49263975.34
P50731,Jaipur,Penthouse,4633,1,3,1,17,10,Unfurnished,"['Wi-Fi', 'Garden', 'Elevator', 'Power Backup']",9,7,6903320.79
P62391,Pune,Independent House,532,1,1,9,7,9,Semi Furnished,"['Club House', 'Gym', 'Swimming Pool', 'Security', 'Garden']",1.95,8,43629120.04
P103916,Bangalore,Penthouse,3855,3,3,3,11,3,Semi Furnished,"['Power Backup', 'Swimming Pool', 'Parking']",0.52,2,19766283.79
P91494,Delhi,Studio,923,4,2,17,7,20,Unfurnished,"['Garden', 'Gym', 'Swimming Pool', 'Elevator']",5.3,7,32513364.05
P47301,Pune,Duplex,4104,3,3,7,19,0,Semi Furnished,"['Wi-Fi', 'Elevator', 'Power Backup', 'Garden']",6.69,2,26532442.68
P58017,Chandigarh,Villa,2347,3,3,18,25,15,Semi Furnished,"['Parking', 'Elevator', 'Swimming Pool', 'Wi-Fi', 'Club House', 'Garden']",7.66,2,31561133.89
P30623,Bangalore,Apartment,4806,1,1,13,20,0,Fully Furnished,"['Club House', 'Swimming Pool', 'Security']",4.38,4,4356671.22
P69872,Chennai,Penthouse,2518,4,3,20,13,19,Semi Furnished,"['Garden', 'Elevator', 'Power Backup', 'Security', 'Swimming Pool', 'Parking']",4.22,2,13574366.93
P106817,Ahmedabad,Villa,2445,4,1,14,6,8,Semi Furnished,"['Swimming Pool', 'Club House', 'Security', 'Elevator', 'Wi-Fi']",7.6,4,13700854.82
P104064,Chennai,Penthouse,2614,2,1,13,19,19,Unfurnished,"['Club House', 'Swimming Pool', 'Parking', 'Security', 'Wi-Fi']",1.87,7,21800105.14
P28802,Mumbai,Studio,2703,1,4,17,9,18,Unfurnished,"['Club House', 'Garden', 'Swimming Pool', 'Wi-Fi']",7.63,10,46352235.37
P34529,Jaipur,Villa,2758,1,1,1,21,2,Semi Furnished,"['Swimming Pool', 'Power Backup', 'Garden', 'Security', 'Elevator', 'Gym']",8.58,4,32247720.6
P87265,Chennai,Duplex,1844,3,1,5,19,20,Semi Furnished,"['Swimming Pool', 'Gym', 'Club House', 'Elevator']",3.88,8,41699453.27
P98964,Bangalore,Independent House,2651,5,4,17,13,18,Semi Furnished,"['Swimming Pool', 'Power Backup', 'Garden']",8.85,6,49536833.94
P95350,Delhi,Penthouse,4603,3,2,8,11,1,Fully Furnished,"['Parking', 'Garden', 'Power Backup', 'Swimming Pool', 'Elevator']",3.66,10,43934623
P63496,Bangalore,Independent House,2171,4,2,4,5,3,Fully Furnished,"['Parking', 'Power Backup', 'Security', 'Garden']",3.54,2,8275559.48
P62488,Jaipur,Apartment,3134,4,4,9,22,16,Semi Furnished,"['Swimming Pool', 'Gym', 'Wi-Fi', 'Elevator']",3.62,6,20872693.48
P35260,Chandigarh,Independent House,1717,2,4,13,26,9,Unfurnished,"['Swimming Pool', 'Garden', 'Parking', 'Elevator']",8.03,1,38060593.27
P61787,Mumbai,Independent House,3401,4,3,19,11,12,Fully Furnished,"['Wi-Fi', 'Garden', 'Swimming Pool', 'Power Backup']",4.61,8,48512903.01
P95866,Chandigarh,Villa,4882,2,1,12,17,15,Unfurnished,"['Wi-Fi', 'Security', 'Parking', 'Club House']",1.09,7,5013837.97
P43414,Jaipur,Independent House,2724,3,3,10,8,9,Unfurnished,"['Elevator', 'Club House', 'Parking', 'Wi-Fi', 'Security', 'Gym']",3.28,1,7813256.51
P30496,Bangalore,Penthouse,3895,1,3,3,18,7,Unfurnished,"['Power Backup', 'Club House', 'Parking']",9.37,8,39164212.99
P104698,Chandigarh,Apartment,1122,2,2,6,5,5,Semi Furnished,"['Power Backup', 'Security', 'Elevator', 'Swimming Pool']",9.12,2,39135152.44
P54271,Bangalore,Independent House,2629,4,1,14,6,10,Unfurnished,"['Security', 'Wi-Fi', 'Elevator', 'Club House', 'Garden']",5.91,7,45191611.24
P73600,Mumbai,Villa,3782,2,3,1,8,1,Semi Furnished,"['Elevator', 'Swimming Pool', 'Garden']",2.09,10,732626.03
P30861,Pune,Villa,3975,5,4,19,14,3,Unfurnished,"['Power Backup', 'Parking', 'Wi-Fi', 'Security', 'Club House', 'Elevator']",6.16,10,12920399.24
P102583,Bangalore,Duplex,3056,1,3,16,23,13,Unfurnished,"['Power Backup', 'Elevator', 'Swimming Pool', 'Security']",9.64,1,1871959.71
P65906,Chennai,Studio,1966,4,4,8,10,20,Unfurnished,"['Parking', 'Wi-Fi', 'Elevator', 'Swimming Pool']",1.54,3,7211940.57
P56725,Chennai,Apartment,4628,4,4,20,21,15,Semi Furnished,"['Gym', 'Club House', 'Swimming Pool', 'Power Backup', 'Security', 'Parking']",5.94,2,38634188.03
P84732,Chandigarh,Apartment,4925,2,3,3,23,3,Semi Furnished,"['Security', 'Elevator', 'Garden', 'Parking', 'Swimming Pool', 'Club House']",7.71,4,20636104.05
P52344,Chandigarh,Penthouse,4674,2,4,17,29,13,Fully Furnished,"['Swimming Pool', 'Parking', 'Security', 'Gym']",8.94,4,30348626.77
P48451,Chennai,Studio,3015,4,4,15,15,19,Fully Furnished,"['Garden', 'Parking', 'Wi-Fi']",4.13,7,7785519.77
P76364,Chennai,Independent House,5000,5,3,3,15,20,Unfurnished,"['Security', 'Parking', 'Gym']",6.15,9,29881769.26
P94754,Ahmedabad,Penthouse,3548,4,3,6,22,8,Unfurnished,"['Security', 'Wi-Fi', 'Gym', 'Club House', 'Garden']",9.78,7,26458794.27
P81479,Chandigarh,Apartment,4706,2,2,12,25,20,Unfurnished,"['Power Backup', 'Wi-Fi', 'Swimming Pool']",9.38,2,37986218.38
P53532,Kolkata,Duplex,696,3,1,10,19,19,Unfurnished,"['Club House', 'Wi-Fi', 'Parking']",1.65,6,38106835.04
P39306,Chennai,Apartment,2372,4,2,7,7,14,Unfurnished,"['Parking', 'Power Backup', 'Garden', 'Wi-Fi', 'Club House']",3.69,8,46411676.91
P88071,Mumbai,Villa,960,1,3,20,29,3,Fully Furnished,"['Club House', 'Parking', 'Garden', 'Power Backup']",1.88,2,30716808.47
P61975,Chennai,Duplex,4431,5,2,3,20,12,Fully Furnished,"['Security', 'Parking', 'Elevator']",7.26,1,26087138.08
P94306,Bangalore,Studio,3197,2,3,14,12,17,Unfurnished,"['Garden', 'Security', 'Power Backup', 'Parking', 'Swimming Pool', 'Club House']",2.18,7,38395446.54
P22344,Kolkata,Villa,3523,5,1,13,15,8,Semi Furnished,"['Garden', 'Security', 'Parking', 'Elevator', 'Club House']",3.57,7,30631386.74
P17342,Chandigarh,Villa,1011,5,2,7,26,3,Unfurnished,"['Parking', 'Wi-Fi', 'Swimming Pool', 'Security', 'Club House']",4.86,7,41950488.29
P57653,Kolkata,Independent House,4495,4,4,9,6,19,Fully Furnished,"['Elevator', 'Swimming Pool', 'Club House', 'Wi-Fi', 'Power Backup']",5.3,6,4625119.07
P35599,Pune,Duplex,756,4,2,16,13,7,Fully Furnished,"['Club House', 'Swimming Pool', 'Power Backup', 'Wi-Fi', 'Security', 'Gym']",1.84,4,39876746.71
P78212,Bangalore,Duplex,939,5,1,19,24,17,Unfurnished,"['Parking', 'Gym', 'Security', 'Garden', 'Club House', 'Power Backup']",2.35,1,38443621.2
P16365,Kolkata,Villa,639,2,4,2,25,19,Semi Furnished,"['Swimming Pool', 'Garden', 'Elevator', 'Gym']",9.29,10,21602032.95
P100882,Ahmedabad,Villa,1124,1,4,7,12,3,Semi Furnished,"['Swimming Pool', 'Wi-Fi', 'Garden', 'Elevator', 'Power Backup']",8.62,3,16948447.4
P23323,Pune,Penthouse,666,4,1,7,8,18,Fully Furnished,"['Gym', 'Power Backup', 'Wi-Fi', 'Elevator', 'Security']",4.77,2,26953088.06
P56083,Hyderabad,Apartment,936,4,3,15,5,14,Semi Furnished,"['Swimming Pool', 'Wi-Fi', 'Club House', 'Parking', 'Gym', 'Garden']",5.16,7,11855050.67
P70664,Chennai,Villa,2318,3,4,8,20,3,Fully Furnished,"['Club House', 'Power Backup', 'Security']",7.6,9,7881388.01
P54814,Delhi,Penthouse,2324,3,3,20,9,14,Fully Furnished,"['Swimming Pool', 'Club House', 'Garden', 'Wi-Fi']",7.99,3,34385943.67
P12758,Hyderabad,Independent House,1488,4,2,3,10,20,Unfurnished,"['Garden', 'Club House', 'Parking', 'Elevator', 'Swimming Pool']",3.54,3,21007817.12
P64589,Chandigarh,Duplex,2562,4,2,19,18,16,Semi Furnished,"['Swimming Pool', 'Wi-Fi', 'Garden', 'Club House']",8.36,6,21139860.53
P32704,Mumbai,Independent House,2520,2,2,12,14,8,Fully Furnished,"['Parking', 'Wi-Fi', 'Swimming Pool', 'Power Backup', 'Garden', 'Security']",6.57,2,22477372.09
P21061,Pune,Studio,4561,1,3,4,18,4,Fully Furnished,"['Elevator', 'Security', 'Club House', 'Gym']",4.43,6,3005482.56
P33982,Bangalore,Duplex,1435,4,3,3,6,8,Semi Furnished,"['Wi-Fi', 'Security', 'Parking', 'Swimming Pool']",3.41,10,44336605.46
P92829,Jaipur,Independent House,1331,3,4,11,27,20,Semi Furnished,"['Club House', 'Gym', 'Parking', 'Elevator', 'Wi-Fi', 'Swimming Pool']",2.22,1,36417692.16
P54864,Pune,Independent House,4576,3,3,6,23,0,Fully Furnished,"['Club House', 'Swimming Pool', 'Parking', 'Security', 'Power Backup']",6.95,10,35609656.8
P37910,Ahmedabad,Apartment,3693,2,4,8,30,11,Fully Furnished,"['Swimming Pool', 'Parking', 'Elevator', 'Gym', 'Club House', 'Power Backup']",3.5,7,46404119.3
P108762,Mumbai,Duplex,958,1,1,18,13,10,Semi Furnished,"['Elevator', 'Wi-Fi', 'Power Backup', 'Garden', 'Club House']",3.54,2,26133401.23
P100729,Bangalore,Independent House,4019,2,4,20,6,18,Unfurnished,"['Power Backup', 'Parking', 'Garden', 'Club House', 'Gym']",6.66,1,47684492.25
P43119,Jaipur,Apartment,4407,2,3,2,22,13,Fully Furnished,"['Security', 'Garden', 'Power Backup']",9.11,9,10014056.47
P87016,Chandigarh,Duplex,2294,3,1,17,5,2,Fully Furnished,"['Security', 'Power Backup', 'Garden', 'Parking', 'Wi-Fi', 'Elevator']",7.76,8,33958896.01
P53094,Mumbai,Apartment,4112,5,2,18,12,11,Semi Furnished,"['Garden', 'Swimming Pool', 'Wi-Fi', 'Power Backup', 'Parking']",7.72,3,24429446.3
P33915,Pune,Penthouse,2955,3,3,18,9,2,Semi Furnished,"['Security', 'Parking', 'Gym', 'Club House', 'Garden']",2.73,8,15038702.43
P49037,Kolkata,Duplex,1403,1,1,3,10,2,Unfurnished,"['Club House', 'Swimming Pool', 'Gym']",7.54,8,2971774.72
P70581,Hyderabad,Duplex,3124,3,1,15,16,6,Semi Furnished,"['Power Backup', 'Garden', 'Security']",8.72,5,11320303.84
P28071,Chandigarh,Studio,2473,1,2,3,30,20,Unfurnished,"['Swimming Pool', 'Wi-Fi', 'Garden', 'Elevator', 'Parking']",0.63,10,22924107.05
P95730,Hyderabad,Independent House,2715,3,2,20,18,11,Semi Furnished,"['Elevator', 'Parking', 'Club House', 'Power Backup', 'Security', 'Swimming Pool']",6.96,1,550049.43
P101696,Mumbai,Apartment,1301,2,3,12,16,11,Fully Furnished,"['Parking', 'Power Backup', 'Club House', 'Gym', 'Swimming Pool']",2.86,6,35269121.88
P70810,Ahmedabad,Independent House,857,2,4,15,13,19,Fully Furnished,"['Club House', 'Garden', 'Power Backup', 'Swimming Pool', 'Security']",3.5,10,47540695.22
P89767,Kolkata,Duplex,4095,1,2,8,24,0,Semi Furnished,"['Parking', 'Elevator', 'Gym']",3.84,7,14131905.86
P73163,Jaipur,Penthouse,2631,2,4,20,25,7,Semi Furnished,"['Wi-Fi', 'Elevator', 'Swimming Pool', 'Security', 'Club House', 'Power Backup']",3.76,9,5177467.73
P70201,Pune,Villa,2567,5,2,18,14,15,Unfurnished,"['Security', 'Elevator', 'Wi-Fi', 'Club House', 'Garden']",3.01,10,22330236.17
P103404,Kolkata,Penthouse,2396,2,1,9,29,2,Fully Furnished,"['Power Backup', 'Parking', 'Gym', 'Club House', 'Security', 'Garden']",0.74,4,13524211.35
P48117,Chandigarh,Penthouse,2543,1,2,9,18,14,Unfurnished,"['Security', 'Swimming Pool', 'Power Backup', 'Wi-Fi', 'Garden', 'Parking']",1.52,4,45502005.11
P56546,Mumbai,Independent House,2156,3,1,20,9,10,Semi Furnished,"['Garden', 'Elevator', 'Club House', 'Power Backup', 'Gym', 'Security']",9.45,5,32982119.64
P49332,Delhi,Studio,4122,4,1,17,28,9,Semi Furnished,"['Security', 'Swimming Pool', 'Elevator', 'Club House']",2.12,1,12893866.93
P62787,Bangalore,Villa,1221,2,1,15,24,19,Fully Furnished,"['Security', 'Elevator', 'Garden', 'Parking']",3.37,8,32170918.54
P68993,Jaipur,Independent House,546,5,2,20,13,16,Semi Furnished,"['Swimming Pool', 'Wi-Fi', 'Elevator']",2.16,4,34908614.38
P54834,Delhi,Apartment,1054,5,3,1,6,12,Fully Furnished,"['Security', 'Gym', 'Garden', 'Club House', 'Swimming Pool']",5.25,10,22361650.95
P108126,Chandigarh,Duplex,2836,5,4,4,21,1,Semi Furnished,"['Club House', 'Security', 'Power Backup']",1.53,9,748367.65
P23174,Jaipur,Penthouse,2615,3,2,3,11,0,Fully Furnished,"['Garden', 'Wi-Fi', 'Parking', 'Power Backup']",1.21,7,3413638.14
P101379,Jaipur,Duplex,3939,1,1,16,27,11,Unfurnished,"['Power Backup', 'Wi-Fi', 'Garden', 'Elevator', 'Club House', 'Parking']",1.5,3,32580158.01
P38343,Hyderabad,Villa,4652,5,4,16,21,2,Unfurnished,"['Security', 'Wi-Fi', 'Parking', 'Garden', 'Club House', 'Elevator']",9.93,4,2524243.07
P73124,Pune,Penthouse,1751,2,2,9,25,8,Unfurnished,"['Gym', 'Security', 'Club House', 'Garden', 'Wi-Fi', 'Power Backup']",8.67,4,28937015.27
P51845,Bangalore,Apartment,2159,2,3,9,18,19,Fully Furnished,"['Security', 'Elevator', 'Club House', 'Power Backup', 'Gym', 'Garden']",6.25,9,36377675.57
P88288,Kolkata,Villa,3755,3,4,18,21,4,Unfurnished,"['Power Backup', 'Club House', 'Parking', 'Gym', 'Garden']",5.98,6,39482883.4
P102560,Hyderabad,Villa,3579,1,4,2,16,18,Semi Furnished,"['Swimming Pool', 'Wi-Fi', 'Security', 'Club House']",3.18,6,11427929.51
P74843,Delhi,Apartment,2158,3,4,13,20,16,Unfurnished,"['Parking', 'Club House', 'Elevator', 'Wi-Fi', 'Swimming Pool']",2.5,8,30741923.46
P41110,Pune,Penthouse,2437,2,3,17,8,20,Semi Furnished,"['Security', 'Garden', 'Wi-Fi']",1.06,2,9818517.96
P70916,Jaipur,Apartment,3995,3,3,1,5,17,Semi Furnished,"['Wi-Fi', 'Security', 'Garden', 'Gym', 'Swimming Pool', 'Power Backup']",0.99,2,18794719.91
P55470,Hyderabad,Duplex,4691,1,1,9,6,10,Fully Furnished,"['Elevator', 'Security', 'Swimming Pool']",5.87,10,39980521.67
P77074,Jaipur,Apartment,1721,2,3,2,8,0,Unfurnished,"['Garden', 'Wi-Fi', 'Gym', 'Power Backup', 'Swimming Pool', 'Elevator']",7.75,6,43835421.15
P52756,Delhi,Duplex,4621,2,4,2,9,20,Semi Furnished,"['Security', 'Power Backup', 'Club House', 'Gym', 'Garden']",3.53,3,38508787.5
P90644,Chennai,Studio,4911,5,1,8,20,17,Fully Furnished,"['Elevator', 'Power Backup', 'Gym', 'Wi-Fi', 'Parking']",7.61,10,13048495.48
P13803,Chennai,Penthouse,2732,2,1,15,17,15,Unfurnished,"['Club House', 'Wi-Fi', 'Power Backup']",3.38,8,4726032.25
P40424,Mumbai,Studio,1674,1,4,2,17,9,Unfurnished,"['Swimming Pool', 'Garden', 'Club House']",7.22,6,33190328.21
P91952,Hyderabad,Independent House,1141,1,1,1,8,8,Fully Furnished,"['Elevator', 'Garden', 'Parking', 'Security', 'Swimming Pool', 'Wi-Fi']",9.11,8,1608298.68
P51195,Hyderabad,Apartment,890,3,1,10,5,10,Semi Furnished,"['Swimming Pool', 'Elevator', 'Security', 'Wi-Fi']",2.6,2,29377966.84
P88997,Chennai,Studio,1852,5,4,18,22,14,Unfurnished,"['Wi-Fi', 'Garden', 'Elevator']",5.38,2,23259629.8
P15555,Chandigarh,Studio,4240,2,1,10,24,5,Unfurnished,"['Elevator', 'Parking', 'Wi-Fi']",4.02,3,4606876.44
P10141,Hyderabad,Duplex,3273,5,4,17,22,19,Fully Furnished,"['Swimming Pool', 'Club House', 'Wi-Fi', 'Garden', 'Security', 'Gym']",1.43,7,18524076.09
P79989,Hyderabad,Studio,4414,2,1,14,16,3,Semi Furnished,"['Power Backup', 'Wi-Fi', 'Garden', 'Club House', 'Parking', 'Elevator']",4.26,9,39953334.94
P39332,Chennai,Villa,1525,2,3,2,15,9,Unfurnished,"['Garden', 'Club House', 'Elevator', 'Wi-Fi']",1.38,10,47838792.49
P47688,Pune,Apartment,2700,3,4,2,28,15,Semi Furnished,"['Garden', 'Wi-Fi', 'Club House', 'Security', 'Power Backup']",2.69,7,23175414.5
P61024,Chandigarh,Duplex,2896,2,2,19,22,19,Fully Furnished,"['Wi-Fi', 'Security', 'Club House', 'Garden', 'Parking']",9.79,3,9933220.28
P38028,Chennai,Apartment,3116,5,1,5,27,7,Fully Furnished,"['Wi-Fi', 'Swimming Pool', 'Club House', 'Garden', 'Parking']",6.04,3,5623223.87
P83041,Jaipur,Studio,3807,1,4,8,11,9,Semi Furnished,"['Gym', 'Swimming Pool', 'Club House', 'Parking', 'Power Backup', 'Security']",2.62,4,32422766.03
P91212,Bangalore,Villa,4319,5,3,3,6,11,Unfurnished,"['Swimming Pool', 'Parking', 'Gym', 'Club House', 'Wi-Fi', 'Power Backup']",9.12,8,38515042.14
P108497,Kolkata,Apartment,4289,5,2,20,16,5,Unfurnished,"['Power Backup', 'Security', 'Gym', 'Club House', 'Garden']",7.65,6,47058391.76
P71006,Pune,Villa,1625,4,3,18,25,4,Unfurnished,"['Elevator', 'Wi-Fi', 'Swimming Pool', 'Parking', 'Garden', 'Gym']",0.94,8,34194322.36
P98712,Ahmedabad,Studio,4607,1,4,19,30,11,Unfurnished,"['Elevator', 'Gym', 'Club House', 'Garden', 'Parking', 'Power Backup']",1.2,6,45073496.91
P103509,Hyderabad,Penthouse,1015,3,4,3,8,10,Fully Furnished,"['Club House', 'Parking', 'Power Backup', 'Garden', 'Elevator', 'Gym']",1.41,8,28204492.41
P89833,Hyderabad,Duplex,506,1,1,1,19,5,Semi Furnished,"['Parking', 'Garden', 'Elevator', 'Wi-Fi']",7.59,8,37941902.22
P104806,Kolkata,Villa,1044,4,3,4,11,20,Unfurnished,"['Swimming Pool', 'Security', 'Club House', 'Wi-Fi', 'Elevator']",2.14,9,12520327.18
P61253,Kolkata,Villa,1600,4,1,18,25,4,Semi Furnished,"['Parking', 'Swimming Pool', 'Security', 'Elevator']",1.34,7,29361642.55
P72628,Mumbai,Apartment,3895,4,3,17,14,17,Unfurnished,"['Wi-Fi', 'Swimming Pool', 'Security', 'Club House', 'Parking', 'Power Backup']",8.55,1,26345538.81
P60120,Pune,Independent House,4002,5,1,4,7,14,Semi Furnished,"['Security', 'Club House', 'Parking']",9.87,2,49908614.85
P15883,Delhi,Villa,512,2,3,6,30,11,Unfurnished,"['Wi-Fi', 'Garden', 'Parking', 'Swimming Pool', 'Security', 'Power Backup']",6.7,3,47849663.23
P47794,Jaipur,Duplex,4018,1,4,2,9,11,Fully Furnished,"['Wi-Fi', 'Garden', 'Parking']",3.75,9,17472183.83
P53377,Bangalore,Apartment,4380,4,4,12,27,9,Semi Furnished,"['Security', 'Elevator', 'Club House', 'Parking', 'Garden', 'Power Backup']",9.24,9,38470335.75
P85149,Mumbai,Independent House,953,2,4,8,6,0,Fully Furnished,"['Club House', 'Wi-Fi', 'Elevator']",5.69,7,49535661.83
P37630,Delhi,Apartment,3567,1,2,17,22,6,Unfurnished,"['Swimming Pool', 'Elevator', 'Club House', 'Parking']",5.17,1,30499178.92
P12472,Hyderabad,Duplex,3962,4,1,14,6,13,Semi Furnished,"['Parking', 'Gym', 'Security', 'Club House', 'Wi-Fi', 'Power Backup']",4.94,6,47987008.28
P20418,Chennai,Independent House,2579,4,4,2,14,17,Unfurnished,"['Elevator', 'Club House', 'Garden', 'Swimming Pool']",5.7,7,40465981.98
P29371,Chandigarh,Independent House,1063,1,4,8,29,19,Semi Furnished,"['Parking', 'Wi-Fi', 'Gym']",4.8,4,18720166.96
P105867,Jaipur,Apartment,2163,1,2,2,15,0,Unfurnished,"['Elevator', 'Garden', 'Parking', 'Security', 'Club House']",4.68,2,9513255.81
P78800,Chennai,Penthouse,588,5,4,20,6,14,Semi Furnished,"['Elevator', 'Swimming Pool', 'Security', 'Wi-Fi']",7.28,1,12805508.58
P107834,Kolkata,Independent House,895,4,4,6,25,5,Fully Furnished,"['Club House', 'Elevator', 'Parking']",1.89,1,571301.72
P99350,Delhi,Studio,3949,5,3,4,22,17,Fully Furnished,"['Wi-Fi', 'Garden', 'Swimming Pool', 'Gym', 'Power Backup']",6.21,10,30332936.73
P101875,Jaipur,Apartment,3216,5,1,17,14,15,Semi Furnished,"['Swimming Pool', 'Elevator', 'Wi-Fi', 'Parking', 'Gym', 'Power Backup']",1.42,5,23797122.07
P45855,Jaipur,Independent House,1122,1,1,16,10,7,Semi Furnished,"['Swimming Pool', 'Power Backup', 'Club House', 'Wi-Fi', 'Security', 'Elevator']",7.6,6,15273524.1
P106952,Mumbai,Duplex,4413,2,1,3,11,20,Semi Furnished,"['Elevator', 'Garden', 'Wi-Fi', 'Gym', 'Security']",6.34,4,46154115.75
P67429,Chandigarh,Duplex,1246,3,1,5,22,14,Semi Furnished,"['Garden', 'Club House', 'Power Backup', 'Wi-Fi', 'Security', 'Gym']",8.7,5,41168795.4
P69093,Mumbai,Villa,2006,4,1,9,19,5,Fully Furnished,"['Parking', 'Gym', 'Power Backup', 'Club House', 'Security']",4.91,6,21510145.68
P37922,Bangalore,Apartment,2529,5,1,6,7,10,Fully Furnished,"['Wi-Fi', 'Swimming Pool', 'Garden', 'Power Backup', 'Gym']",4.07,2,38546522.25
P52962,Chennai,Villa,655,2,3,6,10,16,Unfurnished,"['Elevator', 'Parking', 'Club House', 'Garden', 'Gym', 'Security']",4.44,9,15029634.6
P51060,Bangalore,Penthouse,1964,2,3,15,18,2,Unfurnished,"['Garden', 'Security', 'Gym', 'Club House']",0.81,8,1443196.21
P87469,Chandigarh,Penthouse,3549,2,4,6,20,4,Semi Furnished,"['Club House', 'Wi-Fi', 'Swimming Pool', 'Gym']",7.59,10,26260814.62
P85071,Chandigarh,Penthouse,2199,5,2,11,6,13,Unfurnished,"['Security', 'Elevator', 'Power Backup']",6,8,5928929.17
P40831,Bangalore,Penthouse,3746,4,1,6,22,20,Fully Furnished,"['Garden', 'Wi-Fi', 'Elevator', 'Parking']",9.6,7,10476611.5
P71185,Delhi,Apartment,1381,5,2,13,10,7,Semi Furnished,"['Swimming Pool', 'Club House', 'Power Backup', 'Gym', 'Wi-Fi']",2.32,5,14350189.09
P19264,Pune,Penthouse,4751,1,1,17,18,18,Unfurnished,"['Parking', 'Garden', 'Gym', 'Security', 'Elevator']",6.76,3,38001849.86
P39817,Chandigarh,Studio,3813,3,1,17,5,4,Fully Furnished,"['Power Backup', 'Wi-Fi', 'Parking', 'Garden']",9.7,1,37138692.11
P14866,Jaipur,Apartment,1117,3,4,11,14,5,Semi Furnished,"['Garden', 'Gym', 'Swimming Pool']",6.73,8,14226041.99
P88923,Kolkata,Villa,1498,4,4,14,29,0,Fully Furnished,"['Club House', 'Garden', 'Elevator']",2.51,5,47209144.04
P78918,Mumbai,Villa,2393,2,1,17,10,9,Unfurnished,"['Security', 'Club House', 'Garden', 'Parking', 'Gym', 'Swimming Pool']",4.12,1,24584795.02
P95953,Pune,Penthouse,2642,5,3,3,29,11,Semi Furnished,"['Gym', 'Parking', 'Swimming Pool', 'Security', 'Garden', 'Elevator']",3.31,1,19761030.38
P90509,Chandigarh,Villa,1209,3,3,6,16,6,Unfurnished,"['Wi-Fi', 'Elevator', 'Garden', 'Power Backup', 'Gym']",7.93,9,36650978.29
P58816,Mumbai,Apartment,574,2,3,16,29,6,Unfurnished,"['Power Backup', 'Gym', 'Garden']",2.26,7,6239926.07
P10588,Kolkata,Penthouse,4557,1,1,10,17,6,Unfurnished,"['Wi-Fi', 'Power Backup', 'Security']",3.93,6,25367186.59
P95595,Mumbai,Penthouse,4002,5,1,20,7,16,Fully Furnished,"['Parking', 'Swimming Pool', 'Power Backup', 'Security', 'Elevator']",3.98,3,13432677.73
P55021,Chandigarh,Studio,1195,2,2,15,29,0,Semi Furnished,"['Wi-Fi', 'Gym', 'Club House', 'Parking', 'Security']",6.71,4,19706643.72
P24579,Chennai,Penthouse,941,3,4,17,25,3,Fully Furnished,"['Parking', 'Gym', 'Security', 'Club House']",4.46,6,28638145.45
P101634,Mumbai,Villa,1528,2,2,10,26,10,Semi Furnished,"['Garden', 'Wi-Fi', 'Gym']",1.36,1,25481211.02
P31405,Chennai,Independent House,3258,5,3,9,22,8,Semi Furnished,"['Gym', 'Elevator', 'Parking', 'Club House', 'Wi-Fi', 'Security']",2.39,9,49749593.16
P20719,Delhi,Penthouse,3917,1,4,3,13,3,Unfurnished,"['Garden', 'Gym', 'Parking', 'Elevator', 'Swimming Pool']",7.42,7,32800825.97
P47032,Jaipur,Duplex,2680,4,1,3,15,5,Fully Furnished,"['Wi-Fi', 'Power Backup', 'Club House', 'Gym']",0.72,10,5989171.8
P94295,Jaipur,Independent House,4218,5,2,4,12,20,Semi Furnished,"['Wi-Fi', 'Power Backup', 'Swimming Pool', 'Parking', 'Elevator']",5.17,5,49862447.42
P30525,Chandigarh,Villa,2130,3,4,1,25,10,Unfurnished,"['Gym', 'Club House', 'Wi-Fi']",7.28,2,20423477.62
P80685,Mumbai,Independent House,4705,2,3,1,25,17,Semi Furnished,"['Elevator', 'Wi-Fi', 'Gym', 'Security', 'Power Backup', 'Swimming Pool']",4.39,5,18203249.43
P33765,Delhi,Independent House,723,1,4,13,26,15,Unfurnished,"['Gym', 'Security', 'Swimming Pool']",4.31,1,43985727.19
P29258,Hyderabad,Studio,3169,4,4,15,23,6,Unfurnished,"['Elevator', 'Gym', 'Parking', 'Garden', 'Power Backup', 'Swimming Pool']",9.26,2,22559789.72
P45172,Chennai,Apartment,2213,5,2,14,13,6,Semi Furnished,"['Wi-Fi', 'Club House', 'Security', 'Power Backup', 'Elevator']",2.98,6,10095800.97
P97823,Ahmedabad,Independent House,1213,3,2,19,26,15,Fully Furnished,"['Elevator', 'Club House', 'Garden']",7.19,5,29659334.44
P55686,Delhi,Villa,4845,4,4,15,19,5,Unfurnished,"['Wi-Fi', 'Garden', 'Gym', 'Club House']",3.03,10,47925707.15
P13867,Chennai,Independent House,745,2,2,12,28,7,Semi Furnished,"['Club House', 'Power Backup', 'Security']",2.72,4,27165905.83
P86766,Jaipur,Penthouse,4326,4,2,14,9,12,Unfurnished,"['Club House', 'Garden', 'Parking']",1.81,3,8772624.01
P86693,Pune,Apartment,1699,5,1,2,17,13,Unfurnished,"['Gym', 'Garden', 'Security']",2.78,2,20579118.92
P86869,Mumbai,Penthouse,3175,4,1,10,18,14,Semi Furnished,"['Club House', 'Elevator', 'Security', 'Garden', 'Power Backup']",2.08,9,46123783.12
P107190,Hyderabad,Apartment,4194,2,1,1,7,7,Semi Furnished,"['Wi-Fi', 'Security', 'Parking', 'Power Backup', 'Elevator', 'Club House']",8.66,1,32893436.6
P63698,Kolkata,Independent House,2975,3,1,19,28,3,Fully Furnished,"['Wi-Fi', 'Power Backup', 'Swimming Pool']",4.85,1,46143546.54
P76922,Bangalore,Studio,4964,2,4,10,26,10,Unfurnished,"['Elevator', 'Power Backup', 'Wi-Fi', 'Gym', 'Parking', 'Club House']",6.97,8,21236550.68
P103442,Delhi,Penthouse,3680,4,2,17,17,11,Semi Furnished,"['Wi-Fi', 'Gym', 'Power Backup', 'Club House', 'Elevator', 'Security']",3.22,4,46547047.92
P98769,Chandigarh,Independent House,4344,3,4,1,18,8,Fully Furnished,"['Garden', 'Club House', 'Elevator', 'Security']",7.95,10,17697202.01
P96294,Kolkata,Studio,4609,4,3,12,7,15,Semi Furnished,"['Power Backup', 'Elevator', 'Club House', 'Garden']",2.42,7,47746211.71
P98918,Bangalore,Independent House,2808,3,3,6,25,18,Semi Furnished,"['Swimming Pool', 'Gym', 'Garden', 'Wi-Fi', 'Elevator']",2.92,4,23448377.98
P38895,Chennai,Duplex,3376,5,1,16,22,18,Unfurnished,"['Elevator', 'Wi-Fi', 'Swimming Pool']",7.51,6,9148579.46
P33795,Chandigarh,Studio,1161,5,2,8,26,6,Unfurnished,"['Wi-Fi', 'Gym', 'Club House']",5.3,3,21035128.08
P16682,Ahmedabad,Duplex,1081,4,2,11,30,20,Unfurnished,"['Security', 'Elevator', 'Parking', 'Gym', 'Wi-Fi']",7.76,5,26525242.82
P39206,Bangalore,Apartment,1650,2,1,14,8,1,Unfurnished,"['Wi-Fi', 'Garden', 'Elevator', 'Security', 'Power Backup']",9.16,7,8004648.82
P20388,Jaipur,Independent House,2556,5,2,13,13,0,Semi Furnished,"['Power Backup', 'Swimming Pool', 'Gym', 'Security', 'Club House', 'Wi-Fi']",7.81,9,17699790.87
P94854,Chennai,Apartment,1145,3,3,17,13,5,Unfurnished,"['Security', 'Wi-Fi', 'Garden', 'Swimming Pool', 'Power Backup']",2.29,5,20103884.66
P67705,Kolkata,Independent House,904,3,2,2,14,19,Semi Furnished,"['Swimming Pool', 'Power Backup', 'Wi-Fi', 'Club House', 'Garden', 'Security']",2.95,8,43726998.7
P53533,Delhi,Independent House,4375,2,1,3,17,13,Fully Furnished,"['Wi-Fi', 'Club House', 'Gym']",7.92,2,18030563.29
P26109,Chandigarh,Independent House,2297,2,3,20,20,19,Fully Furnished,"['Garden', 'Wi-Fi', 'Security', 'Gym', 'Power Backup', 'Elevator']",3.55,10,30017570.94
P70175,Hyderabad,Duplex,2053,4,1,10,27,19,Fully Furnished,"['Club House', 'Garden', 'Swimming Pool', 'Wi-Fi', 'Parking']",1.32,8,41825696.61
P53989,Chennai,Studio,1299,3,2,3,24,13,Semi Furnished,"['Parking', 'Gym', 'Security', 'Power Backup', 'Garden', 'Swimming Pool']",3.08,7,45015929.54
P31918,Pune,Independent House,2541,3,2,2,9,0,Fully Furnished,"['Club House', 'Gym', 'Parking', 'Security', 'Garden', 'Wi-Fi']",7.7,4,49476209.05
P101965,Jaipur,Independent House,742,2,1,12,26,12,Fully Furnished,"['Gym', 'Wi-Fi', 'Swimming Pool', 'Club House', 'Garden']",2.64,2,18820503.64
P79848,Chennai,Studio,4406,5,2,15,11,1,Unfurnished,"['Club House', 'Elevator', 'Garden']",4.31,5,14434285.56
P76254,Delhi,Apartment,3078,3,4,8,29,8,Semi Furnished,"['Security', 'Gym', 'Power Backup', 'Swimming Pool', 'Parking', 'Garden']",5.94,6,44732363.91
P69811,Delhi,Villa,2357,3,4,13,29,4,Unfurnished,"['Wi-Fi', 'Security', 'Garden', 'Power Backup']",5.48,2,45204798.6
P59193,Chandigarh,Penthouse,3904,3,4,6,19,17,Fully Furnished,"['Gym', 'Parking', 'Security', 'Elevator', 'Power Backup']",4.36,10,21402749.09
P76962,Pune,Duplex,1573,5,4,12,30,20,Unfurnished,"['Swimming Pool', 'Club House', 'Security']",7.79,10,3831386.59
P33796,Ahmedabad,Penthouse,2070,4,1,1,22,3,Fully Furnished,"['Club House', 'Power Backup', 'Garden', 'Wi-Fi']",5.7,8,46899911.99
P33004,Mumbai,Apartment,1104,3,4,6,7,4,Unfurnished,"['Security', 'Parking', 'Elevator', 'Gym', 'Swimming Pool', 'Wi-Fi']",6.89,9,37055554.18
P92227,Delhi,Apartment,3093,1,2,15,25,4,Fully Furnished,"['Wi-Fi', 'Power Backup', 'Parking']",1.23,3,27561431.69
P74364,Pune,Independent House,1043,4,1,2,28,8,Unfurnished,"['Parking', 'Wi-Fi', 'Elevator', 'Swimming Pool']",5.06,6,24795377.76
P28789,Bangalore,Apartment,3877,1,1,15,8,0,Unfurnished,"['Club House', 'Gym', 'Power Backup', 'Elevator', 'Security', 'Swimming Pool']",4.13,3,11280962.01
P18285,Ahmedabad,Apartment,1366,4,4,1,28,1,Fully Furnished,"['Swimming Pool', 'Garden', 'Club House', 'Parking', 'Elevator']",8.47,1,27865180.22
P87079,Chandigarh,Apartment,4331,2,1,13,19,0,Unfurnished,"['Garden', 'Power Backup', 'Club House', 'Gym']",8.81,8,30002373.22
P29080,Mumbai,Studio,1885,4,1,17,8,2,Unfurnished,"['Garden', 'Elevator', 'Swimming Pool', 'Gym', 'Wi-Fi', 'Power Backup']",6.19,2,32496235.86
P36490,Bangalore,Independent House,4264,3,4,3,10,18,Fully Furnished,"['Garden', 'Wi-Fi', 'Gym', 'Swimming Pool']",3.25,8,38025166.58
P89845,Pune,Apartment,4143,4,4,4,15,20,Unfurnished,"['Garden', 'Gym', 'Elevator', 'Parking', 'Wi-Fi', 'Swimming Pool']",4.57,6,3326493.1
P29858,Kolkata,Apartment,2163,5,4,2,30,18,Unfurnished,"['Elevator', 'Power Backup', 'Garden', 'Parking']",6.16,4,10664157.62
P55354,Pune,Duplex,2028,5,1,7,26,5,Unfurnished,"['Elevator', 'Wi-Fi', 'Gym']",9.75,8,33631970.81
P94351,Mumbai,Studio,3423,5,3,1,22,7,Semi Furnished,"['Swimming Pool', 'Elevator', 'Gym', 'Garden', 'Club House', 'Parking']",3.42,8,37059324.16
P86442,Ahmedabad,Studio,3632,3,4,20,18,16,Semi Furnished,"['Garden', 'Club House', 'Parking']",1.17,6,39636395.82
P10069,Ahmedabad,Villa,3093,2,2,6,16,13,Unfurnished,"['Swimming Pool', 'Security', 'Wi-Fi']",3.78,8,31698858.16
P29632,Pune,Villa,818,2,2,7,15,11,Fully Furnished,"['Gym', 'Security', 'Parking', 'Elevator']",1.29,9,42467725.74
P42921,Bangalore,Studio,3415,1,3,16,28,15,Fully Furnished,"['Power Backup', 'Elevator', 'Garden', 'Parking', 'Security']",8.15,5,19727814.8
P79549,Bangalore,Apartment,3569,4,1,19,14,10,Semi Furnished,"['Gym', 'Parking', 'Garden', 'Security']",4.99,7,40953227.01
P69296,Mumbai,Studio,789,2,4,11,9,5,Unfurnished,"['Garden', 'Parking', 'Security']",5.06,1,20861406.21
P39699,Chandigarh,Apartment,1707,2,2,10,13,2,Fully Furnished,"['Garden', 'Elevator', 'Security']",7.06,5,33328677.74
P61959,Ahmedabad,Duplex,2491,4,1,13,30,4,Fully Furnished,"['Swimming Pool', 'Elevator', 'Gym', 'Wi-Fi', 'Parking']",1.35,1,26003575.68
P83469,Delhi,Studio,2570,3,2,16,29,5,Fully Furnished,"['Club House', 'Security', 'Power Backup', 'Gym', 'Garden', 'Swimming Pool']",3.41,2,4988041.01
P15783,Mumbai,Apartment,2651,3,3,3,6,16,Fully Furnished,"['Swimming Pool', 'Garden', 'Power Backup']",9.9,9,45976998.19
P89677,Delhi,Penthouse,4048,5,1,11,12,4,Unfurnished,"['Gym', 'Garden', 'Power Backup', 'Club House', 'Parking', 'Swimming Pool']",6.85,6,36684725.17
P60929,Ahmedabad,Villa,3202,5,4,1,17,18,Unfurnished,"['Garden', 'Gym', 'Wi-Fi', 'Parking', 'Club House']",9.6,6,20544954.65
P75550,Chandigarh,Duplex,2323,4,3,16,8,4,Semi Furnished,"['Swimming Pool', 'Gym', 'Elevator']",2.9,5,18769381.68
P77145,Mumbai,Penthouse,3352,4,2,8,6,14,Semi Furnished,"['Gym', 'Elevator', 'Club House', 'Security']",5.65,9,11290654.74
P45346,Pune,Villa,2445,5,2,18,9,4,Fully Furnished,"['Parking', 'Power Backup', 'Wi-Fi', 'Gym', 'Garden']",7,2,6121479.28
P71110,Kolkata,Apartment,1253,4,3,6,18,7,Fully Furnished,"['Gym', 'Power Backup', 'Elevator', 'Swimming Pool', 'Club House', 'Garden']",6.71,8,43733876.43
P12893,Jaipur,Studio,2321,4,2,2,19,6,Fully Furnished,"['Swimming Pool', 'Gym', 'Power Backup']",3.55,6,38825785.4
P33120,Delhi,Penthouse,1544,5,4,16,28,0,Semi Furnished,"['Power Backup', 'Elevator', 'Gym', 'Parking', 'Wi-Fi']",1.76,3,32971141.23
P26087,Ahmedabad,Villa,2341,2,3,16,6,9,Fully Furnished,"['Security', 'Gym', 'Club House', 'Garden', 'Power Backup', 'Elevator']",3.52,3,14019466.37
P15879,Pune,Independent House,2849,4,2,19,12,2,Fully Furnished,"['Security', 'Garden', 'Elevator', 'Gym', 'Club House']",9.61,7,38464530.06
P30136,Bangalore,Villa,1108,4,2,12,5,0,Unfurnished,"['Club House', 'Parking', 'Security', 'Elevator', 'Wi-Fi']",1.8,1,17538282.99
P63334,Mumbai,Apartment,3147,1,4,16,9,18,Fully Furnished,"['Power Backup', 'Club House', 'Wi-Fi', 'Gym', 'Elevator']",4.96,8,11396391.91
P24125,Kolkata,Duplex,3067,5,3,16,19,17,Unfurnished,"['Swimming Pool', 'Wi-Fi', 'Gym', 'Security']",3.1,5,33890965.53
P96159,Pune,Studio,895,5,1,16,8,9,Fully Furnished,"['Wi-Fi', 'Security', 'Club House', 'Garden']",7.86,8,9159907.36
P63100,Hyderabad,Studio,4273,4,1,5,27,5,Unfurnished,"['Parking', 'Elevator', 'Wi-Fi', 'Garden', 'Swimming Pool', 'Power Backup']",6.71,7,19125316.33
P24298,Chennai,Duplex,1550,3,3,9,23,15,Unfurnished,"['Parking', 'Power Backup', 'Elevator', 'Wi-Fi']",7.34,8,49929071.24
P54421,Mumbai,Duplex,934,1,2,4,6,6,Fully Furnished,"['Club House', 'Gym', 'Power Backup', 'Wi-Fi']",2.57,3,6129181.11
P66413,Bangalore,Independent House,4984,3,3,16,17,11,Semi Furnished,"['Gym', 'Power Backup', 'Security', 'Club House', 'Parking']",7.43,8,48310020.43
P26232,Chandigarh,Penthouse,3772,2,4,1,17,13,Fully Furnished,"['Security', 'Elevator', 'Swimming Pool', 'Power Backup', 'Wi-Fi', 'Parking']",1.71,4,41451677.43
P43298,Kolkata,Penthouse,996,1,1,19,15,0,Semi Furnished,"['Gym', 'Wi-Fi', 'Garden', 'Club House']",6.56,8,46774260.26
P44843,Chandigarh,Penthouse,4469,2,4,13,13,6,Fully Furnished,"['Gym', 'Swimming Pool', 'Garden', 'Parking', 'Elevator']",9.18,7,47786312.86
P14447,Ahmedabad,Apartment,1144,3,2,10,12,17,Semi Furnished,"['Gym', 'Club House', 'Garden', 'Security']",7.61,4,23536796.19
P75756,Mumbai,Villa,1551,4,4,6,25,2,Semi Furnished,"['Parking', 'Power Backup', 'Wi-Fi', 'Elevator']",6.85,6,48688969.6
P57850,Hyderabad,Apartment,3815,1,2,1,18,19,Unfurnished,"['Power Backup', 'Gym', 'Garden']",9.47,3,21133181.03
P100573,Chandigarh,Villa,1086,2,4,4,25,20,Unfurnished,"['Gym', 'Swimming Pool', 'Garden', 'Club House', 'Parking']",1.31,5,49433159.02
P50168,Chennai,Independent House,2324,4,4,20,13,0,Unfurnished,"['Parking', 'Power Backup', 'Wi-Fi', 'Swimming Pool', 'Gym']",2.32,2,23866040.44
P73511,Hyderabad,Studio,3390,5,2,7,26,5,Semi Furnished,"['Security', 'Gym', 'Parking', 'Power Backup']",5.23,3,46402712.24
P50342,Hyderabad,Apartment,2808,5,1,8,16,1,Fully Furnished,"['Swimming Pool', 'Elevator', 'Power Backup']",8.64,9,40924625.74
P97657,Pune,Duplex,3566,5,3,18,10,3,Unfurnished,"['Parking', 'Security', 'Gym', 'Elevator', 'Power Backup']",3.77,10,48602080.88
P108300,Ahmedabad,Villa,2160,4,4,18,10,15,Fully Furnished,"['Swimming Pool', 'Garden', 'Parking']",7.87,1,45497889.07
P81768,Hyderabad,Independent House,2147,3,1,14,25,8,Fully Furnished,"['Swimming Pool', 'Club House', 'Gym', 'Power Backup', 'Garden', 'Elevator']",9.84,1,21564517.93
P79637,Delhi,Villa,1894,5,4,15,14,15,Fully Furnished,"['Security', 'Wi-Fi', 'Elevator', 'Garden', 'Swimming Pool', 'Gym']",0.72,2,6599995.32
P84838,Mumbai,Duplex,2277,3,2,6,12,9,Semi Furnished,"['Elevator', 'Club House', 'Wi-Fi', 'Power Backup']",6.5,2,16394699.37
P89083,Chandigarh,Independent House,2519,4,1,7,22,1,Semi Furnished,"['Elevator', 'Gym', 'Parking', 'Club House', 'Security']",8.45,8,24683191.57
P69468,Bangalore,Studio,2918,3,3,17,14,20,Fully Furnished,"['Club House', 'Wi-Fi', 'Garden', 'Security', 'Parking', 'Power Backup']",9.26,6,2157072.51
P21659,Jaipur,Studio,3147,1,2,11,12,2,Unfurnished,"['Swimming Pool', 'Garden', 'Wi-Fi', 'Club House', 'Parking', 'Security']",2.55,7,39508459.47
P44034,Chennai,Apartment,2911,3,2,7,7,14,Unfurnished,"['Power Backup', 'Wi-Fi', 'Elevator']",7.82,4,5671150.55
P95381,Ahmedabad,Studio,2142,1,2,11,28,14,Unfurnished,"['Garden', 'Swimming Pool', 'Parking', 'Power Backup']",6.64,6,28848499.68
P100935,Delhi,Villa,1413,4,4,6,16,0,Fully Furnished,"['Gym', 'Garden', 'Elevator']",4.22,3,16674965.49
P88107,Delhi,Villa,4027,4,4,3,21,6,Unfurnished,"['Garden', 'Swimming Pool', 'Power Backup', 'Elevator', 'Parking', 'Wi-Fi']",0.7,6,46873908.83
P88245,Delhi,Duplex,4171,2,2,11,25,9,Semi Furnished,"['Club House', 'Elevator', 'Power Backup', 'Gym', 'Security']",1.57,9,46088924.59
P57035,Mumbai,Apartment,2095,4,2,1,17,3,Semi Furnished,"['Swimming Pool', 'Club House', 'Security']",8.95,9,28176491.2
P36425,Kolkata,Duplex,2188,1,2,16,23,7,Unfurnished,"['Wi-Fi', 'Club House', 'Power Backup', 'Elevator']",9.77,10,31600932.83
P42339,Jaipur,Villa,4909,1,4,3,26,16,Unfurnished,"['Parking', 'Elevator', 'Gym', 'Garden']",6.97,3,32290899.84
P88778,Kolkata,Duplex,2598,4,2,11,25,10,Unfurnished,"['Gym', 'Power Backup', 'Swimming Pool', 'Elevator', 'Parking']",7.35,6,38625098.05
P93087,Delhi,Villa,1757,4,1,7,13,10,Unfurnished,"['Power Backup', 'Wi-Fi', 'Security', 'Club House']",9.55,7,13273071.29
P83282,Jaipur,Penthouse,3079,3,2,10,27,16,Semi Furnished,"['Gym', 'Garden', 'Club House', 'Parking', 'Swimming Pool']",6.08,10,44878659.75
P60390,Chandigarh,Villa,4379,1,1,11,13,3,Semi Furnished,"['Elevator', 'Swimming Pool', 'Garden', 'Gym']",5.78,10,18998489.33
P26296,Chennai,Independent House,2401,2,1,10,29,19,Fully Furnished,"['Elevator', 'Swimming Pool', 'Security', 'Parking']",1.31,2,34624029.9
P90795,Jaipur,Independent House,4234,2,2,7,12,15,Unfurnished,"['Garden', 'Club House', 'Swimming Pool', 'Elevator']",8.69,5,29955187.62
P15773,Mumbai,Apartment,3918,2,3,7,30,15,Semi Furnished,"['Parking', 'Garden', 'Power Backup', 'Gym', 'Club House', 'Security']",4.02,3,12205017.69
P61391,Bangalore,Duplex,534,3,2,8,26,14,Semi Furnished,"['Wi-Fi', 'Garden', 'Swimming Pool', 'Parking', 'Club House', 'Elevator']",8.77,5,25409148.72
P72092,Delhi,Duplex,3413,5,1,7,30,8,Unfurnished,"['Power Backup', 'Swimming Pool', 'Parking', 'Gym', 'Security', 'Garden']",8.82,8,27553528.18
P24508,Kolkata,Apartment,4091,2,4,7,28,16,Fully Furnished,"['Parking', 'Elevator', 'Wi-Fi', 'Power Backup']",5.23,4,33850010.69
P68335,Ahmedabad,Apartment,3921,1,1,2,11,9,Unfurnished,"['Swimming Pool', 'Wi-Fi', 'Elevator', 'Gym', 'Parking', 'Club House']",9.7,3,23171461.7
P63854,Delhi,Apartment,3248,2,3,4,14,11,Semi Furnished,"['Power Backup', 'Club House', 'Wi-Fi', 'Parking']",0.55,2,2038035.2
P89926,Hyderabad,Penthouse,4380,3,3,8,22,8,Semi Furnished,"['Power Backup', 'Club House', 'Security']",3.36,2,4604059.47
P85307,Bangalore,Apartment,4769,2,2,12,6,20,Fully Furnished,"['Parking', 'Gym', 'Elevator', 'Club House', 'Garden']",4.82,10,40619813.35
P109967,Chennai,Penthouse,1622,4,3,14,7,7,Fully Furnished,"['Parking', 'Wi-Fi', 'Swimming Pool']",5.64,7,34489231.47
P12073,Chandigarh,Studio,1181,1,3,7,22,7,Fully Furnished,"['Elevator', 'Security', 'Swimming Pool', 'Gym', 'Club House']",3.67,4,48104676.59
P29059,Chennai,Penthouse,2007,1,1,2,19,7,Unfurnished,"['Garden', 'Elevator', 'Swimming Pool', 'Power Backup']",4.22,5,21024853.58
P91476,Pune,Villa,3587,2,1,8,8,1,Fully Furnished,"['Club House', 'Wi-Fi', 'Garden']",5.28,7,24474178.72
P109907,Ahmedabad,Apartment,4428,2,4,14,15,19,Unfurnished,"['Parking', 'Wi-Fi', 'Club House']",4.12,2,27834768.21
P99559,Hyderabad,Penthouse,2275,1,3,10,11,17,Unfurnished,"['Swimming Pool', 'Garden', 'Elevator']",4.71,5,45385092.35
P56052,Ahmedabad,Independent House,3751,4,4,3,20,20,Fully Furnished,"['Club House', 'Security', 'Parking', 'Gym']",8.38,8,1100818.45
P77225,Bangalore,Penthouse,4565,5,2,13,19,1,Fully Furnished,"['Garden', 'Security', 'Elevator', 'Wi-Fi', 'Parking', 'Swimming Pool']",8.75,1,27653072.71
P96343,Mumbai,Studio,4726,3,4,15,15,12,Semi Furnished,"['Club House', 'Power Backup', 'Security', 'Wi-Fi', 'Garden']",3.22,8,30306125.3
P11426,Jaipur,Penthouse,3954,2,2,18,26,0,Unfurnished,"['Power Backup', 'Club House', 'Gym', 'Swimming Pool']",3.24,2,46855030.06
P82187,Bangalore,Apartment,632,2,4,2,22,16,Unfurnished,"['Power Backup', 'Garden', 'Swimming Pool']",1.94,8,16289572.4
P65632,Kolkata,Studio,1764,2,1,12,29,8,Fully Furnished,"['Garden', 'Power Backup', 'Security', 'Elevator', 'Parking']",6.08,3,12832081.87
P32975,Jaipur,Villa,2251,3,2,19,9,19,Fully Furnished,"['Club House', 'Gym', 'Security', 'Garden', 'Swimming Pool', 'Wi-Fi']",5.73,7,3126938.58
P54520,Hyderabad,Duplex,2581,4,3,7,23,10,Fully Furnished,"['Swimming Pool', 'Power Backup', 'Gym', 'Wi-Fi']",3.26,7,13209612.71
P63429,Hyderabad,Apartment,708,3,2,19,18,14,Semi Furnished,"['Garden', 'Wi-Fi', 'Power Backup']",6.96,6,46587972.56
P84042,Bangalore,Independent House,3034,5,2,11,5,11,Fully Furnished,"['Garden', 'Power Backup', 'Wi-Fi', 'Gym']",9.68,8,39429992.95
P67527,Pune,Villa,3968,4,2,17,21,18,Semi Furnished,"['Wi-Fi', 'Gym', 'Power Backup', 'Garden', 'Security', 'Club House']",3.59,6,43548964.22
P88700,Mumbai,Villa,2978,4,1,12,6,9,Fully Furnished,"['Power Backup', 'Parking', 'Gym', 'Wi-Fi', 'Security', 'Swimming Pool']",8.02,6,7920656
P16646,Kolkata,Independent House,2942,3,3,9,6,3,Unfurnished,"['Elevator', 'Wi-Fi', 'Power Backup', 'Swimming Pool', 'Security']",3.53,7,16974195.66
P65925,Jaipur,Duplex,3217,4,4,15,5,12,Unfurnished,"['Swimming Pool', 'Elevator', 'Security', 'Parking']",4.97,9,9746545.38
P26306,Mumbai,Independent House,4267,2,3,2,16,10,Fully Furnished,"['Wi-Fi', 'Garden', 'Gym', 'Swimming Pool', 'Power Backup']",10,9,48160590.26
P72896,Ahmedabad,Villa,4528,3,4,20,20,16,Unfurnished,"['Gym', 'Power Backup', 'Club House', 'Wi-Fi']",1.64,8,43399453.85
P99650,Delhi,Duplex,4230,1,2,7,24,12,Semi Furnished,"['Elevator', 'Swimming Pool', 'Parking', 'Garden', 'Club House', 'Gym']",3.4,6,48611807.47
P102851,Bangalore,Duplex,3205,1,1,18,26,20,Fully Furnished,"['Parking', 'Elevator', 'Security']",6.02,7,24417033.95
P98139,Mumbai,Penthouse,773,5,4,2,25,8,Fully Furnished,"['Elevator', 'Gym', 'Wi-Fi', 'Swimming Pool']",1.29,2,46385743.29
P57627,Pune,Studio,1497,3,1,16,11,3,Unfurnished,"['Gym', 'Wi-Fi', 'Parking', 'Swimming Pool']",5.12,1,13727114.02
P52190,Hyderabad,Studio,3704,2,1,6,7,8,Fully Furnished,"['Security', 'Wi-Fi', 'Elevator', 'Parking', 'Garden']",1.03,4,3016148.17
P38687,Delhi,Penthouse,850,3,3,5,11,13,Semi Furnished,"['Elevator', 'Club House', 'Gym', 'Wi-Fi']",7.16,7,42451790.28
P97226,Kolkata,Apartment,2223,2,2,12,19,5,Fully Furnished,"['Swimming Pool', 'Elevator', 'Wi-Fi', 'Parking', 'Security', 'Club House']",2.92,7,27851716.53
P44133,Kolkata,Duplex,4555,1,4,14,16,10,Semi Furnished,"['Parking', 'Club House', 'Power Backup', 'Security', 'Swimming Pool']",7.18,6,35840386.34
P72906,Delhi,Studio,2669,1,2,2,26,17,Semi Furnished,"['Elevator', 'Parking', 'Garden', 'Club House', 'Gym']",6.36,9,568177.92
P106332,Mumbai,Penthouse,2352,4,3,11,26,0,Semi Furnished,"['Garden', 'Club House', 'Security']",2.99,7,32684247.27
P73995,Mumbai,Studio,3236,1,2,18,15,17,Fully Furnished,"['Wi-Fi', 'Gym', 'Garden', 'Parking', 'Swimming Pool']",4.23,4,14484585.48
P40726,Hyderabad,Duplex,2391,2,3,1,6,0,Fully Furnished,"['Security', 'Parking', 'Wi-Fi']",9.86,2,34589542.25
P13793,Ahmedabad,Apartment,1968,5,3,11,14,13,Unfurnished,"['Club House', 'Garden', 'Swimming Pool', 'Security']",2.87,9,19225312.77
P63555,Hyderabad,Independent House,1844,4,4,4,5,13,Unfurnished,"['Elevator', 'Club House', 'Garden', 'Gym', 'Parking']",4.25,4,5526026.34
P74497,Bangalore,Apartment,1979,5,2,10,8,10,Fully Furnished,"['Gym', 'Wi-Fi', 'Club House', 'Power Backup', 'Security', 'Swimming Pool']",9.22,8,20339975.32
P35390,Chennai,Independent House,2209,5,4,17,23,17,Fully Furnished,"['Parking', 'Garden', 'Power Backup', 'Wi-Fi', 'Club House', 'Elevator']",4.02,8,36194438.44
P65355,Chennai,Apartment,501,2,3,4,13,14,Fully Furnished,"['Elevator', 'Gym', 'Parking', 'Swimming Pool', 'Security', 'Garden']",1.88,1,35652605.12
P102757,Kolkata,Penthouse,1929,3,1,14,12,6,Semi Furnished,"['Power Backup', 'Wi-Fi', 'Security', 'Swimming Pool']",4.71,1,40586468.96
P93338,Chennai,Apartment,4249,3,2,10,24,4,Semi Furnished,"['Security', 'Elevator', 'Gym']",6.67,10,46577934.56
P74382,Mumbai,Villa,3010,3,4,13,30,13,Unfurnished,"['Power Backup', 'Gym', 'Garden']",2.6,9,37580666.24
P20521,Chennai,Villa,1824,4,2,7,10,13,Fully Furnished,"['Swimming Pool', 'Gym', 'Security']",9.57,9,38684708.22
P95097,Kolkata,Villa,1059,2,2,3,7,13,Fully Furnished,"['Wi-Fi', 'Parking', 'Swimming Pool', 'Garden', 'Gym', 'Power Backup']",7.99,1,32973070.97
P43218,Pune,Villa,1647,1,4,3,19,16,Semi Furnished,"['Club House', 'Security', 'Parking', 'Swimming Pool']",0.97,1,46764907.83
P78510,Chennai,Penthouse,3998,1,1,18,11,2,Unfurnished,"['Garden', 'Wi-Fi', 'Gym']",8.56,1,44797491.2
P25450,Bangalore,Penthouse,945,5,3,2,27,14,Semi Furnished,"['Club House', 'Power Backup', 'Gym', 'Swimming Pool', 'Elevator']",7.05,4,9765311.81
P109828,Pune,Penthouse,3737,5,3,9,30,5,Fully Furnished,"['Gym', 'Power Backup', 'Garden', 'Club House']",3.77,10,909465.54
P61295,Ahmedabad,Penthouse,3449,2,3,12,8,12,Fully Furnished,"['Power Backup', 'Wi-Fi', 'Swimming Pool', 'Security', 'Parking', 'Club House']",9.06,7,3200879.93
P25758,Chandigarh,Studio,1766,3,2,18,15,18,Semi Furnished,"['Club House', 'Security', 'Gym']",5.47,9,37055938.73
P102192,Ahmedabad,Apartment,677,4,3,20,14,13,Semi Furnished,"['Club House', 'Parking', 'Elevator']",8.07,6,24140177.94
P11550,Pune,Studio,2990,1,2,19,16,0,Fully Furnished,"['Wi-Fi', 'Swimming Pool', 'Power Backup', 'Club House']",0.55,2,42569834.59
P16244,Hyderabad,Duplex,4036,5,1,5,13,18,Semi Furnished,"['Garden', 'Parking', 'Power Backup', 'Club House', 'Security', 'Elevator']",9.53,4,15697275.16
P14363,Chandigarh,Penthouse,2062,2,3,17,27,15,Fully Furnished,"['Swimming Pool', 'Club House', 'Gym', 'Elevator', 'Security', 'Parking']",3.49,4,25576137.97
P66684,Chennai,Duplex,801,1,2,5,16,1,Fully Furnished,"['Swimming Pool', 'Club House', 'Garden']",0.71,7,36547767.44
P14558,Mumbai,Studio,664,1,1,11,12,15,Unfurnished,"['Swimming Pool', 'Security', 'Garden']",3.08,9,18529285.87
P80821,Bangalore,Villa,1397,1,3,15,12,1,Fully Furnished,"['Club House', 'Gym', 'Security', 'Power Backup', 'Wi-Fi', 'Elevator']",5.28,7,16903455.76
P14018,Hyderabad,Penthouse,3773,1,4,5,29,0,Fully Furnished,"['Wi-Fi', 'Power Backup', 'Gym', 'Elevator', 'Security']",0.53,1,17737728.75
P23840,Pune,Independent House,4485,2,4,11,14,20,Fully Furnished,"['Parking', 'Elevator', 'Gym', 'Club House']",10,5,10528644.9
P67997,Delhi,Independent House,1995,5,2,8,23,19,Fully Furnished,"['Wi-Fi', 'Security', 'Club House']",3.1,9,31182076.4
P38225,Delhi,Duplex,3935,4,4,16,27,10,Semi Furnished,"['Power Backup', 'Garden', 'Club House', 'Parking', 'Security']",7.44,7,39189611.29
P34586,Mumbai,Studio,1803,4,1,5,7,18,Semi Furnished,"['Gym', 'Security', 'Swimming Pool', 'Club House', 'Garden']",6.92,6,10652657.84
P55320,Bangalore,Apartment,1625,1,1,20,28,1,Semi Furnished,"['Security', 'Swimming Pool', 'Power Backup', 'Gym', 'Club House']",9.41,6,43571789.34
P47965,Chandigarh,Studio,2187,4,3,14,21,18,Unfurnished,"['Garden', 'Security', 'Gym']",7.75,3,45596381.89
P92455,Chandigarh,Duplex,3339,1,4,5,11,10,Unfurnished,"['Elevator', 'Wi-Fi', 'Swimming Pool', 'Garden']",8.52,7,14947144.41
P85597,Delhi,Penthouse,4217,4,3,12,16,3,Fully Furnished,"['Swimming Pool', 'Security', 'Club House', 'Gym']",10,2,20709986.69
P52607,Bangalore,Villa,1497,2,1,19,22,17,Semi Furnished,"['Power Backup', 'Swimming Pool', 'Parking']",5.87,3,18137327.36
P38049,Ahmedabad,Studio,3852,1,2,19,30,1,Semi Furnished,"['Security', 'Garden', 'Swimming Pool', 'Gym']",9.6,5,43898634.61
P39780,Hyderabad,Duplex,1742,3,3,7,28,13,Fully Furnished,"['Security', 'Parking', 'Elevator', 'Swimming Pool']",1.89,3,47053501.39
P83079,Mumbai,Villa,3965,4,1,19,18,6,Semi Furnished,"['Swimming Pool', 'Wi-Fi', 'Power Backup']",8.12,10,45426912.47
P82029,Chandigarh,Apartment,3795,5,4,16,17,0,Unfurnished,"['Wi-Fi', 'Club House', 'Swimming Pool', 'Security', 'Gym', 'Garden']",2.19,5,22166646.35
P107706,Bangalore,Villa,4441,1,3,9,10,18,Fully Furnished,"['Gym', 'Security', 'Elevator', 'Power Backup', 'Club House', 'Wi-Fi']",7,7,34089607.28
P93028,Mumbai,Duplex,1539,2,2,2,26,5,Semi Furnished,"['Security', 'Club House', 'Parking']",5.78,9,49872842.18
P103545,Mumbai,Villa,4044,2,3,14,27,1,Unfurnished,"['Parking', 'Club House', 'Power Backup', 'Gym', 'Elevator', 'Security']",0.64,5,30015685.74
P24015,Jaipur,Duplex,1883,3,3,20,16,16,Unfurnished,"['Parking', 'Wi-Fi', 'Gym', 'Swimming Pool', 'Garden']",9.29,8,33172211.86
P101203,Hyderabad,Independent House,740,5,2,4,13,6,Semi Furnished,"['Elevator', 'Club House', 'Swimming Pool', 'Power Backup']",3.47,1,14695998.56
P37899,Hyderabad,Duplex,1239,1,4,20,13,1,Semi Furnished,"['Wi-Fi', 'Club House', 'Power Backup', 'Security']",1.25,3,48637384.99
P43653,Delhi,Studio,1929,3,4,11,28,12,Semi Furnished,"['Power Backup', 'Elevator', 'Security', 'Gym']",6.31,2,10172469.26
P66550,Hyderabad,Penthouse,4554,4,2,8,22,6,Unfurnished,"['Club House', 'Parking', 'Gym']",2.33,4,32748670.46
P61136,Kolkata,Studio,1345,1,3,20,23,1,Semi Furnished,"['Security', 'Wi-Fi', 'Power Backup', 'Garden', 'Club House']",7.2,1,43774409.53
P47905,Delhi,Studio,4053,2,3,5,25,3,Unfurnished,"['Wi-Fi', 'Swimming Pool', 'Elevator']",4.46,4,45603304.27
P99136,Delhi,Independent House,2265,2,1,19,5,15,Unfurnished,"['Power Backup', 'Gym', 'Swimming Pool']",7.61,1,6616326.35
P103090,Kolkata,Villa,2426,1,1,15,7,9,Unfurnished,"['Swimming Pool', 'Parking', 'Power Backup', 'Club House', 'Gym']",9.59,9,3835571.69
P31644,Bangalore,Penthouse,4012,2,1,17,14,15,Fully Furnished,"['Elevator', 'Power Backup', 'Gym']",8.34,6,2123689.17
P105907,Jaipur,Villa,1700,4,3,19,25,17,Fully Furnished,"['Swimming Pool', 'Power Backup', 'Wi-Fi', 'Garden', 'Elevator', 'Parking']",1.41,2,6471660.4
P33001,Jaipur,Apartment,4787,4,1,16,19,1,Fully Furnished,"['Parking', 'Club House', 'Wi-Fi']",5.78,5,2553461.47
P64869,Chandigarh,Duplex,4375,1,3,15,25,3,Semi Furnished,"['Wi-Fi', 'Swimming Pool', 'Garden']",6.62,8,25574017.21
P33504,Bangalore,Studio,578,2,2,4,22,1,Semi Furnished,"['Gym', 'Elevator', 'Club House', 'Parking']",1.35,1,23174365.25
P65947,Jaipur,Villa,3544,2,2,18,28,0,Unfurnished,"['Garden', 'Wi-Fi', 'Security', 'Power Backup', 'Club House', 'Parking']",9.66,4,43408449.81
P31199,Chennai,Villa,2639,1,4,5,20,19,Semi Furnished,"['Swimming Pool', 'Gym', 'Power Backup']",4.67,9,36147889.99
P36347,Bangalore,Studio,1833,1,1,17,24,17,Fully Furnished,"['Parking', 'Club House', 'Swimming Pool', 'Elevator', 'Security']",1.91,10,12572631.68
P32168,Delhi,Studio,3775,2,1,5,18,7,Unfurnished,"['Club House', 'Wi-Fi', 'Parking', 'Swimming Pool']",1.33,5,48214943.6
P58618,Mumbai,Duplex,2627,4,4,16,27,8,Semi Furnished,"['Swimming Pool', 'Wi-Fi', 'Gym', 'Parking']",3.81,8,28007186.92
P10590,Chennai,Independent House,3677,2,2,8,5,8,Semi Furnished,"['Gym', 'Security', 'Swimming Pool', 'Power Backup', 'Garden']",5.2,1,19014653.35
P12640,Bangalore,Penthouse,837,3,3,15,14,5,Unfurnished,"['Power Backup', 'Garden', 'Swimming Pool']",2.5,9,23415454.26
P56545,Kolkata,Independent House,508,5,3,5,25,3,Fully Furnished,"['Security', 'Elevator', 'Gym', 'Power Backup']",1.15,7,30348306.72
P22113,Delhi,Penthouse,3346,3,2,15,11,12,Unfurnished,"['Wi-Fi', 'Power Backup', 'Club House', 'Garden', 'Elevator']",3.71,8,21504988.98
P24729,Mumbai,Penthouse,1236,3,4,2,8,15,Semi Furnished,"['Garden', 'Swimming Pool', 'Parking']",4.08,3,47981851.49
P17962,Chennai,Studio,3930,1,2,14,20,15,Fully Furnished,"['Gym', 'Garden', 'Security', 'Swimming Pool']",1.23,10,36459706.07
P36383,Mumbai,Studio,1378,4,3,20,22,14,Semi Furnished,"['Power Backup', 'Parking', 'Club House', 'Wi-Fi', 'Elevator']",8.26,6,28176570.06
P103371,Bangalore,Villa,2527,1,4,16,24,5,Unfurnished,"['Parking', 'Swimming Pool', 'Power Backup', 'Elevator', 'Wi-Fi']",5.47,8,18328765.1
P54845,Bangalore,Villa,3086,3,3,9,18,18,Unfurnished,"['Swimming Pool', 'Gym', 'Club House']",1.51,7,19297115.35
P106167,Hyderabad,Apartment,4998,1,1,10,5,15,Fully Furnished,"['Parking', 'Power Backup', 'Swimming Pool', 'Security']",0.81,9,884739.86
P57132,Pune,Duplex,3008,5,1,19,10,18,Unfurnished,"['Security', 'Power Backup', 'Gym', 'Wi-Fi']",1.45,4,18596758.46
P35678,Bangalore,Apartment,1823,3,2,19,25,9,Unfurnished,"['Parking', 'Power Backup', 'Gym', 'Club House', 'Elevator']",1.87,8,42924207
P76707,Ahmedabad,Duplex,4097,5,3,20,25,14,Unfurnished,"['Elevator', 'Power Backup', 'Wi-Fi', 'Parking']",1.05,2,19430357.26
P29801,Hyderabad,Independent House,4121,5,2,1,13,7,Semi Furnished,"['Swimming Pool', 'Wi-Fi', 'Elevator', 'Security', 'Club House', 'Gym']",8.64,6,34019444.47
P22751,Jaipur,Independent House,3742,3,4,11,28,15,Fully Furnished,"['Garden', 'Elevator', 'Wi-Fi', 'Security']",8.55,2,16774089.6
P104557,Chandigarh,Villa,3322,1,3,12,21,19,Semi Furnished,"['Club House', 'Gym', 'Elevator', 'Swimming Pool', 'Garden', 'Parking']",3.96,5,19006927.16
P102222,Bangalore,Duplex,4693,2,3,10,30,15,Fully Furnished,"['Security', 'Gym', 'Parking']",7.71,6,14857529.61
P39666,Kolkata,Duplex,4269,3,3,11,14,17,Fully Furnished,"['Wi-Fi', 'Security', 'Elevator', 'Swimming Pool', 'Power Backup']",8.48,2,7514441.07
P109875,Ahmedabad,Penthouse,1952,3,2,1,9,11,Unfurnished,"['Power Backup', 'Swimming Pool', 'Garden', 'Gym', 'Wi-Fi', 'Parking']",2.09,5,34022643.59
P78205,Chennai,Apartment,2641,1,1,5,15,6,Fully Furnished,"['Security', 'Garden', 'Power Backup', 'Parking', 'Swimming Pool', 'Elevator']",9.72,1,32107734.28
P81748,Mumbai,Villa,1128,5,3,13,29,18,Fully Furnished,"['Power Backup', 'Elevator', 'Security', 'Parking', 'Wi-Fi', 'Club House']",8.99,8,10890760.51
P87607,Pune,Villa,884,3,2,3,8,20,Fully Furnished,"['Security', 'Power Backup', 'Swimming Pool', 'Parking', 'Elevator']",9.72,6,18611866.07
P54874,Ahmedabad,Villa,2715,3,1,10,28,9,Semi Furnished,"['Garden', 'Security', 'Elevator', 'Swimming Pool']",0.51,8,31671497.28
P87542,Chandigarh,Penthouse,4123,5,3,5,5,9,Unfurnished,"['Wi-Fi', 'Gym', 'Power Backup', 'Club House']",5.99,7,15109370.88
P10464,Pune,Independent House,2353,5,3,18,12,18,Fully Furnished,"['Garden', 'Power Backup', 'Wi-Fi', 'Elevator', 'Club House']",6.6,6,4658669.63
P70859,Jaipur,Apartment,2529,2,4,14,30,19,Unfurnished,"['Power Backup', 'Garden', 'Elevator']",2.34,6,10454832.21
P14509,Pune,Studio,2661,1,1,5,10,18,Fully Furnished,"['Swimming Pool', 'Parking', 'Elevator', 'Garden']",8.9,4,18354894.76
P23345,Jaipur,Independent House,2419,1,3,15,11,2,Semi Furnished,"['Swimming Pool', 'Gym', 'Club House', 'Elevator']",6.27,7,23710210.98
P12438,Pune,Independent House,2925,4,2,2,5,3,Fully Furnished,"['Wi-Fi', 'Elevator', 'Security', 'Swimming Pool', 'Club House']",6.86,6,49074021.52
P24057,Bangalore,Studio,4303,1,4,5,14,14,Fully Furnished,"['Parking', 'Swimming Pool', 'Gym', 'Security', 'Wi-Fi', 'Elevator']",2.05,8,5112912.45
P12628,Pune,Studio,4063,4,1,1,21,0,Fully Furnished,"['Elevator', 'Swimming Pool', 'Parking', 'Wi-Fi', 'Garden', 'Club House']",3.19,8,42246820.44
P10856,Chennai,Independent House,2479,4,4,12,23,12,Fully Furnished,"['Parking', 'Garden', 'Security', 'Elevator', 'Swimming Pool', 'Wi-Fi']",1.19,2,9618492.39
P104667,Delhi,Apartment,4009,4,3,16,18,17,Semi Furnished,"['Gym', 'Wi-Fi', 'Elevator', 'Power Backup', 'Club House']",5.91,8,21494754.59
P90856,Hyderabad,Penthouse,1410,3,1,2,20,13,Semi Furnished,"['Security', 'Elevator', 'Power Backup', 'Swimming Pool', 'Parking', 'Gym']",2.81,10,7685464.27
P90240,Mumbai,Independent House,4662,5,1,5,20,16,Fully Furnished,"['Garden', 'Gym', 'Wi-Fi']",1.09,4,29134783.5
P25683,Kolkata,Penthouse,2761,2,2,9,9,0,Unfurnished,"['Power Backup', 'Wi-Fi', 'Security', 'Elevator']",0.85,8,9316302.12
P108949,Ahmedabad,Studio,3793,1,2,15,5,13,Fully Furnished,"['Club House', 'Wi-Fi', 'Swimming Pool', 'Gym', 'Security']",4.06,1,12749240.24
P76334,Bangalore,Duplex,1755,1,2,4,24,18,Unfurnished,"['Swimming Pool', 'Elevator', 'Parking', 'Power Backup', 'Security', 'Gym']",7.7,2,32971374.33
P52679,Pune,Duplex,2639,2,4,16,15,16,Unfurnished,"['Parking', 'Power Backup', 'Club House', 'Gym', 'Wi-Fi', 'Security']",3.41,4,36035012.42
P28299,Delhi,Studio,699,3,2,14,6,6,Unfurnished,"['Elevator', 'Parking', 'Club House']",7.12,8,2966627.11
P60414,Ahmedabad,Penthouse,2529,2,3,17,12,5,Unfurnished,"['Club House', 'Security', 'Garden', 'Power Backup', 'Elevator']",7.26,1,3196425.24
P53528,Chennai,Villa,2704,2,4,16,14,14,Semi Furnished,"['Security', 'Club House', 'Wi-Fi']",8.24,7,36556245.62
P79436,Delhi,Independent House,1790,2,3,9,11,10,Semi Furnished,"['Security', 'Power Backup', 'Swimming Pool', 'Club House', 'Parking', 'Elevator']",7.44,3,49754892.48
P26217,Pune,Villa,2686,2,1,2,22,16,Semi Furnished,"['Gym', 'Garden', 'Power Backup', 'Parking']",5.2,3,34271878.9
P79289,Kolkata,Apartment,2340,1,2,9,13,16,Semi Furnished,"['Security', 'Club House', 'Elevator', 'Power Backup', 'Gym', 'Swimming Pool']",4.66,10,18397165.64
P47584,Chandigarh,Penthouse,4882,4,3,8,23,8,Unfurnished,"['Club House', 'Parking', 'Elevator', 'Swimming Pool', 'Wi-Fi', 'Gym']",8.5,9,25395327.16
P81327,Ahmedabad,Studio,786,1,1,9,11,12,Unfurnished,"['Security', 'Power Backup', 'Club House', 'Elevator', 'Parking']",4.18,8,7501954.75
P75454,Pune,Studio,2087,2,1,3,29,11,Unfurnished,"['Swimming Pool', 'Parking', 'Wi-Fi']",9.81,7,20140244.2
P108784,Pune,Apartment,3865,5,3,2,8,11,Fully Furnished,"['Garden', 'Wi-Fi', 'Club House', 'Parking', 'Elevator']",3.56,7,47849884.26
P43000,Chandigarh,Duplex,1635,2,3,15,25,18,Semi Furnished,"['Elevator', 'Wi-Fi', 'Gym', 'Power Backup']",9.66,1,31852026.24
P86183,Jaipur,Penthouse,1179,4,4,17,17,2,Fully Furnished,"['Garden', 'Wi-Fi', 'Elevator', 'Gym', 'Swimming Pool', 'Club House']",9.63,4,41510687.18
P72498,Kolkata,Penthouse,4114,3,1,7,29,12,Semi Furnished,"['Garden', 'Security', 'Wi-Fi']",4.33,10,25436753.99
P90623,Pune,Independent House,4688,2,3,16,7,11,Unfurnished,"['Garden', 'Club House', 'Swimming Pool', 'Power Backup']",2.42,4,46093298.58
P93427,Ahmedabad,Independent House,1263,4,1,14,19,6,Fully Furnished,"['Security', 'Power Backup', 'Elevator', 'Wi-Fi', 'Swimming Pool']",4.54,10,45708579.72
P76121,Hyderabad,Villa,3062,5,1,16,11,3,Unfurnished,"['Wi-Fi', 'Parking', 'Swimming Pool', 'Club House', 'Garden']",2.16,10,36093741.88
P107804,Bangalore,Duplex,951,5,4,7,11,1,Semi Furnished,"['Swimming Pool', 'Garden', 'Gym']",1.95,2,25959916.89
P84766,Kolkata,Villa,1183,3,1,6,12,20,Unfurnished,"['Swimming Pool', 'Garden', 'Club House']",6.54,8,35438397.44
P77879,Chennai,Penthouse,4698,4,1,16,6,3,Semi Furnished,"['Gym', 'Parking', 'Wi-Fi', 'Club House', 'Elevator', 'Swimming Pool']",2.6,4,42114674.73
P88310,Hyderabad,Studio,2187,1,1,2,15,20,Unfurnished,"['Gym', 'Wi-Fi', 'Swimming Pool']",4.55,1,40099777.39
P64093,Mumbai,Independent House,3029,4,2,20,19,13,Fully Furnished,"['Elevator', 'Security', 'Gym', 'Club House']",1.58,8,31811817.27
P43961,Hyderabad,Penthouse,2099,2,4,15,21,3,Fully Furnished,"['Elevator', 'Gym', 'Swimming Pool']",1.01,3,13070780.58
P99430,Jaipur,Villa,3615,4,2,17,19,4,Semi Furnished,"['Security', 'Gym', 'Swimming Pool', 'Garden', 'Parking', 'Elevator']",6.54,6,42791651.95
P66976,Pune,Villa,2554,5,4,8,8,16,Fully Furnished,"['Gym', 'Club House', 'Power Backup', 'Garden', 'Parking', 'Security']",2.7,10,12094201.32
P77978,Kolkata,Studio,4494,3,3,18,9,6,Semi Furnished,"['Club House', 'Elevator', 'Garden', 'Gym', 'Wi-Fi']",3.42,10,47760035.56
P23577,Delhi,Independent House,1122,1,2,9,25,11,Semi Furnished,"['Garden', 'Wi-Fi', 'Elevator']",4.88,7,26026051.91
P41635,Chandigarh,Independent House,4715,5,2,1,13,20,Fully Furnished,"['Garden', 'Security', 'Parking']",3.25,1,40331465.41
P30243,Mumbai,Apartment,859,5,3,1,26,17,Semi Furnished,"['Elevator', 'Wi-Fi', 'Gym']",2.79,1,1600663.98
P97561,Bangalore,Villa,4866,2,3,11,27,9,Unfurnished,"['Power Backup', 'Parking', 'Elevator', 'Wi-Fi', 'Gym', 'Club House']",7.02,10,1756672.76
P44062,Hyderabad,Penthouse,2463,5,3,11,29,14,Fully Furnished,"['Security', 'Power Backup', 'Elevator', 'Parking', 'Gym']",5.6,7,18328355.36
P68773,Jaipur,Apartment,2147,1,2,4,13,4,Semi Furnished,"['Garden', 'Gym', 'Security', 'Swimming Pool', 'Wi-Fi']",3.7,6,15519448.68
P31366,Jaipur,Apartment,981,3,2,3,30,0,Unfurnished,"['Swimming Pool', 'Club House', 'Wi-Fi', 'Garden']",5.04,6,20669605.66
P90378,Hyderabad,Duplex,3749,3,2,6,19,4,Unfurnished,"['Wi-Fi', 'Gym', 'Power Backup']",6.64,9,41495869.77
P13955,Mumbai,Villa,1695,4,1,8,22,14,Unfurnished,"['Club House', 'Garden', 'Elevator', 'Parking', 'Gym']",2.94,2,26900926.54
P45567,Pune,Studio,509,3,1,14,8,18,Semi Furnished,"['Parking', 'Garden', 'Elevator']",9.24,1,29420815.52
P63567,Mumbai,Apartment,501,1,2,8,22,3,Semi Furnished,"['Swimming Pool', 'Gym', 'Parking']",8.86,10,3474845.4
P20501,Ahmedabad,Villa,1262,2,1,8,28,9,Unfurnished,"['Elevator', 'Club House', 'Security', 'Garden']",6.34,4,20052135.55
P31841,Chennai,Penthouse,2830,1,1,14,30,13,Semi Furnished,"['Parking', 'Security', 'Club House', 'Power Backup', 'Swimming Pool', 'Garden']",8.3,4,34985206.5
P101664,Jaipur,Penthouse,1961,2,1,4,24,2,Unfurnished,"['Security', 'Elevator', 'Club House']",6.86,7,36991534.53
P52543,Mumbai,Villa,4019,2,4,20,20,9,Unfurnished,"['Club House', 'Garden', 'Swimming Pool']",2.28,7,27283755.56
P21637,Jaipur,Villa,3992,2,3,18,5,4,Fully Furnished,"['Club House', 'Security', 'Elevator', 'Swimming Pool', 'Parking', 'Wi-Fi']",2.3,4,17041208.91
P70557,Ahmedabad,Villa,4895,1,1,11,16,2,Unfurnished,"['Club House', 'Elevator', 'Gym', 'Security', 'Garden']",2.56,7,6861360.66
P63596,Mumbai,Duplex,4010,3,3,1,14,0,Fully Furnished,"['Parking', 'Elevator', 'Power Backup']",9.19,4,28694700.15
P27045,Chennai,Villa,3556,2,3,8,21,16,Unfurnished,"['Power Backup', 'Parking', 'Gym', 'Wi-Fi', 'Swimming Pool']",1.16,7,4619720.77
P50128,Bangalore,Studio,1885,3,2,16,25,3,Fully Furnished,"['Parking', 'Wi-Fi', 'Club House', 'Security', 'Gym', 'Power Backup']",6.5,2,7218709.23
P84929,Chennai,Studio,3654,2,2,15,13,8,Fully Furnished,"['Power Backup', 'Elevator', 'Wi-Fi', 'Security', 'Gym']",7.79,6,20186404.04
P91236,Hyderabad,Apartment,2095,4,4,1,26,11,Semi Furnished,"['Garden', 'Wi-Fi', 'Club House']",7.21,4,24503606.12
P44307,Chennai,Apartment,545,1,2,2,17,19,Semi Furnished,"['Garden', 'Swimming Pool', 'Security', 'Wi-Fi']",6.92,9,41709227.35
P29698,Hyderabad,Apartment,1262,5,1,14,11,11,Semi Furnished,"['Garden', 'Security', 'Swimming Pool', 'Parking', 'Elevator', 'Club House']",3.6,4,17547816.41
P43804,Mumbai,Duplex,4462,1,2,1,23,10,Fully Furnished,"['Club House', 'Elevator', 'Parking', 'Power Backup', 'Swimming Pool']",5.1,3,36099402.95
P19135,Bangalore,Studio,3248,4,2,4,24,14,Unfurnished,"['Swimming Pool', 'Parking', 'Garden', 'Gym']",7.22,8,45894166.84
P66188,Chandigarh,Penthouse,4241,2,1,4,7,3,Semi Furnished,"['Parking', 'Gym', 'Security', 'Club House', 'Swimming Pool']",6.9,1,16797858.22
P15120,Pune,Penthouse,3567,2,4,3,14,12,Semi Furnished,"['Power Backup', 'Swimming Pool', 'Wi-Fi']",1.52,6,3478257.56
P81628,Chandigarh,Apartment,1723,3,3,11,21,20,Fully Furnished,"['Gym', 'Wi-Fi', 'Elevator', 'Swimming Pool']",5.33,10,15334112.79
P91165,Chandigarh,Villa,3093,4,1,10,7,8,Fully Furnished,"['Power Backup', 'Club House', 'Swimming Pool', 'Security']",8.29,7,8691040.67
P33283,Delhi,Independent House,1569,2,1,9,8,15,Semi Furnished,"['Swimming Pool', 'Gym', 'Elevator', 'Power Backup', 'Club House']",8.09,4,30864383.34
P84140,Ahmedabad,Studio,4267,4,4,4,10,17,Semi Furnished,"['Gym', 'Garden', 'Swimming Pool']",7.52,7,1059169.94
P19708,Mumbai,Duplex,1025,3,2,17,26,14,Unfurnished,"['Club House', 'Elevator', 'Garden', 'Wi-Fi', 'Swimming Pool']",3.69,8,14742835.75
P61679,Chandigarh,Penthouse,3917,1,4,1,25,18,Semi Furnished,"['Wi-Fi', 'Parking', 'Gym', 'Security']",4.51,10,10745965.65
P33145,Bangalore,Villa,4800,3,3,1,20,2,Fully Furnished,"['Club House', 'Elevator', 'Wi-Fi', 'Gym', 'Swimming Pool']",8.97,6,38898269.46
P53753,Mumbai,Penthouse,1003,5,4,1,14,16,Fully Furnished,"['Club House', 'Gym', 'Wi-Fi', 'Security', 'Garden', 'Parking']",9.69,9,31469348.32
P61550,Chennai,Studio,3023,2,3,1,15,8,Unfurnished,"['Garden', 'Power Backup', 'Gym', 'Elevator', 'Club House']",5.4,7,19358191.79
P20513,Ahmedabad,Penthouse,4988,1,1,7,19,10,Unfurnished,"['Security', 'Elevator', 'Wi-Fi', 'Gym']",1.08,3,42897046.53
P13364,Delhi,Studio,1049,2,3,20,24,0,Fully Furnished,"['Swimming Pool', 'Elevator', 'Security', 'Gym', 'Parking']",0.7,3,10728226.46
P69123,Kolkata,Penthouse,2156,4,4,14,10,18,Fully Furnished,"['Elevator', 'Swimming Pool', 'Club House', 'Garden', 'Wi-Fi', 'Parking']",0.56,8,11710978.04
P14481,Mumbai,Independent House,2791,2,1,7,15,8,Fully Furnished,"['Garden', 'Power Backup', 'Elevator', 'Parking']",8.79,8,30713760.41
P75800,Mumbai,Villa,1379,5,1,14,20,10,Unfurnished,"['Garden', 'Gym', 'Club House', 'Security', 'Swimming Pool', 'Power Backup']",6.67,10,5559432.59
P39675,Delhi,Villa,1871,5,4,6,11,6,Semi Furnished,"['Power Backup', 'Security', 'Garden', 'Gym', 'Swimming Pool']",3.85,1,45925217
P39466,Bangalore,Penthouse,2625,1,2,6,9,1,Unfurnished,"['Wi-Fi', 'Club House', 'Elevator', 'Gym', 'Swimming Pool']",3.41,9,48198727.52
P17130,Mumbai,Apartment,2730,2,1,10,5,12,Fully Furnished,"['Power Backup', 'Security', 'Garden', 'Club House']",3.01,3,8260454.22
P69473,Jaipur,Penthouse,3999,5,1,6,26,15,Fully Furnished,"['Wi-Fi', 'Parking', 'Elevator', 'Power Backup', 'Garden']",7.8,3,46810706.38
P74403,Bangalore,Penthouse,4750,3,1,9,14,20,Semi Furnished,"['Wi-Fi', 'Security', 'Club House', 'Swimming Pool', 'Garden']",5.23,8,23625617.43
P42946,Chennai,Penthouse,3470,1,4,1,30,17,Unfurnished,"['Parking', 'Wi-Fi', 'Club House', 'Gym', 'Swimming Pool']",2.69,7,44791828.43
P54640,Bangalore,Duplex,4392,2,2,2,23,3,Unfurnished,"['Elevator', 'Security', 'Garden', 'Swimming Pool', 'Parking', 'Gym']",3.53,3,49974005.29
P38350,Hyderabad,Apartment,4014,5,1,20,23,11,Fully Furnished,"['Elevator', 'Club House', 'Security', 'Swimming Pool', 'Power Backup']",4.66,2,44242765.27
P83388,Chennai,Studio,3302,2,2,1,23,8,Semi Furnished,"['Garden', 'Power Backup', 'Parking', 'Wi-Fi', 'Gym']",5.35,3,6320759.68
P94347,Bangalore,Apartment,4560,2,3,18,24,16,Semi Furnished,"['Elevator', 'Club House', 'Power Backup', 'Gym']",5.37,3,17450575.55
P75035,Chennai,Studio,4660,1,3,16,7,12,Fully Furnished,"['Swimming Pool', 'Club House', 'Security', 'Gym']",3.62,5,49226315.72
P37976,Bangalore,Villa,3717,1,2,15,14,0,Semi Furnished,"['Garden', 'Power Backup', 'Gym', 'Elevator', 'Wi-Fi']",5.68,3,39100492.44
P72976,Chennai,Villa,1477,1,2,13,27,2,Semi Furnished,"['Security', 'Club House', 'Garden', 'Parking']",9.37,9,43078072.17
P94734,Bangalore,Duplex,2570,4,2,7,10,20,Unfurnished,"['Elevator', 'Garden', 'Gym', 'Parking']",1.08,10,35026292.61
P53316,Mumbai,Villa,3449,2,2,7,26,12,Fully Furnished,"['Power Backup', 'Gym', 'Swimming Pool', 'Club House', 'Garden', 'Security']",0.67,4,9304782.15
P16530,Bangalore,Duplex,4069,2,2,1,29,0,Unfurnished,"['Garden', 'Gym', 'Security', 'Elevator']",5.36,3,34050307.8
P35404,Bangalore,Villa,2682,3,4,11,11,15,Semi Furnished,"['Security', 'Power Backup', 'Elevator']",8.42,5,25312817.78
P76868,Delhi,Studio,2863,5,2,8,16,17,Semi Furnished,"['Elevator', 'Power Backup', 'Swimming Pool', 'Club House']",1.15,3,19499724.42
P87933,Kolkata,Villa,1675,1,2,17,6,14,Semi Furnished,"['Garden', 'Power Backup', 'Wi-Fi', 'Parking', 'Elevator', 'Club House']",8.16,3,26282375.61
P15501,Bangalore,Villa,4996,4,1,8,17,4,Fully Furnished,"['Parking', 'Swimming Pool', 'Garden', 'Gym', 'Power Backup']",7.19,10,36744812.6
P52812,Kolkata,Studio,4233,5,3,8,10,3,Semi Furnished,"['Security', 'Parking', 'Club House', 'Garden']",3.92,8,2193837.36
P98449,Chandigarh,Duplex,3928,4,4,12,9,6,Semi Furnished,"['Elevator', 'Security', 'Power Backup', 'Swimming Pool', 'Wi-Fi', 'Gym']",1.14,2,31561129.7
P13693,Kolkata,Villa,819,1,4,8,25,0,Fully Furnished,"['Power Backup', 'Wi-Fi', 'Gym', 'Elevator']",9.55,2,45831386.71
P87803,Mumbai,Penthouse,4260,3,4,19,21,8,Fully Furnished,"['Parking', 'Gym', 'Security', 'Wi-Fi', 'Power Backup', 'Swimming Pool']",8.88,4,44914750.63
P63089,Jaipur,Penthouse,4451,5,2,11,18,9,Semi Furnished,"['Security', 'Parking', 'Gym', 'Elevator']",8.4,2,27930929.21
P69862,Chandigarh,Villa,1078,2,1,12,17,20,Unfurnished,"['Club House', 'Garden', 'Security', 'Elevator']",3.99,2,33696718.96
P43110,Jaipur,Villa,3796,3,2,9,24,17,Semi Furnished,"['Gym', 'Power Backup', 'Garden', 'Security', 'Parking', 'Club House']",1.16,2,40027290.76
P44176,Hyderabad,Studio,2939,2,3,15,13,0,Unfurnished,"['Wi-Fi', 'Security', 'Club House']",6.49,5,46151151.53
P64464,Kolkata,Independent House,2047,1,3,15,17,1,Semi Furnished,"['Swimming Pool', 'Wi-Fi', 'Gym', 'Club House']",1.25,4,3984811.23
P93855,Ahmedabad,Studio,3184,3,3,2,29,12,Semi Furnished,"['Swimming Pool', 'Club House', 'Gym', 'Wi-Fi']",3.7,9,23707120.89
P48746,Mumbai,Duplex,723,4,3,1,13,5,Fully Furnished,"['Swimming Pool', 'Parking', 'Elevator', 'Wi-Fi', 'Power Backup', 'Gym']",7.33,7,31437981.45
P86515,Bangalore,Duplex,2027,5,2,9,23,4,Semi Furnished,"['Power Backup', 'Gym', 'Club House', 'Parking', 'Garden']",6.64,7,40881496.25
P16052,Jaipur,Studio,2331,2,3,20,5,2,Fully Furnished,"['Elevator', 'Gym', 'Parking', 'Security', 'Club House', 'Swimming Pool']",3.44,5,2379200.67
P78877,Delhi,Duplex,3205,1,2,11,30,14,Semi Furnished,"['Club House', 'Garden', 'Security', 'Swimming Pool', 'Parking', 'Gym']",4.5,2,44602308.2
P50564,Chennai,Villa,2416,4,4,5,16,7,Fully Furnished,"['Garden', 'Security', 'Gym', 'Wi-Fi']",8.87,8,8321572.08
P37540,Bangalore,Duplex,5000,2,2,19,27,6,Unfurnished,"['Parking', 'Club House', 'Swimming Pool', 'Wi-Fi', 'Power Backup', 'Garden']",5.38,2,18137270.28
P83013,Mumbai,Independent House,4200,3,4,16,10,0,Semi Furnished,"['Gym', 'Power Backup', 'Swimming Pool', 'Security', 'Garden', 'Club House']",8.73,5,41568729.68
P107739,Chennai,Independent House,2383,1,4,7,7,2,Fully Furnished,"['Club House', 'Power Backup', 'Garden']",1.63,9,28882888.04
P48940,Mumbai,Independent House,3242,2,4,2,24,2,Fully Furnished,"['Security', 'Elevator', 'Garden', 'Club House', 'Wi-Fi']",3.64,8,25336370.51
P101326,Jaipur,Villa,3620,1,2,20,20,16,Semi Furnished,"['Gym', 'Garden', 'Club House']",7.9,2,33450357.77
P27361,Kolkata,Independent House,1505,5,3,16,16,0,Semi Furnished,"['Wi-Fi', 'Swimming Pool', 'Elevator', 'Club House', 'Power Backup']",7.08,6,38635149.37
P86567,Kolkata,Villa,4404,1,4,17,7,10,Unfurnished,"['Wi-Fi', 'Power Backup', 'Elevator', 'Parking', 'Security', 'Garden']",3.73,2,19612539.56
P96924,Bangalore,Independent House,1339,4,1,15,8,2,Unfurnished,"['Swimming Pool', 'Wi-Fi', 'Gym', 'Parking']",5.05,2,39941963.27
P51894,Kolkata,Studio,2986,2,4,20,9,3,Fully Furnished,"['Swimming Pool', 'Garden', 'Security']",6.03,2,43457440.82
P101939,Mumbai,Duplex,4982,4,1,20,29,11,Semi Furnished,"['Wi-Fi', 'Club House', 'Parking']",3.66,2,14902102.52
P40625,Ahmedabad,Duplex,1196,2,1,11,28,17,Semi Furnished,"['Garden', 'Club House', 'Power Backup', 'Gym', 'Elevator', 'Swimming Pool']",8.58,9,49793294
P80012,Delhi,Apartment,1324,1,3,12,10,11,Unfurnished,"['Security', 'Garden', 'Gym', 'Wi-Fi', 'Swimming Pool', 'Power Backup']",7.35,9,40201123.14
P89177,Chandigarh,Penthouse,4578,4,4,9,29,11,Fully Furnished,"['Swimming Pool', 'Elevator', 'Security']",9.53,10,4648192.97
P78564,Jaipur,Apartment,3839,3,1,9,25,8,Fully Furnished,"['Gym', 'Wi-Fi', 'Club House', 'Security', 'Elevator', 'Parking']",9.12,5,28460002.43
P82535,Pune,Studio,3139,3,3,1,18,3,Fully Furnished,"['Elevator', 'Wi-Fi', 'Club House', 'Garden', 'Parking']",7.11,7,28643114.83
P100314,Chennai,Apartment,3674,2,2,5,16,11,Unfurnished,"['Gym', 'Swimming Pool', 'Parking']",9.21,5,42397864.65
P72543,Bangalore,Duplex,2169,2,3,4,13,8,Fully Furnished,"['Swimming Pool', 'Security', 'Parking', 'Garden']",3.65,2,41926889.73
P10099,Pune,Studio,2049,2,4,6,21,4,Fully Furnished,"['Power Backup', 'Garden', 'Club House']",0.77,7,17799363.02
P17912,Mumbai,Apartment,2870,1,1,6,26,9,Semi Furnished,"['Swimming Pool', 'Club House', 'Power Backup', 'Parking', 'Security']",4.46,1,39780437.41
P45785,Chandigarh,Villa,2178,1,2,3,30,11,Semi Furnished,"['Parking', 'Swimming Pool', 'Elevator', 'Gym']",4.99,8,14113848.95
P73758,Ahmedabad,Apartment,1792,4,3,16,11,6,Semi Furnished,"['Gym', 'Power Backup', 'Garden', 'Wi-Fi']",7.35,4,27950856.88
P10305,Jaipur,Villa,769,5,3,2,7,0,Semi Furnished,"['Security', 'Elevator', 'Power Backup', 'Swimming Pool', 'Wi-Fi']",5.15,1,39863003.41
P23431,Hyderabad,Apartment,4353,2,2,11,7,17,Fully Furnished,"['Club House', 'Garden', 'Swimming Pool', 'Parking', 'Security']",8.28,3,22107964.03
P86706,Pune,Studio,1213,1,4,16,14,7,Semi Furnished,"['Garden', 'Club House', 'Wi-Fi', 'Gym', 'Elevator', 'Security']",3.72,5,41577165.97
P86166,Ahmedabad,Apartment,2208,5,2,20,17,17,Semi Furnished,"['Wi-Fi', 'Swimming Pool', 'Gym', 'Club House', 'Parking', 'Security']",8.45,1,17765548.66
P75037,Pune,Penthouse,4933,4,1,3,5,3,Fully Furnished,"['Parking', 'Gym', 'Elevator', 'Power Backup']",6.23,1,40307873.26
P42439,Ahmedabad,Villa,795,3,2,12,19,14,Semi Furnished,"['Security', 'Swimming Pool', 'Wi-Fi', 'Elevator', 'Gym']",9.33,2,30490924.25
P65611,Chandigarh,Duplex,1029,3,1,16,30,18,Fully Furnished,"['Gym', 'Security', 'Garden', 'Wi-Fi']",8.19,3,37500651.86
P56120,Hyderabad,Duplex,4759,3,2,11,12,0,Semi Furnished,"['Wi-Fi', 'Garden', 'Elevator', 'Gym']",2.36,7,47320934.84
P77884,Chandigarh,Villa,856,3,1,11,7,15,Unfurnished,"['Swimming Pool', 'Garden', 'Parking', 'Club House', 'Gym', 'Wi-Fi']",2.58,9,3271349
P54011,Pune,Studio,1221,4,1,20,11,3,Semi Furnished,"['Parking', 'Swimming Pool', 'Club House', 'Elevator']",2.33,7,36889460.3
P48118,Pune,Apartment,3869,4,4,10,25,8,Fully Furnished,"['Parking', 'Elevator', 'Gym', 'Club House', 'Wi-Fi', 'Security']",1.5,2,26163400.96
P34537,Bangalore,Penthouse,3778,5,4,9,29,9,Unfurnished,"['Gym', 'Power Backup', 'Garden', 'Swimming Pool']",6.31,9,21759879.69
P95259,Ahmedabad,Villa,2787,2,1,17,10,4,Fully Furnished,"['Security', 'Wi-Fi', 'Club House', 'Elevator', 'Swimming Pool', 'Gym']",0.89,7,9482617.2
P34226,Bangalore,Studio,2199,4,4,18,23,4,Fully Furnished,"['Parking', 'Swimming Pool', 'Gym', 'Power Backup']",8.04,3,43085301.61
P59525,Pune,Apartment,2564,2,4,5,9,6,Semi Furnished,"['Gym', 'Parking', 'Garden', 'Elevator', 'Power Backup', 'Security']",1.41,7,34245321.74
P16644,Chennai,Villa,2867,1,4,11,6,8,Semi Furnished,"['Elevator', 'Wi-Fi', 'Garden', 'Gym']",3.17,3,22151889.81
P99890,Delhi,Duplex,1585,1,4,3,16,11,Unfurnished,"['Elevator', 'Security', 'Garden']",7.86,5,30241355.86
P38193,Bangalore,Apartment,4315,5,1,7,11,20,Unfurnished,"['Parking', 'Gym', 'Elevator', 'Club House']",8.69,6,45640194.41
P84725,Mumbai,Apartment,3593,1,3,20,8,16,Semi Furnished,"['Elevator', 'Parking', 'Wi-Fi', 'Power Backup']",4.99,8,26245025.25
P41475,Mumbai,Duplex,2017,3,3,15,26,1,Fully Furnished,"['Garden', 'Power Backup', 'Club House', 'Parking', 'Security', 'Wi-Fi']",6.5,6,15526458.32
P25667,Pune,Penthouse,3225,4,2,16,23,18,Semi Furnished,"['Parking', 'Elevator', 'Swimming Pool']",1.65,8,26052737.93
P16773,Kolkata,Independent House,4281,3,2,15,21,7,Fully Furnished,"['Elevator', 'Security', 'Club House']",5.3,10,16879831.64
P63510,Ahmedabad,Independent House,1257,2,1,10,15,18,Semi Furnished,"['Power Backup', 'Parking', 'Swimming Pool', 'Garden', 'Security', 'Gym']",2.42,2,13143037.84
P100191,Mumbai,Penthouse,2884,3,4,8,13,2,Semi Furnished,"['Wi-Fi', 'Swimming Pool', 'Security', 'Garden', 'Elevator', 'Parking']",3.72,1,34383319.55
P10054,Mumbai,Apartment,2126,1,3,11,21,5,Semi Furnished,"['Wi-Fi', 'Security', 'Gym', 'Power Backup', 'Club House']",4.71,6,1286611.55
P90398,Ahmedabad,Apartment,2030,5,2,18,20,3,Semi Furnished,"['Garden', 'Gym', 'Club House', 'Elevator', 'Parking', 'Swimming Pool']",4.85,2,10927486.85
P33124,Hyderabad,Penthouse,3928,4,4,19,25,5,Fully Furnished,"['Swimming Pool', 'Club House', 'Garden']",4.36,7,31295853.22
P106828,Hyderabad,Apartment,1591,5,2,20,9,8,Unfurnished,"['Parking', 'Gym', 'Swimming Pool']",4.8,7,49899235.24
P12003,Pune,Studio,1114,3,4,16,27,1,Semi Furnished,"['Gym', 'Swimming Pool', 'Club House']",1.55,1,6405430.07
P72738,Chennai,Penthouse,1902,2,4,1,14,13,Semi Furnished,"['Gym', 'Club House', 'Security', 'Parking', 'Garden', 'Wi-Fi']",1.42,7,44464385.29
P17360,Pune,Apartment,4354,2,2,10,15,10,Fully Furnished,"['Club House', 'Swimming Pool', 'Parking', 'Elevator']",8.62,1,14830333.13
P14771,Chennai,Studio,4854,1,3,19,24,2,Fully Furnished,"['Club House', 'Wi-Fi', 'Swimming Pool', 'Security']",8.95,1,17033700.02
P45707,Delhi,Studio,4288,4,2,6,11,10,Semi Furnished,"['Wi-Fi', 'Elevator', 'Garden', 'Gym']",5.48,9,1275398.17
P18612,Ahmedabad,Penthouse,5000,1,3,20,26,3,Semi Furnished,"['Power Backup', 'Security', 'Wi-Fi']",5.84,3,30143001.12
P97903,Chandigarh,Apartment,3411,4,2,16,24,6,Fully Furnished,"['Wi-Fi', 'Parking', 'Elevator']",6.79,10,11798336.63
P77747,Ahmedabad,Duplex,4904,1,4,18,11,13,Unfurnished,"['Security', 'Gym', 'Parking']",2.34,10,4237947.99
P71748,Ahmedabad,Penthouse,517,4,3,14,13,1,Unfurnished,"['Parking', 'Power Backup', 'Elevator']",9.59,9,30727922.35
P62220,Delhi,Apartment,1249,5,4,10,27,18,Semi Furnished,"['Garden', 'Power Backup', 'Club House', 'Parking', 'Security']",3.43,2,10285880.03
P31681,Bangalore,Duplex,1742,5,2,4,8,15,Fully Furnished,"['Garden', 'Club House', 'Parking', 'Swimming Pool', 'Elevator']",3.58,8,25747234.32
P37316,Kolkata,Independent House,3532,4,4,5,30,10,Unfurnished,"['Gym', 'Wi-Fi', 'Club House']",5.84,8,21122352.56
P50145,Ahmedabad,Studio,1132,3,3,2,15,16,Fully Furnished,"['Elevator', 'Swimming Pool', 'Security', 'Parking', 'Power Backup']",7.93,8,29795812.53
P12516,Jaipur,Studio,1008,1,1,13,26,9,Unfurnished,"['Elevator', 'Gym', 'Power Backup', 'Swimming Pool', 'Garden']",7.62,5,23497801.83
P71681,Jaipur,Studio,2414,2,4,4,30,16,Unfurnished,"['Security', 'Power Backup', 'Elevator', 'Parking', 'Club House', 'Swimming Pool']",1.27,10,45444249.4
P97089,Delhi,Apartment,3436,4,1,5,14,0,Unfurnished,"['Garden', 'Security', 'Swimming Pool', 'Club House', 'Gym']",9.34,8,17312150.73
P43641,Jaipur,Duplex,1250,2,2,11,12,19,Fully Furnished,"['Elevator', 'Swimming Pool', 'Club House']",3,1,20614864.14
P16643,Pune,Villa,1636,1,1,11,7,6,Semi Furnished,"['Parking', 'Power Backup', 'Garden']",6.88,8,42246743.34
P94024,Ahmedabad,Apartment,2997,4,2,3,13,19,Fully Furnished,"['Swimming Pool', 'Wi-Fi', 'Club House', 'Garden', 'Elevator', 'Parking']",1.7,8,20351876.58
P67417,Pune,Studio,1666,2,3,4,25,3,Unfurnished,"['Gym', 'Elevator', 'Wi-Fi']",8.77,10,36790545.27
P45359,Delhi,Villa,1440,3,3,5,10,17,Semi Furnished,"['Security', 'Wi-Fi', 'Garden', 'Club House']",1.34,10,26019372.64
P105675,Chennai,Duplex,4077,4,2,7,20,20,Fully Furnished,"['Security', 'Club House', 'Gym', 'Parking']",6.83,4,41438485.2
P13363,Mumbai,Duplex,1443,5,2,20,10,5,Semi Furnished,"['Club House', 'Gym', 'Power Backup', 'Swimming Pool']",2.09,1,25078455.43
P28142,Jaipur,Duplex,4381,3,2,9,22,2,Unfurnished,"['Garden', 'Security', 'Gym', 'Swimming Pool', 'Parking', 'Power Backup']",1.89,7,20994426.26
P74902,Chennai,Duplex,981,3,1,12,13,5,Semi Furnished,"['Parking', 'Security', 'Garden', 'Club House', 'Swimming Pool', 'Gym']",6.45,3,11836873.46
P41827,Jaipur,Independent House,4851,4,2,7,27,19,Unfurnished,"['Wi-Fi', 'Security', 'Gym', 'Garden']",9.42,9,42467564.94
P66942,Jaipur,Studio,3712,5,4,8,20,9,Unfurnished,"['Garden', 'Club House', 'Gym', 'Security', 'Power Backup', 'Swimming Pool']",0.95,6,37753993.21
P18387,Pune,Apartment,4988,2,1,19,25,4,Unfurnished,"['Parking', 'Wi-Fi', 'Swimming Pool', 'Power Backup']",1.35,3,827490.2
P16321,Ahmedabad,Studio,3307,3,2,16,20,0,Fully Furnished,"['Security', 'Power Backup', 'Parking']",3.54,5,9194166.37
P23105,Hyderabad,Independent House,1876,2,3,2,25,19,Fully Furnished,"['Power Backup', 'Garden', 'Elevator', 'Club House']",3.62,5,8548097.85
P108405,Mumbai,Villa,1532,1,2,1,10,11,Semi Furnished,"['Gym', 'Garden', 'Security', 'Power Backup', 'Wi-Fi', 'Club House']",1.98,8,43906451.89
P50814,Pune,Studio,591,4,1,2,15,0,Semi Furnished,"['Power Backup', 'Security', 'Gym', 'Swimming Pool', 'Wi-Fi', 'Club House']",7.75,9,31402857.67
P54409,Ahmedabad,Apartment,4813,2,4,8,5,6,Fully Furnished,"['Power Backup', 'Wi-Fi', 'Security']",1.61,5,31877513.17
P84216,Jaipur,Studio,4952,4,4,14,10,12,Fully Furnished,"['Power Backup', 'Gym', 'Wi-Fi', 'Elevator']",4.5,8,2807278.38
P33726,Kolkata,Villa,1738,4,2,5,12,12,Unfurnished,"['Swimming Pool', 'Gym', 'Club House', 'Garden', 'Security', 'Elevator']",5.27,7,44872578.65
P37173,Pune,Apartment,1637,2,4,14,19,13,Semi Furnished,"['Swimming Pool', 'Gym', 'Club House']",2.2,4,42322375.4
P37750,Pune,Apartment,4661,5,4,4,27,16,Unfurnished,"['Power Backup', 'Garden', 'Wi-Fi', 'Parking', 'Club House', 'Elevator']",3.77,7,20703422.66
P100069,Bangalore,Penthouse,2637,3,4,6,26,19,Semi Furnished,"['Gym', 'Power Backup', 'Elevator']",5.69,4,36479617.1
P70193,Kolkata,Apartment,788,5,1,13,7,6,Fully Furnished,"['Wi-Fi', 'Parking', 'Power Backup', 'Elevator', 'Club House', 'Security']",6.3,4,29751762.38
P53783,Bangalore,Villa,856,1,1,12,5,12,Unfurnished,"['Security', 'Garden', 'Club House', 'Power Backup', 'Swimming Pool', 'Gym']",2.34,4,25992168.37
P99362,Delhi,Independent House,1171,5,4,6,6,8,Semi Furnished,"['Parking', 'Wi-Fi', 'Swimming Pool', 'Elevator', 'Garden']",7.03,7,46890741.11
P50810,Delhi,Penthouse,3622,5,3,12,30,6,Fully Furnished,"['Power Backup', 'Parking', 'Security']",8.73,5,11690200.09
P52919,Chennai,Penthouse,3473,3,2,20,13,9,Semi Furnished,"['Wi-Fi', 'Club House', 'Parking', 'Elevator', 'Garden']",2.47,5,10270273.58
P12505,Mumbai,Villa,3640,4,4,7,19,7,Unfurnished,"['Gym', 'Wi-Fi', 'Elevator', 'Club House']",9.03,1,4124898.67
P47773,Hyderabad,Apartment,4021,3,4,16,23,0,Semi Furnished,"['Wi-Fi', 'Gym', 'Security', 'Club House']",5.23,10,46449928.96
P77649,Ahmedabad,Penthouse,3734,1,4,15,19,5,Semi Furnished,"['Club House', 'Security', 'Parking', 'Garden']",1.97,4,37725645.38
P14115,Bangalore,Independent House,4797,4,4,3,28,9,Unfurnished,"['Gym', 'Garden', 'Wi-Fi', 'Power Backup']",6.97,10,9942335.97
P23220,Delhi,Independent House,765,5,1,2,24,0,Unfurnished,"['Power Backup', 'Garden', 'Gym', 'Swimming Pool', 'Parking', 'Security']",5.79,7,13423389.27
P57305,Chennai,Duplex,3531,4,1,16,26,19,Fully Furnished,"['Wi-Fi', 'Parking', 'Power Backup', 'Security']",1.57,2,7025930.28
P98278,Hyderabad,Independent House,4556,3,4,4,25,13,Unfurnished,"['Parking', 'Elevator', 'Swimming Pool', 'Power Backup']",2.54,9,34678470.9
P50734,Bangalore,Villa,1033,1,3,5,11,12,Semi Furnished,"['Garden', 'Security', 'Power Backup', 'Elevator', 'Club House']",2.93,8,22136687.1
P87318,Delhi,Studio,4215,1,2,6,18,17,Fully Furnished,"['Parking', 'Swimming Pool', 'Wi-Fi']",7.6,4,41390348.82
P108523,Ahmedabad,Villa,1267,4,2,2,25,8,Fully Furnished,"['Elevator', 'Wi-Fi', 'Parking', 'Security', 'Power Backup', 'Gym']",1.18,10,42299839.81
P37589,Bangalore,Villa,1294,4,2,4,26,2,Unfurnished,"['Club House', 'Wi-Fi', 'Security', 'Garden', 'Parking']",8.89,3,8368697.53
P40420,Ahmedabad,Studio,4109,2,3,19,21,9,Unfurnished,"['Security', 'Elevator', 'Power Backup']",6.67,8,38867926.6
P37760,Jaipur,Penthouse,4714,3,4,17,20,1,Fully Furnished,"['Garden', 'Swimming Pool', 'Elevator', 'Power Backup', 'Gym', 'Wi-Fi']",6.79,6,23137061.93
P64023,Ahmedabad,Independent House,1938,1,3,5,24,13,Semi Furnished,"['Club House', 'Gym', 'Power Backup', 'Wi-Fi', 'Parking', 'Garden']",4.26,3,27993130.48
P95611,Bangalore,Independent House,1653,3,1,13,8,15,Fully Furnished,"['Garden', 'Security', 'Gym', 'Swimming Pool']",8.08,4,30268460.54
P30521,Chennai,Apartment,2478,1,4,15,8,19,Unfurnished,"['Security', 'Elevator', 'Garden', 'Wi-Fi']",1.74,8,29409529.14
P79341,Chennai,Villa,2993,4,2,12,25,5,Semi Furnished,"['Security', 'Swimming Pool', 'Elevator', 'Garden']",2.29,7,34840864.37
P65050,Bangalore,Penthouse,4527,5,3,2,12,8,Semi Furnished,"['Swimming Pool', 'Gym', 'Club House', 'Garden', 'Parking', 'Security']",9.63,1,36082202.81
P46874,Pune,Penthouse,3286,1,2,16,28,14,Semi Furnished,"['Swimming Pool', 'Garden', 'Wi-Fi', 'Power Backup', 'Security', 'Parking']",5.12,7,39010081.76
P104609,Delhi,Villa,4892,2,3,4,7,2,Fully Furnished,"['Parking', 'Swimming Pool', 'Security', 'Wi-Fi']",3.33,10,44860246.11
P94813,Delhi,Apartment,1165,3,4,8,22,3,Unfurnished,"['Elevator', 'Wi-Fi', 'Security', 'Swimming Pool', 'Club House', 'Parking']",1.57,8,14264630.52
P80548,Bangalore,Duplex,4640,3,3,6,24,0,Unfurnished,"['Elevator', 'Parking', 'Swimming Pool']",4.36,4,37425474.82
P89841,Bangalore,Studio,722,2,4,19,6,13,Fully Furnished,"['Gym', 'Elevator', 'Power Backup']",4.48,2,43453852.97
P52446,Jaipur,Duplex,2289,2,2,11,27,16,Unfurnished,"['Elevator', 'Gym', 'Wi-Fi', 'Garden']",5.34,5,28113062.35
P37162,Pune,Penthouse,3922,5,3,8,20,13,Semi Furnished,"['Wi-Fi', 'Power Backup', 'Club House']",6.44,3,47403434.34
P45669,Delhi,Studio,4126,2,1,15,22,12,Unfurnished,"['Power Backup', 'Garden', 'Elevator', 'Club House']",3.02,9,6249365.41
P27295,Chandigarh,Apartment,4330,5,3,5,26,1,Semi Furnished,"['Wi-Fi', 'Power Backup', 'Elevator', 'Club House', 'Gym', 'Garden']",9.92,6,2585254.23
P53428,Pune,Penthouse,1286,4,1,9,5,10,Unfurnished,"['Wi-Fi', 'Security', 'Swimming Pool']",2.94,7,15690477.79
P73587,Delhi,Duplex,2399,4,3,12,11,2,Unfurnished,"['Wi-Fi', 'Swimming Pool', 'Security', 'Elevator', 'Gym']",3.47,3,23965172.29
P37255,Delhi,Studio,2753,5,4,7,11,19,Semi Furnished,"['Wi-Fi', 'Swimming Pool', 'Power Backup', 'Elevator', 'Security', 'Parking']",7.26,3,23600817.64
P88277,Chennai,Duplex,1144,3,1,5,12,15,Unfurnished,"['Wi-Fi', 'Club House', 'Power Backup', 'Garden']",4.66,5,41667519.36
P77948,Jaipur,Penthouse,2767,3,2,17,8,5,Semi Furnished,"['Swimming Pool', 'Parking', 'Gym']",6.13,2,49581238.26
P99689,Ahmedabad,Independent House,2101,1,3,17,12,11,Semi Furnished,"['Garden', 'Parking', 'Wi-Fi', 'Security']",9.1,5,11826860.35
P21842,Mumbai,Independent House,1026,3,1,3,27,0,Fully Furnished,"['Club House', 'Parking', 'Garden', 'Power Backup', 'Gym', 'Wi-Fi']",4.98,5,10298959.37
P68238,Chandigarh,Villa,4520,1,2,7,24,2,Unfurnished,"['Gym', 'Garden', 'Security', 'Wi-Fi', 'Elevator']",7.9,7,43032066.86
P23162,Jaipur,Studio,630,1,2,12,17,9,Fully Furnished,"['Security', 'Elevator', 'Garden', 'Power Backup', 'Parking']",4.19,10,19107190.98
P64992,Jaipur,Duplex,2215,2,3,5,12,20,Semi Furnished,"['Power Backup', 'Parking', 'Swimming Pool', 'Security', 'Wi-Fi', 'Garden']",9.12,1,41886016.99
P48278,Chandigarh,Villa,2004,5,4,13,24,15,Semi Furnished,"['Parking', 'Club House', 'Security']",3.06,7,4899666.5
P16610,Kolkata,Penthouse,2367,4,3,14,14,6,Unfurnished,"['Gym', 'Swimming Pool', 'Security', 'Parking']",4.31,1,41259237.8
P23382,Delhi,Villa,2464,1,4,6,20,16,Fully Furnished,"['Parking', 'Swimming Pool', 'Club House', 'Security', 'Power Backup']",9.35,5,15758929.55
P28984,Chandigarh,Duplex,1492,3,2,5,15,10,Semi Furnished,"['Wi-Fi', 'Security', 'Power Backup', 'Club House', 'Swimming Pool']",2.36,5,19580743.86
P19963,Ahmedabad,Penthouse,835,2,2,14,15,16,Semi Furnished,"['Club House', 'Security', 'Gym', 'Garden', 'Power Backup']",2.19,6,36183856.95
P23617,Pune,Apartment,1581,5,3,10,16,18,Semi Furnished,"['Swimming Pool', 'Elevator', 'Club House', 'Security', 'Gym']",8.22,5,48588616.67
P10687,Delhi,Penthouse,2547,1,1,10,23,10,Fully Furnished,"['Wi-Fi', 'Power Backup', 'Elevator', 'Gym', 'Club House', 'Garden']",5.85,10,34973259.51
P72080,Chennai,Duplex,3490,2,2,9,7,1,Unfurnished,"['Wi-Fi', 'Club House', 'Elevator', 'Security', 'Swimming Pool']",3.35,1,44998406.62
P106080,Pune,Independent House,3027,1,1,13,14,14,Semi Furnished,"['Elevator', 'Garden', 'Gym', 'Club House']",4.02,9,35178915.74
P41611,Jaipur,Penthouse,1040,5,3,11,15,11,Semi Furnished,"['Elevator', 'Club House', 'Garden']",4.75,4,47701331.31
P108038,Chennai,Independent House,4616,5,2,9,30,11,Unfurnished,"['Swimming Pool', 'Power Backup', 'Elevator', 'Wi-Fi']",7.87,6,23161845.89
P12755,Jaipur,Villa,2471,5,1,12,23,12,Semi Furnished,"['Elevator', 'Wi-Fi', 'Parking', 'Garden', 'Swimming Pool', 'Power Backup']",1.29,3,49325439.08
P48629,Hyderabad,Apartment,2050,2,1,9,25,16,Semi Furnished,"['Parking', 'Power Backup', 'Swimming Pool', 'Gym', 'Wi-Fi']",6.55,2,35145133.81
P18453,Hyderabad,Penthouse,2209,1,3,12,15,1,Semi Furnished,"['Parking', 'Swimming Pool', 'Club House', 'Elevator']",8.76,7,15615353.21
P42585,Jaipur,Apartment,2740,2,2,6,30,19,Fully Furnished,"['Power Backup', 'Security', 'Wi-Fi', 'Swimming Pool']",6.95,1,24678967.47
P55152,Delhi,Studio,1786,2,2,5,25,1,Semi Furnished,"['Swimming Pool', 'Garden', 'Gym', 'Club House']",5.72,10,11329036.7
P81100,Delhi,Duplex,1688,3,4,18,7,14,Unfurnished,"['Wi-Fi', 'Power Backup', 'Garden', 'Club House', 'Swimming Pool']",2.91,5,33914017.77
P54272,Kolkata,Penthouse,4669,5,3,18,13,13,Fully Furnished,"['Power Backup', 'Swimming Pool', 'Gym', 'Parking', 'Club House', 'Elevator']",9.03,6,37094177.26
P54353,Jaipur,Apartment,3042,4,2,1,27,2,Semi Furnished,"['Swimming Pool', 'Security', 'Club House', 'Garden', 'Parking', 'Power Backup']",0.94,5,30941413.15
P92411,Jaipur,Studio,1387,1,4,12,5,15,Semi Furnished,"['Elevator', 'Wi-Fi', 'Gym']",5.58,8,5881439.47
P74113,Bangalore,Apartment,4939,2,4,11,14,5,Semi Furnished,"['Swimming Pool', 'Security', 'Gym', 'Wi-Fi', 'Power Backup']",9.36,4,39903889.4
P50423,Hyderabad,Independent House,2817,5,4,20,12,0,Fully Furnished,"['Gym', 'Elevator', 'Security']",4.03,7,34384286.75
P100808,Mumbai,Independent House,1831,2,2,8,14,10,Fully Furnished,"['Wi-Fi', 'Swimming Pool', 'Garden', 'Club House', 'Power Backup', 'Gym']",4.85,9,46167553.45
P32131,Chandigarh,Independent House,4931,4,2,5,7,13,Semi Furnished,"['Parking', 'Swimming Pool', 'Club House', 'Wi-Fi']",4.79,6,28068717.04
P57370,Bangalore,Penthouse,722,3,1,13,20,10,Unfurnished,"['Security', 'Wi-Fi', 'Parking', 'Gym']",5.71,10,12974823.01
P17405,Jaipur,Studio,501,4,3,17,10,11,Fully Furnished,"['Wi-Fi', 'Power Backup', 'Elevator', 'Swimming Pool', 'Gym']",2.18,4,15641409.22
P10151,Delhi,Apartment,2381,3,4,4,15,16,Unfurnished,"['Garden', 'Power Backup', 'Gym']",1.27,10,3550028.82
P63171,Ahmedabad,Villa,2343,5,4,11,12,14,Fully Furnished,"['Parking', 'Power Backup', 'Wi-Fi', 'Swimming Pool']",1.22,9,33739834.18
P15094,Kolkata,Independent House,757,5,2,5,14,16,Unfurnished,"['Club House', 'Wi-Fi', 'Gym', 'Elevator', 'Swimming Pool', 'Parking']",5.43,5,4414466.41
P39106,Jaipur,Duplex,3303,4,1,19,5,7,Unfurnished,"['Garden', 'Swimming Pool', 'Wi-Fi', 'Elevator']",3.06,9,18915163.57
P94343,Jaipur,Independent House,4317,4,2,1,23,3,Fully Furnished,"['Power Backup', 'Gym', 'Elevator', 'Security', 'Garden', 'Wi-Fi']",9.36,1,30321747.77
P87255,Pune,Studio,3322,3,1,10,19,14,Fully Furnished,"['Garden', 'Power Backup', 'Elevator', 'Security', 'Gym']",6.68,6,13220900.58
P90303,Chennai,Independent House,1572,5,3,9,13,20,Semi Furnished,"['Wi-Fi', 'Club House', 'Gym', 'Garden', 'Swimming Pool']",8.29,7,18760117.93
P44111,Bangalore,Villa,1403,2,2,16,19,6,Unfurnished,"['Elevator', 'Wi-Fi', 'Garden', 'Security']",9.04,3,44246541.1
P99625,Jaipur,Duplex,4550,1,1,11,28,17,Fully Furnished,"['Club House', 'Garden', 'Wi-Fi', 'Security', 'Swimming Pool']",5.43,9,13346816.22
P85198,Pune,Penthouse,4932,5,2,17,12,4,Unfurnished,"['Swimming Pool', 'Elevator', 'Gym', 'Power Backup']",0.9,4,11953970.3
P23155,Pune,Duplex,3989,5,3,18,23,9,Semi Furnished,"['Parking', 'Gym', 'Club House']",4.79,3,2421960.35
P48121,Chennai,Duplex,2480,2,4,17,19,1,Unfurnished,"['Elevator', 'Garden', 'Club House', 'Power Backup', 'Wi-Fi']",7.65,9,12372356.42
P28349,Bangalore,Independent House,1502,2,1,12,17,2,Fully Furnished,"['Gym', 'Garden', 'Wi-Fi', 'Security', 'Parking']",7.05,6,30319863.67
P41141,Ahmedabad,Villa,3476,3,4,11,18,0,Fully Furnished,"['Gym', 'Club House', 'Parking']",7.31,6,43873074.43
P74031,Delhi,Penthouse,4241,2,2,2,12,16,Fully Furnished,"['Security', 'Club House', 'Elevator', 'Power Backup']",9.25,9,47770865.31
P38112,Kolkata,Penthouse,4486,5,2,12,30,16,Unfurnished,"['Gym', 'Club House', 'Power Backup', 'Garden', 'Security']",3.3,8,46124192.55
P84874,Kolkata,Studio,3453,2,2,6,15,5,Fully Furnished,"['Gym', 'Power Backup', 'Garden', 'Elevator', 'Parking', 'Swimming Pool']",2.46,5,13253801.59
P26416,Kolkata,Penthouse,959,2,2,6,6,6,Semi Furnished,"['Security', 'Club House', 'Swimming Pool']",3.91,1,7991992.75
P33087,Jaipur,Penthouse,2542,2,1,18,14,3,Unfurnished,"['Club House', 'Power Backup', 'Swimming Pool', 'Wi-Fi', 'Elevator', 'Security']",2.43,8,27524086.5
P23340,Ahmedabad,Villa,697,5,2,14,17,18,Fully Furnished,"['Security', 'Wi-Fi', 'Club House']",7.9,6,25123379.05
P106528,Ahmedabad,Villa,4151,4,3,2,12,17,Semi Furnished,"['Club House', 'Wi-Fi', 'Security', 'Garden', 'Parking', 'Gym']",3.82,7,1650260.32
P52889,Jaipur,Penthouse,751,3,1,12,7,9,Semi Furnished,"['Club House', 'Parking', 'Garden', 'Security']",3.04,4,3513413.11
P65995,Jaipur,Studio,1912,3,4,5,12,6,Fully Furnished,"['Garden', 'Swimming Pool', 'Parking', 'Security', 'Club House', 'Power Backup']",8.35,1,38622052.54
P60157,Bangalore,Apartment,3063,1,4,1,15,12,Semi Furnished,"['Swimming Pool', 'Gym', 'Elevator', 'Power Backup', 'Garden']",8.81,3,39641900.51
P20054,Mumbai,Independent House,2123,3,3,1,22,6,Unfurnished,"['Security', 'Gym', 'Power Backup']",8.68,9,5804128.22
P42663,Delhi,Studio,1593,2,3,10,16,9,Unfurnished,"['Power Backup', 'Elevator', 'Parking', 'Club House']",3.56,9,33206006.04
P50622,Chandigarh,Independent House,2035,2,1,3,23,17,Unfurnished,"['Gym', 'Wi-Fi', 'Swimming Pool', 'Garden', 'Power Backup', 'Elevator']",9.96,10,27446484.18
P64523,Pune,Penthouse,2029,1,3,2,25,10,Semi Furnished,"['Club House', 'Swimming Pool', 'Parking']",9.75,1,43561532.02
P52590,Ahmedabad,Penthouse,3926,4,1,2,20,10,Fully Furnished,"['Security', 'Swimming Pool', 'Parking', 'Gym', 'Club House', 'Elevator']",6.65,1,37174056.23
P81615,Jaipur,Apartment,3450,2,4,12,14,3,Semi Furnished,"['Wi-Fi', 'Swimming Pool', 'Club House', 'Gym']",1.76,8,33890314.07
P79046,Ahmedabad,Penthouse,3408,2,1,5,21,7,Semi Furnished,"['Wi-Fi', 'Gym', 'Security', 'Garden', 'Club House']",1.76,5,22306261.58
P99927,Jaipur,Duplex,1184,5,1,9,19,8,Unfurnished,"['Swimming Pool', 'Club House', 'Power Backup', 'Wi-Fi', 'Garden']",7.49,1,47007008.25
P92798,Delhi,Villa,2584,3,2,6,28,14,Fully Furnished,"['Club House', 'Garden', 'Power Backup', 'Swimming Pool', 'Parking', 'Security']",5.03,4,12498833.54
P63553,Ahmedabad,Villa,1950,5,4,15,20,14,Fully Furnished,"['Swimming Pool', 'Parking', 'Wi-Fi', 'Club House']",7.21,9,43272184.88
P36825,Jaipur,Studio,3285,5,2,17,9,19,Fully Furnished,"['Security', 'Power Backup', 'Wi-Fi', 'Elevator', 'Gym', 'Garden']",7.41,8,25748200.45
P70525,Pune,Duplex,2945,4,1,10,30,13,Unfurnished,"['Gym', 'Wi-Fi', 'Swimming Pool', 'Club House']",3.42,5,10334500.99
P96917,Pune,Villa,3509,3,1,14,7,11,Semi Furnished,"['Garden', 'Club House', 'Security', 'Gym']",1.65,7,41239967.32
P108736,Ahmedabad,Studio,2794,2,3,10,15,13,Semi Furnished,"['Wi-Fi', 'Elevator', 'Power Backup', 'Gym', 'Club House']",6.39,4,10581518.71
P32597,Chennai,Studio,2072,4,1,12,24,0,Semi Furnished,"['Garden', 'Wi-Fi', 'Gym']",3.74,1,42120552.32
P100283,Chennai,Studio,4118,4,3,7,30,18,Semi Furnished,"['Garden', 'Wi-Fi', 'Security']",5.26,7,2933199.81
P59368,Chennai,Duplex,4589,1,4,20,28,7,Semi Furnished,"['Parking', 'Wi-Fi', 'Elevator', 'Gym', 'Swimming Pool']",8.67,9,28068952.05
P104622,Jaipur,Independent House,3318,3,4,19,29,7,Unfurnished,"['Elevator', 'Power Backup', 'Security', 'Garden', 'Gym']",5.64,3,44607505.59
P61434,Bangalore,Duplex,1221,1,2,13,29,14,Unfurnished,"['Swimming Pool', 'Security', 'Garden']",3.09,1,12229120.99
P70272,Delhi,Independent House,3290,4,3,13,5,10,Unfurnished,"['Swimming Pool', 'Garden', 'Gym']",1.36,4,29061595.42
P56606,Kolkata,Apartment,556,2,2,17,25,3,Unfurnished,"['Elevator', 'Garden', 'Swimming Pool', 'Club House']",4.9,2,47126039.13
P63750,Bangalore,Penthouse,3851,3,2,15,13,11,Unfurnished,"['Security', 'Garden', 'Gym', 'Elevator']",9.56,5,23220796
P99545,Hyderabad,Apartment,1521,2,1,9,30,13,Unfurnished,"['Swimming Pool', 'Elevator', 'Parking', 'Power Backup', 'Gym', 'Garden']",5.6,3,40406807.39
P37508,Chandigarh,Independent House,2421,5,1,4,29,18,Fully Furnished,"['Garden', 'Swimming Pool', 'Club House']",1.14,4,26456278.67
P78887,Mumbai,Studio,2850,2,1,1,15,7,Fully Furnished,"['Garden', 'Club House', 'Power Backup']",8.2,6,44615525.17
P28056,Ahmedabad,Penthouse,3925,2,4,19,19,12,Unfurnished,"['Swimming Pool', 'Elevator', 'Garden', 'Parking', 'Club House']",2.76,8,8443473.63
P77986,Chennai,Villa,4981,3,2,10,26,6,Fully Furnished,"['Elevator', 'Power Backup', 'Parking', 'Garden', 'Security']",1.52,10,39653535.25
P102613,Delhi,Studio,1691,1,1,13,9,11,Fully Furnished,"['Garden', 'Power Backup', 'Gym', 'Parking', 'Swimming Pool', 'Elevator']",4.48,4,24126901.88
P66179,Kolkata,Villa,1441,1,3,19,27,18,Fully Furnished,"['Power Backup', 'Wi-Fi', 'Elevator', 'Gym']",4.33,4,14443192.65
P92973,Bangalore,Studio,3169,5,4,4,10,17,Fully Furnished,"['Gym', 'Power Backup', 'Elevator']",1.17,4,7438920.91
P59843,Mumbai,Studio,1688,5,4,8,19,8,Unfurnished,"['Wi-Fi', 'Elevator', 'Swimming Pool', 'Security', 'Power Backup']",5.22,10,40161973.16
P45936,Jaipur,Studio,3315,2,2,3,15,14,Semi Furnished,"['Security', 'Wi-Fi', 'Club House', 'Parking', 'Swimming Pool', 'Elevator']",7.08,7,2857353.32
P24005,Hyderabad,Villa,2256,4,4,15,25,20,Semi Furnished,"['Wi-Fi', 'Security', 'Power Backup', 'Gym', 'Parking', 'Swimming Pool']",5.14,5,8989355.59
P71898,Jaipur,Apartment,1733,4,1,9,15,19,Fully Furnished,"['Gym', 'Garden', 'Power Backup', 'Club House']",4.61,7,28909707.18
P45988,Delhi,Independent House,2693,1,1,10,8,16,Fully Furnished,"['Club House', 'Gym', 'Power Backup', 'Security', 'Swimming Pool', 'Elevator']",3.32,6,41895128.96
P67733,Kolkata,Villa,1612,2,2,19,23,14,Semi Furnished,"['Club House', 'Gym', 'Power Backup', 'Garden', 'Security']",2.67,3,30838314.5
P104870,Chennai,Independent House,3560,4,4,14,23,7,Unfurnished,"['Power Backup', 'Wi-Fi', 'Security', 'Elevator']",2.16,1,14780537.75
P11252,Ahmedabad,Penthouse,2124,4,4,16,24,5,Fully Furnished,"['Elevator', 'Security', 'Swimming Pool', 'Gym']",3.66,5,8536962.78
P44400,Mumbai,Penthouse,4317,4,2,12,17,13,Semi Furnished,"['Wi-Fi', 'Security', 'Garden']",7.05,1,4622836.73
P97628,Chandigarh,Villa,2312,3,1,8,14,5,Semi Furnished,"['Swimming Pool', 'Parking', 'Wi-Fi', 'Security']",8.88,10,17779533.58
P20384,Bangalore,Duplex,1657,4,1,8,13,7,Unfurnished,"['Gym', 'Swimming Pool', 'Elevator']",3.29,8,27118044.97
P76497,Kolkata,Villa,1497,3,4,15,7,19,Semi Furnished,"['Swimming Pool', 'Club House', 'Security']",1.77,9,20360659.78
P92083,Chandigarh,Villa,3809,5,1,13,6,0,Fully Furnished,"['Gym', 'Wi-Fi', 'Elevator', 'Power Backup', 'Garden', 'Security']",1.37,2,37916947.99
P39116,Ahmedabad,Studio,2446,1,3,1,15,14,Unfurnished,"['Garden', 'Wi-Fi', 'Parking', 'Security', 'Gym']",1.36,3,2869856.04
P16225,Chennai,Independent House,2183,3,3,20,13,12,Fully Furnished,"['Club House', 'Power Backup', 'Garden', 'Gym', 'Elevator']",9.18,6,41702389.95
P105373,Bangalore,Independent House,3912,4,4,19,10,3,Unfurnished,"['Power Backup', 'Elevator', 'Security', 'Garden']",7.93,9,10273707.64
P42823,Jaipur,Penthouse,1048,1,4,17,22,17,Unfurnished,"['Elevator', 'Gym', 'Security', 'Wi-Fi']",1.55,4,30866717.53
P61124,Chandigarh,Apartment,2156,3,4,12,30,0,Fully Furnished,"['Security', 'Elevator', 'Garden', 'Power Backup']",9.55,5,40428639.75
P83616,Bangalore,Studio,1019,2,4,12,19,8,Semi Furnished,"['Wi-Fi', 'Gym', 'Security', 'Swimming Pool']",9.72,9,2078646.86
P54166,Chandigarh,Penthouse,4777,2,4,1,20,10,Fully Furnished,"['Garden', 'Gym', 'Security']",8.05,1,40263101.02
P32235,Chennai,Independent House,1423,4,3,4,25,17,Fully Furnished,"['Garden', 'Swimming Pool', 'Elevator']",1.87,4,5299180.31
P83204,Hyderabad,Penthouse,3991,5,3,8,8,20,Unfurnished,"['Gym', 'Elevator', 'Wi-Fi', 'Club House', 'Garden', 'Parking']",6.44,8,20586706.45
P56922,Chennai,Studio,3735,5,4,6,27,9,Unfurnished,"['Swimming Pool', 'Gym', 'Wi-Fi', 'Garden', 'Security']",7.39,1,47820065.36
P27428,Bangalore,Penthouse,582,1,2,12,27,7,Fully Furnished,"['Club House', 'Parking', 'Swimming Pool', 'Power Backup']",0.56,4,40756016.26
P74906,Chandigarh,Villa,3169,5,1,3,20,13,Unfurnished,"['Elevator', 'Wi-Fi', 'Parking', 'Gym']",8,4,27712370.48
P67072,Hyderabad,Penthouse,1257,1,4,14,10,19,Semi Furnished,"['Parking', 'Elevator', 'Power Backup', 'Security']",5.02,2,40572174.88
P65398,Kolkata,Duplex,4314,5,1,18,22,16,Fully Furnished,"['Elevator', 'Power Backup', 'Parking']",5.01,7,42012527.79
P23462,Chennai,Penthouse,2940,5,4,1,30,2,Fully Furnished,"['Swimming Pool', 'Parking', 'Club House', 'Power Backup']",3.38,3,36242886.88
P88401,Mumbai,Studio,1583,4,4,14,26,19,Semi Furnished,"['Security', 'Elevator', 'Club House', 'Parking']",0.69,6,39668637.1
P25908,Ahmedabad,Apartment,2627,1,1,11,17,6,Fully Furnished,"['Power Backup', 'Club House', 'Security', 'Garden', 'Parking']",6.48,3,14304345.02
P86448,Ahmedabad,Studio,4984,4,1,15,14,5,Semi Furnished,"['Elevator', 'Wi-Fi', 'Club House']",8.4,7,4606145.18
P102817,Chennai,Duplex,1776,5,4,15,10,17,Unfurnished,"['Parking', 'Elevator', 'Power Backup', 'Security']",6.12,5,28061844.06
P47297,Pune,Independent House,830,4,3,15,17,14,Semi Furnished,"['Garden', 'Swimming Pool', 'Gym', 'Power Backup']",6.3,3,17278364.68
P82099,Chandigarh,Independent House,2309,5,2,6,23,11,Fully Furnished,"['Security', 'Garden', 'Elevator', 'Club House', 'Swimming Pool', 'Wi-Fi']",1.8,1,38348674.16
P18694,Pune,Penthouse,3146,5,4,8,11,5,Fully Furnished,"['Swimming Pool', 'Gym', 'Garden', 'Elevator']",4.9,4,9096919.55
P105631,Jaipur,Apartment,4662,3,4,9,15,0,Fully Furnished,"['Power Backup', 'Swimming Pool', 'Gym', 'Elevator', 'Wi-Fi']",5.75,9,22013585.89
P95807,Bangalore,Studio,4174,2,2,13,24,3,Fully Furnished,"['Parking', 'Security', 'Club House', 'Garden']",1.7,5,38258200.72
P38442,Chennai,Apartment,2698,1,3,13,24,17,Unfurnished,"['Security', 'Wi-Fi', 'Gym']",0.94,6,4413653.08
P84644,Bangalore,Studio,3295,2,1,18,17,0,Unfurnished,"['Gym', 'Power Backup', 'Parking', 'Swimming Pool', 'Club House']",1.93,9,2276474.61
P44937,Mumbai,Apartment,2485,2,2,9,8,13,Semi Furnished,"['Power Backup', 'Wi-Fi', 'Parking']",2.4,3,42507872.12
P49663,Delhi,Independent House,3855,5,1,15,6,14,Fully Furnished,"['Elevator', 'Power Backup', 'Swimming Pool']",8.26,10,23013487.97
P80998,Bangalore,Villa,1571,3,2,19,7,7,Semi Furnished,"['Club House', 'Power Backup', 'Security']",1.3,4,11909725.94
P44215,Chennai,Penthouse,4734,4,1,10,7,3,Semi Furnished,"['Elevator', 'Security', 'Gym', 'Wi-Fi', 'Power Backup']",0.98,4,25485262.34
P37380,Delhi,Studio,2993,5,1,10,25,19,Unfurnished,"['Parking', 'Power Backup', 'Security', 'Club House', 'Garden']",9.73,6,37400740.32
P48864,Kolkata,Penthouse,4421,2,1,1,6,2,Unfurnished,"['Garden', 'Gym', 'Wi-Fi', 'Security', 'Elevator', 'Club House']",4.52,3,39663390.17
P66591,Delhi,Apartment,1485,4,2,12,6,2,Unfurnished,"['Elevator', 'Parking', 'Security']",6.9,4,14299741.82
P14539,Chandigarh,Villa,3105,1,4,5,11,7,Fully Furnished,"['Gym', 'Wi-Fi', 'Club House', 'Swimming Pool']",1.51,10,9994826.55
P21320,Chandigarh,Independent House,656,4,2,19,15,0,Unfurnished,"['Club House', 'Wi-Fi', 'Gym', 'Power Backup', 'Swimming Pool']",9.07,7,18979341.87
P70894,Hyderabad,Villa,1684,3,2,9,8,7,Semi Furnished,"['Elevator', 'Power Backup', 'Swimming Pool']",1.53,3,36822924.73
P48000,Pune,Duplex,2877,5,4,4,22,13,Unfurnished,"['Security', 'Parking', 'Elevator', 'Club House', 'Power Backup']",9.61,1,24128003.51
P16211,Ahmedabad,Apartment,1434,5,2,4,6,18,Fully Furnished,"['Wi-Fi', 'Security', 'Club House', 'Garden', 'Power Backup', 'Parking']",7.32,2,44183031.7
P87053,Delhi,Villa,3085,4,1,15,21,20,Fully Furnished,"['Parking', 'Gym', 'Swimming Pool', 'Security', 'Elevator']",1.91,7,6731273.68
P103626,Kolkata,Studio,4811,2,3,4,22,3,Unfurnished,"['Gym', 'Wi-Fi', 'Garden', 'Security', 'Club House']",9.76,1,49806720.02
P100301,Chennai,Villa,947,1,3,7,28,16,Fully Furnished,"['Wi-Fi', 'Gym', 'Parking', 'Security']",9.68,6,21679125.98
P59217,Delhi,Duplex,1540,5,2,11,22,19,Semi Furnished,"['Swimming Pool', 'Wi-Fi', 'Elevator', 'Parking', 'Security']",9.61,4,36314233.58
P104726,Kolkata,Duplex,2228,3,3,12,19,2,Fully Furnished,"['Swimming Pool', 'Security', 'Elevator']",6.34,6,26830059.27
P28372,Hyderabad,Apartment,1907,2,4,7,17,4,Unfurnished,"['Club House', 'Garden', 'Elevator', 'Gym']",8.04,3,36976286.34
P15913,Jaipur,Duplex,1556,5,4,16,10,14,Semi Furnished,"['Club House', 'Power Backup', 'Elevator', 'Gym', 'Wi-Fi', 'Swimming Pool']",1.67,3,42511714.27
P51202,Jaipur,Apartment,1116,4,4,7,26,17,Semi Furnished,"['Power Backup', 'Wi-Fi', 'Garden', 'Elevator', 'Club House']",8.16,8,7945288.81
P80526,Pune,Studio,560,4,2,1,30,11,Unfurnished,"['Parking', 'Security', 'Club House', 'Elevator', 'Swimming Pool', 'Power Backup']",8.05,1,41130492.9
P49552,Kolkata,Duplex,1484,4,1,14,17,13,Fully Furnished,"['Club House', 'Elevator', 'Garden', 'Gym', 'Wi-Fi']",7.16,10,16861657.81
P84525,Pune,Penthouse,4096,3,4,17,8,7,Fully Furnished,"['Gym', 'Parking', 'Club House']",6.62,4,29026680.58
P19299,Chennai,Studio,677,2,2,1,24,10,Semi Furnished,"['Club House', 'Swimming Pool', 'Wi-Fi', 'Gym', 'Garden', 'Elevator']",7.28,4,29852701.64
P108923,Chandigarh,Penthouse,3293,5,4,3,25,15,Semi Furnished,"['Garden', 'Gym', 'Security', 'Club House', 'Parking']",6.94,2,39174560.69
P57810,Jaipur,Duplex,1675,3,1,3,30,10,Unfurnished,"['Gym', 'Elevator', 'Parking', 'Garden', 'Power Backup', 'Swimming Pool']",4.44,1,45614615.8
P79242,Jaipur,Independent House,4968,1,4,20,22,0,Semi Furnished,"['Security', 'Club House', 'Parking', 'Wi-Fi', 'Power Backup', 'Swimming Pool']",9.77,4,34949678.26
P40511,Kolkata,Apartment,2014,5,3,3,9,19,Semi Furnished,"['Garden', 'Parking', 'Elevator']",2.02,3,27234014.18
P80168,Chandigarh,Penthouse,2665,2,2,8,15,6,Unfurnished,"['Garden', 'Security', 'Club House', 'Elevator', 'Power Backup', 'Wi-Fi']",4.32,8,31288160.77
P22022,Hyderabad,Studio,4903,1,4,7,15,20,Semi Furnished,"['Swimming Pool', 'Garden', 'Club House']",8.65,4,23413422.93
P90545,Jaipur,Duplex,3457,5,1,1,26,19,Semi Furnished,"['Parking', 'Power Backup', 'Swimming Pool', 'Club House']",3.12,3,6151991.47
P64454,Kolkata,Villa,3723,1,2,18,25,14,Semi Furnished,"['Club House', 'Parking', 'Swimming Pool', 'Gym', 'Security', 'Wi-Fi']",2.73,8,28722654.54
P82770,Kolkata,Penthouse,3546,5,3,15,24,0,Semi Furnished,"['Club House', 'Swimming Pool', 'Elevator', 'Security']",8.07,6,47461375.55
P92217,Mumbai,Apartment,4567,5,4,8,22,16,Unfurnished,"['Wi-Fi', 'Elevator', 'Power Backup']",4.14,8,45287492.15
P36317,Bangalore,Independent House,3610,5,1,19,16,6,Semi Furnished,"['Garden', 'Parking', 'Wi-Fi', 'Power Backup', 'Elevator', 'Swimming Pool']",1.49,2,48010656.12
P93123,Kolkata,Penthouse,4932,4,1,4,22,11,Semi Furnished,"['Security', 'Power Backup', 'Parking', 'Gym', 'Elevator', 'Garden']",5.07,4,21309688.58
P96555,Hyderabad,Villa,3356,1,3,19,9,18,Unfurnished,"['Wi-Fi', 'Parking', 'Gym', 'Power Backup', 'Swimming Pool']",2.07,9,38550395.7
P85140,Jaipur,Duplex,1887,4,2,17,22,19,Semi Furnished,"['Gym', 'Garden', 'Club House', 'Security', 'Elevator']",7.83,4,18218600.55
P26469,Delhi,Duplex,1537,3,4,3,14,20,Semi Furnished,"['Elevator', 'Garden', 'Security', 'Wi-Fi', 'Club House', 'Gym']",2.67,9,21658825.27
P103059,Ahmedabad,Studio,681,2,1,18,22,12,Unfurnished,"['Security', 'Club House', 'Elevator', 'Swimming Pool', 'Garden']",5.93,5,21501462.53
P107987,Kolkata,Apartment,1159,2,2,3,7,12,Semi Furnished,"['Parking', 'Garden', 'Swimming Pool']",3.04,10,1929355.38
P20642,Mumbai,Apartment,1698,2,4,12,9,19,Unfurnished,"['Club House', 'Parking', 'Wi-Fi', 'Elevator']",7.43,2,40349853.11
P71623,Kolkata,Villa,3934,3,3,14,17,4,Unfurnished,"['Power Backup', 'Gym', 'Wi-Fi', 'Swimming Pool', 'Garden', 'Security']",0.59,2,48276254.71
P104046,Delhi,Studio,1016,3,2,2,10,9,Fully Furnished,"['Club House', 'Power Backup', 'Swimming Pool', 'Wi-Fi', 'Elevator', 'Parking']",5.11,1,9755500.32
P52353,Bangalore,Apartment,2345,4,4,12,6,15,Fully Furnished,"['Parking', 'Wi-Fi', 'Security']",7.37,4,26260946.16
P27743,Bangalore,Independent House,667,1,2,20,26,5,Semi Furnished,"['Wi-Fi', 'Gym', 'Parking', 'Power Backup', 'Garden', 'Security']",2.93,4,34431503
P40529,Mumbai,Independent House,1532,2,1,2,20,19,Semi Furnished,"['Club House', 'Power Backup', 'Parking', 'Security', 'Wi-Fi']",6.96,9,29297919.56
P95783,Chennai,Studio,1360,1,2,18,8,0,Unfurnished,"['Club House', 'Gym', 'Swimming Pool', 'Power Backup', 'Parking', 'Garden']",4.1,9,36860501.8
P51471,Delhi,Penthouse,3551,3,4,7,14,11,Semi Furnished,"['Parking', 'Club House', 'Garden', 'Power Backup', 'Swimming Pool', 'Wi-Fi']",5.82,2,23739713.27
P87500,Kolkata,Apartment,2023,4,3,5,16,10,Unfurnished,"['Wi-Fi', 'Security', 'Club House', 'Elevator', 'Garden']",8.29,6,19647691.84
P84701,Bangalore,Penthouse,4354,3,3,4,22,15,Fully Furnished,"['Garden', 'Parking', 'Wi-Fi']",3.43,6,49869737.15
P80150,Delhi,Duplex,4711,2,4,14,23,18,Semi Furnished,"['Wi-Fi', 'Security', 'Gym']",1.41,1,21008581.42
P105717,Hyderabad,Duplex,1427,4,2,10,24,8,Fully Furnished,"['Power Backup', 'Wi-Fi', 'Gym', 'Parking']",9.11,2,32358173.34
P31441,Bangalore,Studio,763,2,3,19,10,14,Semi Furnished,"['Swimming Pool', 'Security', 'Power Backup']",9.56,5,26281227.37
P31450,Delhi,Studio,685,2,2,1,17,18,Semi Furnished,"['Parking', 'Elevator', 'Security']",7.62,1,48703532.31
P55226,Chandigarh,Penthouse,957,5,2,13,28,3,Fully Furnished,"['Elevator', 'Security', 'Garden', 'Swimming Pool', 'Power Backup', 'Wi-Fi']",1.01,10,12997874.41
P79080,Chandigarh,Independent House,2210,1,3,14,6,4,Semi Furnished,"['Club House', 'Wi-Fi', 'Power Backup', 'Gym']",1.91,2,26467062.58
P26493,Chennai,Penthouse,529,1,3,19,17,13,Fully Furnished,"['Elevator', 'Gym', 'Security', 'Swimming Pool']",4.96,1,24758665.13
P80387,Mumbai,Duplex,2386,4,1,14,10,5,Unfurnished,"['Power Backup', 'Elevator', 'Garden']",7.25,3,6837255.02
P95667,Kolkata,Independent House,2477,5,2,15,23,12,Unfurnished,"['Security', 'Garden', 'Gym', 'Wi-Fi', 'Club House', 'Elevator']",5.41,8,29421314.07
P48703,Chennai,Studio,3041,3,3,5,23,6,Unfurnished,"['Wi-Fi', 'Swimming Pool', 'Security']",3.96,4,36863967.41
P35637,Kolkata,Studio,1754,3,4,18,27,10,Semi Furnished,"['Elevator', 'Club House', 'Power Backup', 'Garden']",9.09,2,9331066.92
P54587,Kolkata,Duplex,3274,1,4,3,20,19,Semi Furnished,"['Security', 'Club House', 'Garden', 'Parking']",8.92,4,20867832.99
P30342,Jaipur,Penthouse,1136,2,3,10,5,9,Unfurnished,"['Garden', 'Club House', 'Elevator', 'Gym']",2.39,9,23639621.25
P30939,Mumbai,Independent House,4012,5,4,8,8,12,Fully Furnished,"['Power Backup', 'Elevator', 'Club House', 'Security', 'Garden', 'Wi-Fi']",0.82,2,31574973.53
P38061,Pune,Apartment,3594,2,2,10,18,10,Unfurnished,"['Swimming Pool', 'Club House', 'Wi-Fi', 'Garden', 'Elevator', 'Gym']",5.91,3,3599928.1
P66056,Ahmedabad,Studio,2605,3,2,11,29,19,Unfurnished,"['Parking', 'Club House', 'Wi-Fi', 'Elevator']",9.83,7,30923856.25
P42908,Ahmedabad,Duplex,3512,1,2,12,16,14,Semi Furnished,"['Garden', 'Power Backup', 'Gym', 'Wi-Fi']",4.32,8,49436812.55
P48249,Chennai,Studio,1190,2,3,17,16,11,Unfurnished,"['Wi-Fi', 'Elevator', 'Club House', 'Power Backup']",9.54,3,14460012.58
P56599,Ahmedabad,Villa,3321,1,1,15,11,17,Fully Furnished,"['Parking', 'Club House', 'Garden', 'Wi-Fi', 'Gym', 'Security']",2.8,4,43339893.67
P11244,Chandigarh,Independent House,4400,5,2,17,25,0,Unfurnished,"['Garden', 'Elevator', 'Swimming Pool', 'Wi-Fi']",6.05,10,24515222.06
P98130,Chennai,Apartment,4676,5,1,12,25,17,Fully Furnished,"['Parking', 'Gym', 'Wi-Fi', 'Elevator']",3.59,5,13503655.41
P14507,Delhi,Apartment,4283,4,4,13,27,4,Fully Furnished,"['Swimming Pool', 'Wi-Fi', 'Power Backup', 'Club House']",6.99,3,36828316.09
P61046,Bangalore,Independent House,1655,2,4,5,18,15,Unfurnished,"['Security', 'Swimming Pool', 'Garden', 'Parking', 'Gym', 'Elevator']",6.44,4,43118999.12
P69486,Hyderabad,Villa,976,1,2,11,14,16,Semi Furnished,"['Gym', 'Parking', 'Elevator']",6.35,9,13066731.61
P101451,Hyderabad,Villa,2190,2,2,4,5,18,Fully Furnished,"['Power Backup', 'Security', 'Club House', 'Elevator', 'Garden']",7.81,7,12458773.63
P69026,Bangalore,Apartment,985,2,2,14,30,9,Semi Furnished,"['Elevator', 'Club House', 'Security', 'Wi-Fi']",5.01,2,32197659.82
P70401,Ahmedabad,Studio,2042,5,3,18,9,17,Semi Furnished,"['Power Backup', 'Gym', 'Club House', 'Garden', 'Security', 'Swimming Pool']",4.52,8,37166660.87
P18143,Hyderabad,Independent House,1933,5,4,16,6,5,Fully Furnished,"['Security', 'Wi-Fi', 'Swimming Pool', 'Gym', 'Power Backup', 'Elevator']",2.13,3,29506696.86
P32945,Pune,Penthouse,1164,5,1,2,5,17,Semi Furnished,"['Club House', 'Swimming Pool', 'Elevator']",9.77,4,10781477.74
P23593,Chandigarh,Duplex,600,2,4,4,26,5,Unfurnished,"['Garden', 'Swimming Pool', 'Power Backup', 'Gym', 'Club House']",1.3,8,42809835.32
P47623,Jaipur,Duplex,4697,5,2,10,26,5,Unfurnished,"['Wi-Fi', 'Parking', 'Security', 'Gym', 'Garden', 'Swimming Pool']",9.58,6,30924034.57
P93017,Chennai,Duplex,937,5,2,17,26,19,Fully Furnished,"['Power Backup', 'Wi-Fi', 'Parking']",8.98,2,15817799.56
P52513,Delhi,Independent House,2132,2,1,9,25,6,Fully Furnished,"['Gym', 'Club House', 'Swimming Pool', 'Garden']",3.23,5,15774609.94
P105830,Bangalore,Duplex,4498,2,4,6,9,9,Fully Furnished,"['Elevator', 'Swimming Pool', 'Wi-Fi', 'Parking']",8.9,8,19506315.75
P58880,Hyderabad,Penthouse,3164,3,1,11,29,16,Fully Furnished,"['Elevator', 'Gym', 'Garden', 'Security', 'Club House']",9.9,1,39284769.24
P54270,Jaipur,Villa,2125,3,3,12,17,20,Semi Furnished,"['Security', 'Elevator', 'Gym', 'Wi-Fi', 'Parking', 'Power Backup']",2.44,8,32123412.3
P22212,Bangalore,Penthouse,1270,4,3,12,21,15,Semi Furnished,"['Security', 'Club House', 'Swimming Pool', 'Garden']",7.53,8,4835872.52
P14887,Bangalore,Penthouse,3842,4,4,1,11,6,Fully Furnished,"['Wi-Fi', 'Security', 'Swimming Pool', 'Garden', 'Club House']",1.77,9,16649205.06
P36457,Kolkata,Penthouse,2473,3,1,18,20,18,Fully Furnished,"['Power Backup', 'Parking', 'Security', 'Elevator', 'Wi-Fi', 'Gym']",6.17,10,36644731.92
P68317,Chennai,Apartment,3554,3,3,7,7,9,Fully Furnished,"['Wi-Fi', 'Security', 'Gym', 'Club House']",4.82,1,19265375.34
P72249,Chennai,Apartment,2210,4,3,9,18,2,Unfurnished,"['Garden', 'Swimming Pool', 'Wi-Fi']",5.3,3,16521143.6
P65980,Delhi,Duplex,1689,1,1,10,18,17,Fully Furnished,"['Swimming Pool', 'Club House', 'Elevator', 'Wi-Fi', 'Security']",4.28,6,28462341.94
P67252,Kolkata,Penthouse,1218,5,1,10,10,11,Semi Furnished,"['Club House', 'Garden', 'Elevator']",6.08,4,42230865.41
P52143,Ahmedabad,Apartment,4738,2,3,13,28,11,Semi Furnished,"['Power Backup', 'Wi-Fi', 'Elevator']",0.75,8,20430849.45
P106572,Hyderabad,Duplex,1655,3,2,13,15,13,Fully Furnished,"['Elevator', 'Swimming Pool', 'Gym']",9.68,10,26604059.5
P40717,Delhi,Independent House,3769,5,2,20,14,18,Unfurnished,"['Power Backup', 'Parking', 'Club House', 'Garden', 'Swimming Pool']",2.65,3,48302978.56
P34294,Jaipur,Independent House,691,4,4,5,5,17,Semi Furnished,"['Garden', 'Power Backup', 'Swimming Pool', 'Wi-Fi']",5,8,43523793.66
P62944,Ahmedabad,Independent House,769,4,3,7,10,3,Semi Furnished,"['Gym', 'Garden', 'Wi-Fi']",5.85,5,15920013.08
P83766,Mumbai,Penthouse,4566,2,3,17,16,1,Unfurnished,"['Wi-Fi', 'Club House', 'Power Backup', 'Swimming Pool']",2.68,2,16416706.26
P79477,Chennai,Apartment,2980,5,4,5,10,20,Fully Furnished,"['Security', 'Elevator', 'Gym', 'Wi-Fi']",2.5,4,3369333.29
P53001,Mumbai,Villa,4290,2,3,9,27,13,Semi Furnished,"['Elevator', 'Garden', 'Wi-Fi', 'Power Backup', 'Gym']",0.74,7,9157856.62
P34359,Chandigarh,Independent House,1713,1,1,5,24,1,Semi Furnished,"['Gym', 'Club House', 'Parking', 'Wi-Fi', 'Elevator', 'Garden']",7.57,8,34410910.44
P31204,Kolkata,Apartment,778,4,4,10,13,4,Semi Furnished,"['Security', 'Power Backup', 'Garden', 'Wi-Fi', 'Club House', 'Elevator']",0.99,7,27549910.22
P14840,Kolkata,Duplex,910,1,4,19,16,19,Unfurnished,"['Wi-Fi', 'Gym', 'Elevator', 'Garden', 'Parking']",8.79,9,28634081.33
P63441,Chandigarh,Studio,1824,5,3,10,30,5,Fully Furnished,"['Parking', 'Club House', 'Elevator']",0.8,10,17480188.29
P70430,Jaipur,Apartment,4051,4,4,6,12,0,Fully Furnished,"['Power Backup', 'Club House', 'Elevator', 'Security', 'Swimming Pool']",3.17,9,13440731.43
P67026,Delhi,Duplex,1363,1,1,13,25,18,Semi Furnished,"['Gym', 'Power Backup', 'Garden', 'Parking']",0.62,8,7313328.22
P15230,Ahmedabad,Apartment,4448,4,4,5,30,12,Unfurnished,"['Wi-Fi', 'Elevator', 'Parking']",0.97,2,25593783.86
P74479,Bangalore,Villa,2986,1,4,2,11,8,Fully Furnished,"['Swimming Pool', 'Garden', 'Security', 'Club House']",5.97,5,12811947.36
P31762,Kolkata,Duplex,3846,5,1,12,25,3,Semi Furnished,"['Swimming Pool', 'Gym', 'Wi-Fi', 'Club House']",1.29,2,2574527.85
P48195,Chandigarh,Studio,608,3,1,6,5,0,Fully Furnished,"['Club House', 'Elevator', 'Power Backup']",4.61,4,35134071.19
P70716,Chennai,Independent House,2412,4,1,2,5,2,Fully Furnished,"['Elevator', 'Club House', 'Gym']",5.19,2,4384323.28
P57770,Hyderabad,Duplex,2923,1,3,17,18,8,Semi Furnished,"['Power Backup', 'Security', 'Parking', 'Gym']",2.9,4,26401671.92
P55493,Delhi,Apartment,2376,4,1,20,27,13,Semi Furnished,"['Elevator', 'Swimming Pool', 'Power Backup']",0.82,10,38028513.55
P62185,Pune,Duplex,4388,5,4,14,24,8,Unfurnished,"['Security', 'Gym', 'Parking']",1.43,4,49946485.58
P94484,Delhi,Duplex,3395,4,3,3,21,19,Fully Furnished,"['Club House', 'Swimming Pool', 'Gym', 'Elevator', 'Wi-Fi', 'Power Backup']",4.87,3,24874444.2
P106470,Chandigarh,Studio,1104,2,4,18,23,6,Fully Furnished,"['Security', 'Club House', 'Parking', 'Swimming Pool', 'Elevator', 'Gym']",8.36,1,20275837.25
P36271,Mumbai,Studio,3224,1,4,19,18,16,Fully Furnished,"['Club House', 'Garden', 'Wi-Fi', 'Power Backup', 'Elevator', 'Parking']",3.2,10,5015108.04
P29877,Mumbai,Penthouse,1170,4,3,14,9,8,Unfurnished,"['Elevator', 'Parking', 'Garden', 'Club House', 'Swimming Pool']",9.65,3,21834194.61
P98245,Mumbai,Penthouse,2828,4,1,2,14,1,Fully Furnished,"['Swimming Pool', 'Garden', 'Elevator', 'Gym', 'Parking', 'Wi-Fi']",9.68,10,3346044.32
P60435,Pune,Penthouse,1499,1,2,10,11,2,Fully Furnished,"['Elevator', 'Wi-Fi', 'Parking', 'Gym', 'Club House']",4.34,3,18245279.05
P48758,Chandigarh,Duplex,4937,3,3,7,27,12,Semi Furnished,"['Club House', 'Power Backup', 'Elevator', 'Wi-Fi', 'Security']",4.92,2,44832377.51
P70189,Hyderabad,Apartment,2660,3,1,3,14,11,Unfurnished,"['Garden', 'Elevator', 'Wi-Fi']",4.11,8,27796030
P102550,Chennai,Duplex,2677,2,1,12,16,15,Unfurnished,"['Gym', 'Club House', 'Parking', 'Swimming Pool']",2.66,8,8008656.04
P105228,Chennai,Apartment,1066,2,4,16,13,8,Unfurnished,"['Power Backup', 'Wi-Fi', 'Swimming Pool']",1.1,5,17173760.67
P45109,Hyderabad,Villa,2172,2,3,16,26,12,Unfurnished,"['Power Backup', 'Security', 'Gym', 'Garden', 'Club House']",7.39,5,38194843.49
P42968,Kolkata,Independent House,2381,4,3,10,25,12,Unfurnished,"['Swimming Pool', 'Security', 'Garden', 'Parking', 'Wi-Fi']",1.1,10,2965914.23
P60248,Mumbai,Apartment,4122,5,2,19,5,0,Unfurnished,"['Elevator', 'Club House', 'Gym', 'Power Backup', 'Garden', 'Swimming Pool']",9.87,6,7366019.19
P93079,Hyderabad,Apartment,1426,1,2,8,24,8,Semi Furnished,"['Security', 'Parking', 'Elevator', 'Power Backup']",9.03,5,26295117.49
P50038,Mumbai,Duplex,3847,2,1,1,11,3,Unfurnished,"['Power Backup', 'Gym', 'Parking']",2.47,5,43676675.5
P88074,Bangalore,Studio,4887,3,3,1,18,1,Fully Furnished,"['Swimming Pool', 'Parking', 'Elevator', 'Security', 'Garden']",7.18,9,46256998.62
P34814,Jaipur,Apartment,3480,3,4,13,12,12,Semi Furnished,"['Parking', 'Garden', 'Club House']",8.75,2,25983613.42
P21428,Kolkata,Penthouse,2014,2,1,11,14,10,Semi Furnished,"['Swimming Pool', 'Elevator', 'Security', 'Gym', 'Power Backup']",3.51,4,26635500.16
P72347,Ahmedabad,Apartment,4301,4,2,20,16,11,Semi Furnished,"['Power Backup', 'Club House', 'Garden']",2.28,6,6777694.35
P55088,Bangalore,Independent House,4147,2,2,2,11,9,Semi Furnished,"['Gym', 'Swimming Pool', 'Garden']",6.38,9,47957800.32
P91198,Ahmedabad,Villa,715,3,4,10,18,13,Unfurnished,"['Parking', 'Swimming Pool', 'Elevator']",5.57,9,44565543.63
P38037,Chennai,Duplex,4414,3,2,11,15,13,Semi Furnished,"['Swimming Pool', 'Wi-Fi', 'Gym', 'Security']",8.03,6,30091513.9
P57021,Bangalore,Villa,1173,3,1,10,21,4,Fully Furnished,"['Security', 'Parking', 'Power Backup', 'Swimming Pool', 'Wi-Fi']",3.49,2,26738259.95
P51294,Hyderabad,Villa,1367,1,3,11,7,18,Semi Furnished,"['Garden', 'Elevator', 'Swimming Pool', 'Gym', 'Club House']",2.87,3,41712638.55
P15079,Jaipur,Independent House,3904,1,4,7,13,9,Fully Furnished,"['Club House', 'Parking', 'Swimming Pool', 'Garden', 'Elevator']",3,1,48158042.92
P39622,Delhi,Villa,2321,4,3,1,24,2,Fully Furnished,"['Gym', 'Security', 'Elevator', 'Club House', 'Garden']",2.46,10,18787744.46
P66807,Pune,Villa,4840,3,4,11,21,10,Semi Furnished,"['Wi-Fi', 'Club House', 'Swimming Pool', 'Parking']",1.81,1,1939172.16
P104017,Hyderabad,Apartment,2024,3,4,3,20,7,Semi Furnished,"['Swimming Pool', 'Garden', 'Wi-Fi']",9.38,2,49157504.51
P62056,Mumbai,Villa,1153,5,1,11,15,1,Unfurnished,"['Elevator', 'Parking', 'Power Backup']",6.22,5,45053213.87
P47993,Chandigarh,Studio,730,3,1,5,17,2,Fully Furnished,"['Power Backup', 'Wi-Fi', 'Club House', 'Gym', 'Security', 'Garden']",5.37,6,4338522.56
P47120,Pune,Penthouse,4306,1,3,13,27,11,Semi Furnished,"['Elevator', 'Swimming Pool', 'Garden', 'Power Backup', 'Gym', 'Club House']",1.99,7,33745665.36
P33112,Pune,Independent House,1281,5,2,8,13,18,Unfurnished,"['Parking', 'Club House', 'Power Backup']",9.13,3,662295.01
P22219,Delhi,Studio,2587,1,1,14,28,4,Unfurnished,"['Gym', 'Wi-Fi', 'Parking']",5.41,6,9472222.54
P100712,Bangalore,Independent House,1003,2,1,3,25,17,Semi Furnished,"['Club House', 'Wi-Fi', 'Parking', 'Garden', 'Swimming Pool']",3.95,2,18284728.81
P43385,Bangalore,Apartment,1024,1,2,14,22,1,Unfurnished,"['Elevator', 'Club House', 'Gym', 'Parking', 'Security']",6.13,3,24762375.18
P90739,Jaipur,Penthouse,4651,5,4,16,26,2,Unfurnished,"['Parking', 'Elevator', 'Power Backup', 'Security']",9.18,6,3163178.62
P36472,Jaipur,Independent House,1403,1,1,11,15,17,Fully Furnished,"['Club House', 'Security', 'Gym', 'Power Backup', 'Garden']",4.23,3,47641408.76
P18839,Mumbai,Independent House,2431,2,2,14,5,9,Unfurnished,"['Garden', 'Swimming Pool', 'Wi-Fi', 'Gym', 'Parking', 'Power Backup']",5.73,10,35290176.9
P97420,Ahmedabad,Apartment,4783,2,2,5,27,3,Unfurnished,"['Swimming Pool', 'Parking', 'Elevator', 'Gym', 'Wi-Fi', 'Power Backup']",8.47,5,36135656.29
P56496,Chennai,Apartment,790,3,3,18,20,8,Unfurnished,"['Parking', 'Swimming Pool', 'Gym', 'Club House']",6.83,4,35519075.49
P34571,Jaipur,Apartment,2493,3,2,14,9,13,Semi Furnished,"['Elevator', 'Garden', 'Wi-Fi', 'Power Backup']",6.77,9,8332340.03
P25699,Ahmedabad,Independent House,4658,3,3,19,11,17,Fully Furnished,"['Club House', 'Elevator', 'Garden', 'Parking']",7.27,5,8158131.07
P31019,Jaipur,Penthouse,4447,3,3,5,17,16,Fully Furnished,"['Gym', 'Garden', 'Wi-Fi', 'Power Backup', 'Club House']",2.76,5,28490755.67
P72852,Chennai,Apartment,1236,2,2,13,11,11,Fully Furnished,"['Parking', 'Wi-Fi', 'Garden', 'Elevator', 'Club House', 'Gym']",7.21,7,30946225.46
P72904,Bangalore,Villa,2104,2,3,18,25,7,Semi Furnished,"['Garden', 'Gym', 'Club House', 'Wi-Fi']",5.61,6,17970218.46
P66781,Ahmedabad,Studio,3565,3,2,15,29,2,Fully Furnished,"['Club House', 'Parking', 'Wi-Fi', 'Power Backup', 'Garden']",8.78,3,9384222.07
P76118,Delhi,Studio,4642,3,4,1,10,3,Semi Furnished,"['Power Backup', 'Garden', 'Club House', 'Gym']",6.51,2,35142857.58
P80844,Jaipur,Villa,4063,2,2,7,30,6,Semi Furnished,"['Power Backup', 'Parking', 'Club House', 'Wi-Fi', 'Swimming Pool']",4.5,3,43715155.18
P73914,Chennai,Penthouse,3238,3,2,16,7,14,Unfurnished,"['Elevator', 'Wi-Fi', 'Parking']",8.02,5,17505059.06
P37557,Jaipur,Studio,1187,2,2,12,16,1,Semi Furnished,"['Power Backup', 'Wi-Fi', 'Swimming Pool']",0.53,2,6803602.97
P106773,Chennai,Duplex,809,2,1,12,23,10,Semi Furnished,"['Security', 'Gym', 'Club House', 'Elevator']",3.78,3,21653600.85
P98140,Delhi,Apartment,4338,1,1,5,13,15,Fully Furnished,"['Elevator', 'Swimming Pool', 'Club House']",1.74,5,14334466.16
P102761,Chennai,Duplex,3163,5,4,4,11,1,Fully Furnished,"['Gym', 'Elevator', 'Wi-Fi', 'Club House', 'Power Backup', 'Security']",8.24,1,7043414.51
P34407,Bangalore,Studio,909,1,3,17,27,16,Unfurnished,"['Wi-Fi', 'Parking', 'Gym', 'Club House', 'Security', 'Garden']",7.47,3,7107363.02
P88550,Delhi,Villa,3195,1,1,18,5,10,Unfurnished,"['Parking', 'Security', 'Gym', 'Swimming Pool']",6.4,4,44540163.49
P21645,Jaipur,Studio,1521,3,1,14,27,19,Semi Furnished,"['Elevator', 'Wi-Fi', 'Club House']",9.3,7,22837625.17
P109055,Kolkata,Villa,1035,4,4,11,6,0,Unfurnished,"['Garden', 'Club House', 'Security', 'Power Backup']",8.62,10,29557006.57
P51669,Hyderabad,Villa,3702,5,3,3,7,1,Fully Furnished,"['Elevator', 'Gym', 'Parking']",3.19,8,27574522.56
P83964,Mumbai,Duplex,2952,1,3,17,6,7,Unfurnished,"['Elevator', 'Swimming Pool', 'Wi-Fi', 'Security', 'Gym', 'Club House']",2.02,6,18065091.14
P31129,Delhi,Villa,3423,4,2,19,27,13,Unfurnished,"['Parking', 'Gym', 'Club House']",7.65,6,44795102.41
P98833,Chennai,Villa,2355,4,3,20,10,13,Fully Furnished,"['Elevator', 'Wi-Fi', 'Garden']",2.36,6,32788991.13
P85139,Pune,Apartment,2819,5,4,16,13,2,Fully Furnished,"['Parking', 'Gym', 'Garden', 'Wi-Fi', 'Elevator', 'Power Backup']",2.12,5,33263447.49
P17471,Ahmedabad,Villa,2951,3,4,4,22,5,Fully Furnished,"['Garden', 'Club House', 'Security', 'Swimming Pool']",2.09,10,32089306.16
P67906,Chennai,Villa,3824,3,4,18,15,11,Fully Furnished,"['Parking', 'Power Backup', 'Club House', 'Swimming Pool', 'Wi-Fi', 'Elevator']",6.36,7,32976766.85
P88801,Delhi,Studio,2272,4,3,11,23,6,Fully Furnished,"['Swimming Pool', 'Parking', 'Elevator', 'Wi-Fi', 'Garden', 'Club House']",9.99,3,37955782.74
P23829,Ahmedabad,Villa,3898,2,1,14,9,18,Unfurnished,"['Swimming Pool', 'Wi-Fi', 'Gym', 'Power Backup']",5.38,10,38650515.13
P82934,Bangalore,Penthouse,4179,3,2,10,24,11,Unfurnished,"['Swimming Pool', 'Power Backup', 'Garden']",5.13,1,20826033.4
P101013,Ahmedabad,Independent House,1330,5,2,19,29,18,Unfurnished,"['Garden', 'Parking', 'Wi-Fi', 'Elevator']",4.42,10,25949773.89
P82805,Pune,Studio,876,1,2,10,22,11,Fully Furnished,"['Power Backup', 'Garden', 'Gym']",6.52,5,47598406.91
P106317,Hyderabad,Apartment,4931,5,2,12,6,19,Unfurnished,"['Garden', 'Club House', 'Parking', 'Gym']",1.71,10,8102405.15
P57924,Ahmedabad,Villa,2783,1,2,17,11,10,Fully Furnished,"['Swimming Pool', 'Gym', 'Power Backup', 'Wi-Fi', 'Club House', 'Security']",5.09,4,34576964.73
P12918,Chandigarh,Studio,4306,1,1,17,24,16,Semi Furnished,"['Parking', 'Wi-Fi', 'Club House']",6.68,4,49971579.58
P94688,Ahmedabad,Duplex,2714,5,4,1,19,16,Semi Furnished,"['Club House', 'Gym', 'Wi-Fi', 'Power Backup']",2.43,10,17809183.5
P92221,Chennai,Studio,4369,3,4,2,19,18,Fully Furnished,"['Power Backup', 'Elevator', 'Security', 'Gym', 'Wi-Fi', 'Swimming Pool']",6.63,2,43102597.22
P39738,Pune,Independent House,1226,3,3,14,20,20,Semi Furnished,"['Power Backup', 'Club House', 'Elevator']",4.87,1,17665047.02
P13346,Jaipur,Independent House,3801,3,3,3,26,10,Unfurnished,"['Swimming Pool', 'Garden', 'Security', 'Club House']",8.36,6,36877510.92
P44119,Jaipur,Duplex,3595,1,2,15,29,5,Fully Furnished,"['Elevator', 'Wi-Fi', 'Garden']",4.04,5,26743928.02
P33423,Pune,Duplex,2841,3,1,6,13,20,Fully Furnished,"['Garden', 'Club House', 'Power Backup', 'Security', 'Parking', 'Swimming Pool']",7.32,3,33330657.18
P47505,Ahmedabad,Apartment,2141,4,3,13,13,16,Unfurnished,"['Garden', 'Gym', 'Power Backup', 'Parking']",7.19,2,28585735.18
P72178,Pune,Duplex,2479,5,2,6,17,9,Unfurnished,"['Security', 'Parking', 'Swimming Pool']",8.13,10,13444409.37
P53974,Kolkata,Villa,2523,1,3,6,5,18,Fully Furnished,"['Elevator', 'Garden', 'Parking']",5.08,9,2778160.41
P53732,Kolkata,Villa,4453,4,3,17,29,20,Unfurnished,"['Elevator', 'Parking', 'Wi-Fi']",1.27,5,28342595.9
P66120,Delhi,Independent House,3807,4,2,6,8,8,Semi Furnished,"['Security', 'Gym', 'Elevator']",4.33,8,38673512.46
P57997,Delhi,Penthouse,1974,5,2,5,20,2,Semi Furnished,"['Parking', 'Security', 'Swimming Pool', 'Elevator', 'Club House', 'Power Backup']",4.35,4,43592602.34
P41741,Chandigarh,Apartment,3095,3,4,10,24,2,Unfurnished,"['Power Backup', 'Garden', 'Swimming Pool', 'Parking', 'Elevator', 'Club House']",8.66,3,19509966.79
P107839,Pune,Duplex,4261,2,1,16,7,20,Unfurnished,"['Club House', 'Security', 'Gym', 'Elevator', 'Wi-Fi']",6.73,4,40832659.8
P26759,Mumbai,Penthouse,3441,2,4,3,18,10,Fully Furnished,"['Elevator', 'Garden', 'Gym', 'Parking', 'Swimming Pool', 'Wi-Fi']",6.53,10,28152637.51
P76924,Kolkata,Independent House,1442,2,1,9,7,7,Fully Furnished,"['Elevator', 'Garden', 'Swimming Pool', 'Parking', 'Power Backup']",0.66,6,38875791.03
P15631,Mumbai,Duplex,998,1,2,7,9,10,Semi Furnished,"['Parking', 'Power Backup', 'Garden', 'Security', 'Swimming Pool', 'Elevator']",5.18,9,41672089.33
P94707,Chennai,Apartment,1037,5,2,8,5,15,Unfurnished,"['Swimming Pool', 'Garden', 'Parking']",3.09,9,47963805.57
P25454,Kolkata,Independent House,2257,3,4,19,14,10,Semi Furnished,"['Garden', 'Elevator', 'Swimming Pool']",5.43,5,31550005.99
P92070,Jaipur,Independent House,2242,5,2,4,11,6,Unfurnished,"['Parking', 'Garden', 'Gym', 'Wi-Fi', 'Elevator']",1.45,6,14673732.15
P63523,Mumbai,Duplex,4760,3,1,4,15,14,Unfurnished,"['Security', 'Power Backup', 'Club House', 'Garden']",2.43,7,31602740.64
P106453,Chandigarh,Villa,1140,1,4,4,30,11,Semi Furnished,"['Gym', 'Power Backup', 'Garden']",1.44,5,15270332.36
P23846,Hyderabad,Villa,809,2,2,3,30,0,Unfurnished,"['Swimming Pool', 'Power Backup', 'Garden', 'Wi-Fi']",0.62,7,46370727.34
P13757,Mumbai,Studio,2813,2,2,15,25,0,Semi Furnished,"['Parking', 'Garden', 'Club House', 'Power Backup', 'Security', 'Gym']",5.9,5,46646147.5
P63671,Kolkata,Penthouse,1871,2,1,19,20,7,Fully Furnished,"['Gym', 'Elevator', 'Security']",2.66,10,23349383.12
P26106,Delhi,Studio,1671,5,2,11,12,6,Fully Furnished,"['Parking', 'Wi-Fi', 'Security']",7.43,5,28527912.58
P24262,Chennai,Duplex,4906,1,1,2,7,11,Unfurnished,"['Power Backup', 'Gym', 'Garden']",2.73,1,37308637.66
P92273,Kolkata,Duplex,2234,5,2,16,21,17,Semi Furnished,"['Garden', 'Swimming Pool', 'Gym', 'Security', 'Parking', 'Wi-Fi']",4.08,1,25382378.03
P33333,Delhi,Penthouse,4077,1,1,16,13,2,Unfurnished,"['Parking', 'Gym', 'Wi-Fi', 'Swimming Pool', 'Elevator', 'Club House']",4.35,9,27447891.22
P87465,Jaipur,Duplex,538,5,4,7,11,13,Unfurnished,"['Garden', 'Wi-Fi', 'Swimming Pool', 'Parking', 'Club House', 'Power Backup']",0.82,7,16765029.53
P31957,Chandigarh,Studio,577,4,4,2,30,19,Semi Furnished,"['Elevator', 'Club House', 'Wi-Fi', 'Swimming Pool', 'Power Backup']",6.74,3,40058151.08
P50488,Chennai,Studio,3915,3,3,1,20,3,Unfurnished,"['Security', 'Parking', 'Wi-Fi', 'Gym', 'Elevator', 'Garden']",8.82,2,41873512.32
P28175,Kolkata,Penthouse,3180,3,1,9,9,15,Fully Furnished,"['Wi-Fi', 'Elevator', 'Club House', 'Power Backup']",1.82,5,4889135.04
P64854,Pune,Independent House,935,3,2,17,13,15,Semi Furnished,"['Parking', 'Wi-Fi', 'Gym', 'Club House', 'Elevator']",1.32,3,23321707.25
P22985,Hyderabad,Independent House,1943,3,4,13,20,20,Unfurnished,"['Swimming Pool', 'Gym', 'Security', 'Elevator', 'Wi-Fi']",7.83,9,9687726.31
P35060,Bangalore,Apartment,4706,3,1,12,30,0,Fully Furnished,"['Gym', 'Power Backup', 'Elevator', 'Security', 'Garden']",2.78,10,35535006.96
P30148,Pune,Independent House,2386,3,1,20,7,8,Unfurnished,"['Power Backup', 'Swimming Pool', 'Garden']",4.01,9,44209008.54
P60355,Jaipur,Duplex,848,5,2,6,26,12,Fully Furnished,"['Parking', 'Wi-Fi', 'Security']",5.05,1,13843124.72
P82457,Chennai,Duplex,1603,1,1,18,28,13,Fully Furnished,"['Power Backup', 'Elevator', 'Security', 'Gym', 'Club House', 'Wi-Fi']",5.17,2,45712326.12
P78930,Jaipur,Duplex,2599,4,2,20,16,10,Semi Furnished,"['Garden', 'Gym', 'Elevator']",5.38,6,39568791.2
P90181,Hyderabad,Independent House,2839,1,4,12,6,0,Semi Furnished,"['Security', 'Swimming Pool', 'Club House', 'Elevator']",7.45,1,18606494.36
P62437,Hyderabad,Villa,4965,3,1,3,9,11,Semi Furnished,"['Security', 'Parking', 'Garden']",7.73,10,7359391.97
P69879,Chandigarh,Apartment,2906,5,3,7,15,10,Unfurnished,"['Security', 'Gym', 'Elevator', 'Swimming Pool', 'Wi-Fi', 'Parking']",4.5,6,7204523.97
P101325,Kolkata,Studio,2627,3,4,18,11,11,Unfurnished,"['Garden', 'Parking', 'Swimming Pool', 'Elevator']",6.93,10,21303005.38
P96363,Delhi,Apartment,826,2,2,11,28,5,Unfurnished,"['Security', 'Elevator', 'Power Backup', 'Garden', 'Swimming Pool', 'Club House']",5.92,4,34028544.79
P97773,Ahmedabad,Villa,2022,1,1,19,29,19,Unfurnished,"['Club House', 'Security', 'Parking']",6.01,2,5130815.64
P35054,Bangalore,Studio,2658,3,3,7,24,3,Fully Furnished,"['Power Backup', 'Swimming Pool', 'Wi-Fi']",9.93,8,32982465
P64030,Bangalore,Penthouse,4184,1,1,20,25,19,Semi Furnished,"['Gym', 'Elevator', 'Garden', 'Swimming Pool', 'Wi-Fi', 'Security']",8.09,1,3550107.74
P65859,Delhi,Villa,1497,5,4,11,24,7,Unfurnished,"['Wi-Fi', 'Parking', 'Club House']",3.44,9,41571909.09
P108770,Mumbai,Penthouse,2415,2,2,15,26,10,Unfurnished,"['Power Backup', 'Wi-Fi', 'Elevator']",8.98,6,6565363.24
P18015,Hyderabad,Duplex,2524,3,4,11,27,5,Fully Furnished,"['Parking', 'Elevator', 'Club House', 'Power Backup', 'Gym']",1.98,10,37006681.87
P46964,Jaipur,Apartment,2347,4,3,4,11,11,Semi Furnished,"['Club House', 'Security', 'Swimming Pool', 'Gym', 'Elevator', 'Power Backup']",5.12,2,10876250.62
P22299,Jaipur,Villa,750,4,2,16,15,14,Unfurnished,"['Security', 'Elevator', 'Gym', 'Garden']",5.4,6,17071560.79
P32772,Bangalore,Duplex,3973,1,2,5,30,9,Fully Furnished,"['Club House', 'Power Backup', 'Parking']",3.36,7,6900667.52
P87754,Jaipur,Duplex,1324,2,2,11,9,3,Semi Furnished,"['Elevator', 'Security', 'Wi-Fi', 'Parking']",8.87,10,26324183.15
P29303,Hyderabad,Studio,2665,5,3,13,28,13,Fully Furnished,"['Club House', 'Elevator', 'Garden']",6.36,10,4694381.29
P40961,Kolkata,Studio,2638,2,2,3,21,14,Unfurnished,"['Security', 'Gym', 'Club House']",4.27,1,29503164.7
P97147,Delhi,Villa,1579,3,4,8,5,10,Fully Furnished,"['Wi-Fi', 'Club House', 'Gym']",9.13,4,43991752.66
P30096,Chennai,Apartment,2214,4,4,1,24,0,Unfurnished,"['Security', 'Gym', 'Parking', 'Elevator', 'Club House']",4.79,8,48060075.53
P28387,Delhi,Duplex,3345,5,1,14,11,4,Fully Furnished,"['Garden', 'Club House', 'Security', 'Swimming Pool', 'Parking', 'Gym']",7.91,6,20090567.6
P35368,Delhi,Independent House,2063,2,1,1,17,11,Unfurnished,"['Wi-Fi', 'Security', 'Gym', 'Swimming Pool']",9.36,8,23017353.43
P44709,Chandigarh,Villa,2175,1,2,14,5,8,Unfurnished,"['Elevator', 'Swimming Pool', 'Wi-Fi']",7.91,5,12849807.52
P102857,Delhi,Apartment,1708,3,2,10,20,1,Unfurnished,"['Club House', 'Swimming Pool', 'Power Backup']",2.55,8,22082662.79
P64563,Hyderabad,Independent House,2730,2,1,6,12,0,Unfurnished,"['Club House', 'Garden', 'Swimming Pool']",3.68,9,49651270.8
P16616,Bangalore,Independent House,4769,4,2,19,7,15,Unfurnished,"['Gym', 'Garden', 'Wi-Fi', 'Elevator']",3.69,9,4695818.34
P55669,Hyderabad,Independent House,3365,5,3,20,7,3,Semi Furnished,"['Wi-Fi', 'Parking', 'Power Backup', 'Elevator', 'Security', 'Garden']",9.71,7,26348684.98
P30776,Hyderabad,Duplex,2970,3,3,14,9,17,Unfurnished,"['Garden', 'Security', 'Parking', 'Gym', 'Club House', 'Power Backup']",5.38,9,13644208.04
P15290,Kolkata,Apartment,4082,5,4,7,12,6,Unfurnished,"['Wi-Fi', 'Club House', 'Swimming Pool', 'Garden']",4.53,6,15586520.03
P77273,Chennai,Penthouse,3612,1,4,12,15,5,Semi Furnished,"['Power Backup', 'Parking', 'Security', 'Gym', 'Club House', 'Swimming Pool']",2.99,7,33755126.93
P106399,Bangalore,Apartment,3463,4,3,13,5,7,Semi Furnished,"['Garden', 'Power Backup', 'Wi-Fi']",8.98,5,33166323.49
P39348,Kolkata,Duplex,4250,2,3,17,13,14,Fully Furnished,"['Gym', 'Garden', 'Power Backup', 'Elevator']",8.19,5,5707376.57
P66932,Delhi,Villa,1786,4,1,10,28,5,Unfurnished,"['Garden', 'Power Backup', 'Club House', 'Parking', 'Gym']",7.48,6,40950491.93
P13683,Delhi,Independent House,4015,5,3,1,18,4,Fully Furnished,"['Elevator', 'Club House', 'Garden', 'Swimming Pool', 'Power Backup']",9.36,5,27995486.62
P47443,Mumbai,Villa,3966,4,1,10,26,20,Semi Furnished,"['Elevator', 'Swimming Pool', 'Gym', 'Parking', 'Security', 'Power Backup']",4.73,1,36630836.41
P49520,Chennai,Independent House,2577,2,1,10,5,18,Unfurnished,"['Wi-Fi', 'Elevator', 'Club House']",9.66,7,12153614.17
P45131,Mumbai,Duplex,3069,5,3,19,14,12,Unfurnished,"['Swimming Pool', 'Garden', 'Wi-Fi', 'Gym', 'Elevator', 'Power Backup']",2.25,5,7423493.88
P42484,Kolkata,Penthouse,2789,5,3,16,8,0,Semi Furnished,"['Security', 'Elevator', 'Swimming Pool', 'Wi-Fi', 'Garden']",6.29,10,38248813.72
P12849,Mumbai,Independent House,518,2,4,14,28,12,Fully Furnished,"['Garden', 'Parking', 'Elevator', 'Club House', 'Power Backup', 'Gym']",2.79,7,21468441.73
P12431,Chandigarh,Villa,2464,1,4,13,18,9,Fully Furnished,"['Power Backup', 'Gym', 'Wi-Fi', 'Club House']",7.03,4,47123105.68
P47841,Delhi,Villa,3771,3,1,18,22,2,Fully Furnished,"['Security', 'Club House', 'Garden', 'Swimming Pool', 'Elevator', 'Wi-Fi']",4.53,2,4441023.98
P86925,Delhi,Studio,1924,1,3,15,19,18,Unfurnished,"['Security', 'Elevator', 'Parking']",7.81,8,27241234.4
P74080,Pune,Duplex,2335,4,2,13,21,0,Fully Furnished,"['Elevator', 'Parking', 'Security', 'Garden', 'Wi-Fi', 'Power Backup']",3.52,1,13219303.45
P66324,Chandigarh,Duplex,2661,2,1,11,18,13,Semi Furnished,"['Security', 'Elevator', 'Parking', 'Gym']",1.33,2,17790205.11
P49885,Hyderabad,Studio,2008,2,4,7,14,12,Semi Furnished,"['Security', 'Garden', 'Elevator', 'Swimming Pool']",8.24,7,26828871.15
P64437,Chennai,Duplex,3927,2,2,14,17,15,Semi Furnished,"['Garden', 'Security', 'Wi-Fi', 'Gym', 'Swimming Pool']",5.92,5,39137676.22
P94583,Delhi,Independent House,2799,5,3,8,17,3,Unfurnished,"['Elevator', 'Garden', 'Gym', 'Swimming Pool', 'Parking']",1.7,3,4195089.67
P26330,Mumbai,Villa,2645,2,3,15,23,3,Semi Furnished,"['Wi-Fi', 'Power Backup', 'Elevator', 'Swimming Pool']",1.95,7,40340165.98
P23366,Delhi,Penthouse,535,4,3,8,13,15,Fully Furnished,"['Wi-Fi', 'Elevator', 'Gym', 'Security', 'Parking', 'Swimming Pool']",9.18,7,25415238.6
P83591,Bangalore,Independent House,3744,5,4,7,19,16,Fully Furnished,"['Swimming Pool', 'Gym', 'Power Backup', 'Wi-Fi']",1.11,4,38624088.33
P44275,Hyderabad,Duplex,2540,5,4,5,15,18,Semi Furnished,"['Club House', 'Garden', 'Swimming Pool', 'Wi-Fi', 'Gym', 'Parking']",3.61,2,43064559.23
P42411,Bangalore,Studio,3612,5,2,8,11,9,Semi Furnished,"['Parking', 'Power Backup', 'Swimming Pool']",2.54,7,17472155.93
P36084,Mumbai,Independent House,3638,5,1,18,7,20,Fully Furnished,"['Swimming Pool', 'Garden', 'Club House']",5.1,6,4371974.79
P20224,Chennai,Villa,2603,3,1,11,14,3,Semi Furnished,"['Elevator', 'Garden', 'Power Backup']",4.16,7,3177570.76
P13161,Hyderabad,Independent House,3974,5,3,11,23,13,Semi Furnished,"['Club House', 'Power Backup', 'Gym']",4.28,10,18982110.65
P39910,Ahmedabad,Penthouse,2586,2,3,5,10,2,Unfurnished,"['Elevator', 'Club House', 'Garden', 'Power Backup', 'Parking', 'Wi-Fi']",2.62,2,5842790.64
P16966,Pune,Independent House,2448,5,3,1,21,2,Unfurnished,"['Club House', 'Parking', 'Gym', 'Security', 'Elevator']",6.49,9,36238194.47
P46023,Mumbai,Independent House,4650,1,2,8,26,5,Unfurnished,"['Elevator', 'Security', 'Club House', 'Swimming Pool', 'Power Backup']",0.64,8,46059807.11
P77823,Pune,Independent House,3744,2,1,2,22,17,Semi Furnished,"['Swimming Pool', 'Club House', 'Wi-Fi', 'Security', 'Gym', 'Power Backup']",4.81,7,42468598.89
P36206,Mumbai,Penthouse,4684,3,3,2,23,18,Unfurnished,"['Wi-Fi', 'Parking', 'Swimming Pool', 'Security', 'Elevator']",3.71,9,21431641.27
P45763,Mumbai,Studio,3664,3,4,4,24,1,Fully Furnished,"['Wi-Fi', 'Security', 'Garden', 'Club House', 'Swimming Pool']",4.82,1,10719171.91
P73423,Bangalore,Villa,972,3,4,16,28,16,Unfurnished,"['Garden', 'Club House', 'Power Backup', 'Security', 'Parking', 'Gym']",8.25,10,21705217.46
P20243,Chandigarh,Villa,2438,4,1,19,8,6,Semi Furnished,"['Wi-Fi', 'Swimming Pool', 'Security']",5.54,1,41700278.07
P26278,Mumbai,Apartment,2759,5,4,3,9,16,Unfurnished,"['Security', 'Gym', 'Garden']",4.28,1,8761165.19
P97803,Hyderabad,Studio,4925,2,1,1,23,19,Fully Furnished,"['Power Backup', 'Elevator', 'Parking', 'Security', 'Club House']",7.39,10,2128978.55
P29357,Hyderabad,Independent House,4730,2,2,4,7,3,Fully Furnished,"['Garden', 'Gym', 'Wi-Fi', 'Elevator', 'Swimming Pool', 'Parking']",9.67,4,47539306.04
P95489,Delhi,Penthouse,3460,2,2,16,15,20,Fully Furnished,"['Swimming Pool', 'Power Backup', 'Elevator']",3.52,5,8462516.83
P102149,Kolkata,Independent House,510,1,2,12,8,10,Semi Furnished,"['Wi-Fi', 'Parking', 'Power Backup', 'Garden']",9.02,8,46757497.41
P43991,Bangalore,Apartment,1307,3,1,6,5,8,Unfurnished,"['Power Backup', 'Club House', 'Parking', 'Security', 'Wi-Fi', 'Gym']",6.23,3,39049097.5
P56965,Delhi,Penthouse,2880,1,4,9,28,3,Fully Furnished,"['Wi-Fi', 'Parking', 'Power Backup', 'Swimming Pool']",1.25,8,24655523.1
P58796,Mumbai,Independent House,4902,3,3,9,24,1,Semi Furnished,"['Security', 'Club House', 'Wi-Fi']",5.84,2,15038546.4
P95060,Chandigarh,Duplex,4577,2,2,20,8,12,Unfurnished,"['Parking', 'Power Backup', 'Security']",5.93,8,33988624.34
P53967,Delhi,Independent House,4667,1,4,3,13,19,Semi Furnished,"['Security', 'Garden', 'Swimming Pool', 'Power Backup']",4.92,9,6315456.38
P29259,Kolkata,Apartment,3708,1,2,11,25,19,Fully Furnished,"['Wi-Fi', 'Parking', 'Garden', 'Gym', 'Club House', 'Security']",2.2,4,28219980.1
P45813,Jaipur,Apartment,3360,2,2,4,9,19,Fully Furnished,"['Gym', 'Swimming Pool', 'Parking', 'Wi-Fi']",2.17,2,9764113.63
P84854,Ahmedabad,Apartment,2611,4,3,20,17,16,Unfurnished,"['Garden', 'Elevator', 'Gym', 'Swimming Pool', 'Security', 'Club House']",8.61,4,27493760.01
P80938,Chennai,Penthouse,987,2,4,5,15,19,Unfurnished,"['Wi-Fi', 'Power Backup', 'Parking', 'Swimming Pool', 'Garden']",3.06,7,12909819.05
P64412,Bangalore,Apartment,2551,4,4,15,20,2,Unfurnished,"['Parking', 'Club House', 'Wi-Fi', 'Swimming Pool', 'Elevator']",8.57,7,36061505.57
P100913,Bangalore,Apartment,3584,2,1,7,18,6,Fully Furnished,"['Swimming Pool', 'Wi-Fi', 'Security']",6.23,7,20968615.08
P66438,Chennai,Villa,777,3,4,20,19,20,Fully Furnished,"['Garden', 'Wi-Fi', 'Elevator', 'Swimming Pool', 'Parking', 'Security']",1.66,3,13001217.49
P60507,Chandigarh,Apartment,3452,4,3,20,17,8,Semi Furnished,"['Garden', 'Club House', 'Swimming Pool', 'Security']",4.59,5,33419115.18
P42324,Delhi,Apartment,3819,1,4,1,15,11,Fully Furnished,"['Club House', 'Power Backup', 'Parking', 'Gym']",6.96,1,40935043.55
P43840,Chennai,Apartment,4630,3,2,6,12,13,Unfurnished,"['Parking', 'Garden', 'Power Backup', 'Swimming Pool', 'Wi-Fi', 'Club House']",9.35,6,20048455.12
P64470,Hyderabad,Studio,4402,2,3,17,16,1,Unfurnished,"['Garden', 'Elevator', 'Swimming Pool', 'Security']",5.67,1,47035287.24
P27297,Bangalore,Duplex,764,2,1,4,29,3,Unfurnished,"['Wi-Fi', 'Club House', 'Power Backup', 'Gym']",3.11,2,11192488.58
P23008,Pune,Apartment,1201,2,2,7,29,0,Unfurnished,"['Gym', 'Power Backup', 'Garden', 'Wi-Fi', 'Elevator']",8.01,5,31127650.29
P65533,Chennai,Studio,1249,2,3,5,30,12,Unfurnished,"['Elevator', 'Gym', 'Security', 'Club House', 'Swimming Pool']",5.36,3,1610794.98
P47936,Mumbai,Independent House,3268,3,2,13,22,2,Fully Furnished,"['Gym', 'Security', 'Club House', 'Parking', 'Wi-Fi', 'Garden']",4.62,3,47168047.71
P109937,Chennai,Apartment,4109,2,4,9,28,10,Semi Furnished,"['Power Backup', 'Wi-Fi', 'Parking', 'Elevator']",2.95,3,22216166.6
P92857,Ahmedabad,Studio,1293,5,2,7,18,20,Fully Furnished,"['Swimming Pool', 'Parking', 'Wi-Fi', 'Gym', 'Elevator']",5.95,5,1330009.58
P49407,Kolkata,Villa,4811,2,3,2,23,5,Unfurnished,"['Swimming Pool', 'Club House', 'Gym']",2.22,3,31197941.44
P13178,Hyderabad,Penthouse,2941,1,1,3,12,4,Semi Furnished,"['Swimming Pool', 'Security', 'Parking']",2.59,7,22873370.89
P15752,Kolkata,Studio,4919,2,4,9,23,10,Semi Furnished,"['Club House', 'Parking', 'Garden', 'Power Backup', 'Gym']",8.96,1,36736323.22
P46307,Kolkata,Duplex,1555,4,4,16,10,8,Fully Furnished,"['Power Backup', 'Club House', 'Gym']",8.33,5,47166726.6
P28023,Chennai,Studio,2135,2,4,3,18,16,Unfurnished,"['Gym', 'Security', 'Club House']",2.35,4,7400813.34
P17066,Jaipur,Studio,4537,3,2,12,21,7,Fully Furnished,"['Elevator', 'Gym', 'Swimming Pool', 'Security']",4.65,8,39186118.57
P44663,Hyderabad,Villa,2204,5,4,14,18,4,Fully Furnished,"['Wi-Fi', 'Garden', 'Parking']",5.57,1,15114931
P54388,Jaipur,Villa,1318,5,4,20,27,5,Unfurnished,"['Parking', 'Wi-Fi', 'Security']",2.47,5,8382335.08
P15347,Jaipur,Studio,2560,5,3,4,25,10,Semi Furnished,"['Security', 'Swimming Pool', 'Gym']",2.87,3,19881522.97
P86231,Delhi,Studio,2368,5,4,18,16,7,Fully Furnished,"['Wi-Fi', 'Power Backup', 'Security', 'Gym']",8.92,2,16288982.75
P78024,Chandigarh,Penthouse,1134,3,1,5,9,5,Fully Furnished,"['Club House', 'Wi-Fi', 'Swimming Pool', 'Power Backup']",7.16,1,11418096.61
P46525,Mumbai,Apartment,608,1,2,7,15,4,Semi Furnished,"['Parking', 'Garden', 'Swimming Pool', 'Gym', 'Club House', 'Elevator']",5.44,2,40946952.98
P18111,Mumbai,Penthouse,2447,3,4,19,5,11,Semi Furnished,"['Gym', 'Swimming Pool', 'Parking', 'Power Backup']",6,3,31238840.2
P88701,Jaipur,Studio,4412,1,3,8,20,15,Semi Furnished,"['Wi-Fi', 'Garden', 'Club House', 'Parking', 'Gym', 'Security']",4.6,1,18762479.25
P18645,Chandigarh,Studio,1846,4,4,9,5,11,Unfurnished,"['Elevator', 'Swimming Pool', 'Power Backup']",7.93,5,46596318.09
P56170,Bangalore,Penthouse,2174,3,2,19,8,2,Fully Furnished,"['Garden', 'Wi-Fi', 'Elevator', 'Club House', 'Swimming Pool', 'Gym']",8.74,10,43200400.58
P66544,Delhi,Villa,4913,5,3,2,19,9,Fully Furnished,"['Parking', 'Elevator', 'Garden', 'Power Backup']",9.39,3,3550250.74
P15386,Pune,Duplex,1553,5,4,15,23,10,Fully Furnished,"['Swimming Pool', 'Gym', 'Parking', 'Security']",0.84,7,35739905.26
P26175,Chandigarh,Penthouse,1496,3,2,3,11,8,Semi Furnished,"['Security', 'Parking', 'Elevator', 'Swimming Pool']",9.6,6,2822391.28
P49383,Bangalore,Penthouse,1203,3,2,13,13,10,Unfurnished,"['Parking', 'Power Backup', 'Swimming Pool', 'Gym', 'Wi-Fi']",9.93,9,21953697.53
P89871,Kolkata,Apartment,2267,2,1,2,27,5,Fully Furnished,"['Parking', 'Garden', 'Security']",3.74,5,8820396.35
P68414,Delhi,Studio,2560,2,3,15,14,9,Unfurnished,"['Parking', 'Club House', 'Garden', 'Power Backup', 'Security', 'Elevator']",5.22,2,26732503.25
P87642,Jaipur,Independent House,4808,1,2,8,26,5,Semi Furnished,"['Parking', 'Security', 'Garden', 'Gym']",1.34,8,39785950.02
P100520,Bangalore,Villa,3231,2,1,9,14,3,Fully Furnished,"['Swimming Pool', 'Elevator', 'Power Backup']",3,6,34527540.17
P22303,Mumbai,Penthouse,1221,2,3,6,10,8,Unfurnished,"['Garden', 'Elevator', 'Swimming Pool', 'Wi-Fi']",5.65,10,23929068.9
P73509,Mumbai,Penthouse,2774,5,1,13,6,10,Semi Furnished,"['Garden', 'Wi-Fi', 'Gym', 'Swimming Pool']",1.99,7,48530404.61
P73778,Pune,Apartment,1642,3,4,8,18,20,Unfurnished,"['Elevator', 'Swimming Pool', 'Security', 'Gym']",0.72,4,38768399.11
P63261,Jaipur,Apartment,2027,4,3,16,9,13,Unfurnished,"['Wi-Fi', 'Elevator', 'Parking', 'Security']",6.93,3,949784.25
P107466,Chandigarh,Apartment,4107,3,1,13,25,19,Unfurnished,"['Gym', 'Club House', 'Parking', 'Elevator', 'Swimming Pool', 'Garden']",5.55,3,25166583.46
P86788,Chandigarh,Villa,4494,2,2,16,10,6,Semi Furnished,"['Security', 'Swimming Pool', 'Gym', 'Wi-Fi', 'Elevator', 'Garden']",6.69,2,10569798.95
P10342,Chennai,Penthouse,3465,2,1,10,18,15,Fully Furnished,"['Security', 'Swimming Pool', 'Gym', 'Elevator', 'Wi-Fi']",9.72,1,17481444.2
P85341,Bangalore,Studio,1957,5,3,18,26,15,Fully Furnished,"['Wi-Fi', 'Swimming Pool', 'Club House']",2.45,1,18972364.61
P54064,Chennai,Villa,4573,3,2,20,25,6,Semi Furnished,"['Security', 'Wi-Fi', 'Gym', 'Swimming Pool']",1.22,8,29660531.5
P54667,Jaipur,Apartment,1706,2,4,2,16,4,Fully Furnished,"['Security', 'Swimming Pool', 'Club House', 'Wi-Fi', 'Parking']",6.78,7,39476273.48
P53699,Hyderabad,Studio,3289,5,4,9,28,16,Fully Furnished,"['Security', 'Parking', 'Garden', 'Power Backup']",8.87,9,35388566.73
P37838,Bangalore,Villa,3454,3,1,12,15,3,Fully Furnished,"['Power Backup', 'Security', 'Swimming Pool', 'Garden']",3.1,5,36590329
P81888,Hyderabad,Studio,3637,1,4,17,9,11,Semi Furnished,"['Club House', 'Swimming Pool', 'Parking', 'Power Backup', 'Elevator']",1.37,8,33993204.37
P41756,Bangalore,Independent House,3907,1,4,6,14,18,Fully Furnished,"['Wi-Fi', 'Power Backup', 'Gym', 'Security', 'Parking']",5.94,10,36796190.12
P48054,Bangalore,Apartment,1157,5,3,6,6,16,Fully Furnished,"['Gym', 'Garden', 'Power Backup']",9.87,6,49477192.22
P93706,Pune,Independent House,2667,1,1,11,16,12,Semi Furnished,"['Swimming Pool', 'Security', 'Parking', 'Power Backup', 'Garden']",8.64,10,43416355.53
P32066,Mumbai,Independent House,1329,1,4,4,23,15,Unfurnished,"['Power Backup', 'Gym', 'Security', 'Elevator', 'Swimming Pool', 'Parking']",2.5,5,7912172.81
P54458,Ahmedabad,Duplex,1400,3,1,3,27,19,Unfurnished,"['Power Backup', 'Elevator', 'Wi-Fi', 'Club House', 'Security']",6.74,8,27548919.77
P107243,Pune,Duplex,2446,5,4,19,29,0,Fully Furnished,"['Garden', 'Power Backup', 'Gym', 'Swimming Pool', 'Wi-Fi', 'Parking']",2.05,2,33085976.08
P41238,Kolkata,Studio,3501,5,1,20,13,8,Unfurnished,"['Power Backup', 'Parking', 'Garden', 'Gym']",9.35,5,8523976.19
P102125,Chennai,Villa,1592,1,4,8,27,2,Fully Furnished,"['Club House', 'Garden', 'Parking', 'Wi-Fi']",6.87,7,5406348.8
P47669,Chandigarh,Independent House,2526,1,1,17,12,12,Semi Furnished,"['Swimming Pool', 'Gym', 'Club House']",2.92,6,21094852.9
P41913,Jaipur,Villa,769,1,4,3,12,14,Unfurnished,"['Wi-Fi', 'Garden', 'Gym', 'Swimming Pool']",7.38,2,3364963.73
P83689,Jaipur,Duplex,2626,2,1,8,19,10,Fully Furnished,"['Gym', 'Club House', 'Parking']",5.33,7,18619488.05
P53540,Chandigarh,Studio,540,3,4,20,26,4,Semi Furnished,"['Power Backup', 'Elevator', 'Security', 'Garden']",1.91,8,12196096.5
P96056,Delhi,Independent House,3130,1,1,14,23,14,Unfurnished,"['Elevator', 'Swimming Pool', 'Garden']",9.85,2,20069162.18
P27051,Jaipur,Duplex,2463,3,3,3,19,13,Semi Furnished,"['Swimming Pool', 'Garden', 'Security', 'Power Backup', 'Gym']",5.98,8,46282174.22
P102289,Chennai,Villa,977,1,2,12,5,1,Unfurnished,"['Power Backup', 'Parking', 'Wi-Fi', 'Club House']",9.8,4,9886016.7
P92684,Bangalore,Duplex,3274,1,3,7,11,14,Semi Furnished,"['Club House', 'Power Backup', 'Parking', 'Swimming Pool', 'Gym', 'Elevator']",4.65,5,36398048.42
P102314,Jaipur,Villa,3343,5,3,7,18,6,Fully Furnished,"['Swimming Pool', 'Garden', 'Elevator', 'Wi-Fi']",2.39,7,32217578.87
P88408,Pune,Apartment,3860,4,3,14,14,14,Fully Furnished,"['Parking', 'Security', 'Garden']",2.46,3,33918681.56
P84191,Pune,Apartment,1965,3,4,6,14,12,Semi Furnished,"['Power Backup', 'Garden', 'Elevator', 'Parking', 'Security']",9.53,10,32873174.92
P63347,Bangalore,Penthouse,2312,5,4,12,15,9,Semi Furnished,"['Wi-Fi', 'Garden', 'Club House', 'Elevator']",7.72,6,15096244.81
P58056,Pune,Apartment,4035,1,2,3,15,10,Fully Furnished,"['Elevator', 'Club House', 'Gym', 'Swimming Pool', 'Wi-Fi']",3.39,2,49175828.32
P70961,Chandigarh,Duplex,4050,4,2,15,22,1,Fully Furnished,"['Elevator', 'Garden', 'Gym']",2.91,4,21061576.14
P46132,Chandigarh,Studio,4996,4,4,5,13,14,Fully Furnished,"['Club House', 'Elevator', 'Swimming Pool', 'Parking', 'Security', 'Power Backup']",3.22,9,28546774.07
P39665,Pune,Duplex,3951,4,4,1,18,5,Unfurnished,"['Security', 'Wi-Fi', 'Swimming Pool', 'Power Backup', 'Club House']",6.09,2,43518937.13
P62934,Hyderabad,Apartment,2691,2,4,19,19,1,Fully Furnished,"['Parking', 'Club House', 'Wi-Fi']",2.18,8,506103.16
P42215,Chandigarh,Studio,2621,5,3,20,24,3,Fully Furnished,"['Wi-Fi', 'Elevator', 'Swimming Pool']",8.79,4,27121118.73
P90701,Chennai,Studio,4780,3,3,14,27,13,Fully Furnished,"['Club House', 'Garden', 'Gym', 'Parking', 'Elevator', 'Power Backup']",8.21,1,5247117.64
P18047,Pune,Duplex,1902,2,2,13,30,10,Unfurnished,"['Garden', 'Swimming Pool', 'Security', 'Parking']",9.18,3,14401522.46
P24782,Pune,Villa,4634,3,1,16,17,1,Unfurnished,"['Wi-Fi', 'Garden', 'Gym', 'Parking', 'Security', 'Power Backup']",3.14,7,47676822.77
P98480,Kolkata,Independent House,3884,5,3,9,8,20,Fully Furnished,"['Gym', 'Security', 'Wi-Fi', 'Parking', 'Club House', 'Swimming Pool']",0.76,8,38133093.93
P10519,Ahmedabad,Apartment,3302,4,2,3,16,10,Fully Furnished,"['Club House', 'Elevator', 'Security', 'Swimming Pool', 'Power Backup']",2.09,2,23212563.57
P79120,Bangalore,Villa,4050,1,3,18,25,6,Unfurnished,"['Swimming Pool', 'Gym', 'Parking', 'Wi-Fi', 'Elevator', 'Security']",1.56,2,26884918.93
P44946,Hyderabad,Studio,2077,4,3,8,21,15,Semi Furnished,"['Club House', 'Security', 'Garden', 'Swimming Pool', 'Wi-Fi', 'Power Backup']",3.89,5,12571745.85
P84154,Chandigarh,Villa,1335,3,3,6,13,8,Unfurnished,"['Gym', 'Security', 'Swimming Pool', 'Parking', 'Garden', 'Club House']",0.94,9,22497713.78
P44515,Pune,Independent House,2231,1,1,8,11,8,Semi Furnished,"['Power Backup', 'Swimming Pool', 'Garden', 'Elevator']",1.98,8,8299509.46
P76579,Chandigarh,Duplex,1091,3,1,1,18,20,Semi Furnished,"['Wi-Fi', 'Club House', 'Swimming Pool', 'Security', 'Elevator', 'Gym']",9.76,8,28433410.96
P101346,Hyderabad,Apartment,3643,3,4,8,9,7,Semi Furnished,"['Parking', 'Club House', 'Security', 'Gym']",4.12,7,48333759.37
P109402,Pune,Penthouse,4161,2,3,12,6,17,Semi Furnished,"['Parking', 'Swimming Pool', 'Gym', 'Security', 'Club House', 'Power Backup']",4.63,4,13780680.75
P45585,Jaipur,Duplex,774,3,3,14,13,10,Semi Furnished,"['Elevator', 'Wi-Fi', 'Parking', 'Power Backup', 'Garden', 'Club House']",6.54,6,48231556.12
P80367,Chennai,Independent House,3321,4,1,6,26,0,Semi Furnished,"['Garden', 'Parking', 'Power Backup', 'Wi-Fi', 'Gym', 'Swimming Pool']",9.72,4,11062794.03
P59626,Delhi,Apartment,1144,4,3,17,13,16,Fully Furnished,"['Garden', 'Security', 'Gym', 'Parking', 'Wi-Fi', 'Club House']",2.08,8,46465564.91
P103820,Mumbai,Villa,1041,1,1,16,22,10,Fully Furnished,"['Elevator', 'Power Backup', 'Wi-Fi']",3.13,7,38077452.21
P85333,Bangalore,Apartment,789,3,3,3,8,0,Unfurnished,"['Security', 'Elevator', 'Power Backup', 'Swimming Pool']",6.41,4,32852141.44
P26375,Chandigarh,Villa,2903,4,3,10,15,11,Fully Furnished,"['Security', 'Power Backup', 'Elevator', 'Parking']",7.5,2,6764658.98
P34917,Delhi,Apartment,4742,4,2,3,17,2,Semi Furnished,"['Parking', 'Gym', 'Elevator', 'Garden', 'Security']",9.64,10,6432615.3
P19348,Pune,Apartment,4853,3,1,6,16,10,Fully Furnished,"['Wi-Fi', 'Parking', 'Gym', 'Club House']",5.9,3,20745765.23
P71904,Bangalore,Independent House,4081,3,3,7,21,12,Semi Furnished,"['Wi-Fi', 'Gym', 'Security', 'Club House', 'Garden']",7.3,10,13146843.94
P31457,Ahmedabad,Apartment,555,1,2,17,20,5,Unfurnished,"['Club House', 'Gym', 'Power Backup', 'Security', 'Swimming Pool']",9.62,8,16711239.75
P37658,Pune,Independent House,2118,4,2,9,7,12,Unfurnished,"['Swimming Pool', 'Club House', 'Wi-Fi', 'Power Backup', 'Garden', 'Parking']",0.94,2,11569112.45
P42219,Kolkata,Duplex,2938,3,1,7,7,15,Unfurnished,"['Parking', 'Power Backup', 'Elevator', 'Wi-Fi']",2.79,3,31258542.26
P91996,Mumbai,Villa,2483,2,1,18,8,1,Unfurnished,"['Elevator', 'Parking', 'Garden']",7.27,2,5795161.5
P50654,Pune,Penthouse,554,2,4,4,24,18,Unfurnished,"['Club House', 'Wi-Fi', 'Swimming Pool']",8.1,6,21965671.69
P19651,Kolkata,Duplex,4329,3,3,5,8,1,Fully Furnished,"['Parking', 'Elevator', 'Swimming Pool', 'Security', 'Club House']",0.72,8,34548570.93
P56276,Jaipur,Penthouse,2120,1,3,19,8,13,Fully Furnished,"['Club House', 'Wi-Fi', 'Elevator', 'Swimming Pool']",6.95,8,38546356.14
P19393,Chandigarh,Studio,3225,3,4,20,26,20,Semi Furnished,"['Power Backup', 'Garden', 'Swimming Pool']",1.06,6,30204470.46
P33612,Delhi,Penthouse,1059,4,2,20,21,3,Fully Furnished,"['Wi-Fi', 'Power Backup', 'Elevator', 'Parking']",9.17,9,11483833.5
P53214,Jaipur,Apartment,4358,4,1,1,16,13,Semi Furnished,"['Gym', 'Club House', 'Swimming Pool', 'Wi-Fi']",7.88,10,43450131.04
P32803,Hyderabad,Studio,2860,5,3,19,22,17,Semi Furnished,"['Parking', 'Swimming Pool', 'Wi-Fi', 'Security', 'Gym']",9.06,8,25776920.88
P28979,Pune,Apartment,575,2,2,18,18,0,Semi Furnished,"['Garden', 'Wi-Fi', 'Elevator', 'Power Backup', 'Swimming Pool']",1.96,3,17864416.22
P45903,Delhi,Studio,4416,3,4,11,15,18,Unfurnished,"['Club House', 'Elevator', 'Garden', 'Wi-Fi']",6.36,10,11118580.9
P89502,Hyderabad,Villa,3996,3,2,2,8,5,Fully Furnished,"['Wi-Fi', 'Elevator', 'Power Backup', 'Club House', 'Swimming Pool', 'Security']",8.57,8,47542920.2
P40084,Jaipur,Duplex,842,2,2,11,14,4,Semi Furnished,"['Garden', 'Wi-Fi', 'Power Backup', 'Elevator']",6.39,8,37389251.26
P100137,Hyderabad,Independent House,4586,1,4,2,23,8,Semi Furnished,"['Garden', 'Club House', 'Swimming Pool', 'Wi-Fi', 'Elevator']",6.32,8,49374041.64
P104992,Chennai,Apartment,2197,5,1,1,5,17,Unfurnished,"['Gym', 'Wi-Fi', 'Elevator', 'Club House']",9.14,1,34937188.26
P15303,Chandigarh,Independent House,4203,4,4,17,21,8,Fully Furnished,"['Garden', 'Power Backup', 'Wi-Fi', 'Gym', 'Parking', 'Elevator']",9.73,7,16305217
P86033,Pune,Duplex,1991,1,4,7,17,8,Semi Furnished,"['Power Backup', 'Garden', 'Elevator']",2,3,12415986.96
P10661,Chandigarh,Studio,1121,2,4,18,10,10,Semi Furnished,"['Power Backup', 'Club House', 'Security', 'Gym']",9.45,6,31727343.56
P38734,Jaipur,Duplex,2335,5,3,20,25,0,Semi Furnished,"['Club House', 'Wi-Fi', 'Parking', 'Swimming Pool', 'Security', 'Elevator']",8.28,3,795144.03
P47609,Ahmedabad,Duplex,4202,5,4,1,15,15,Unfurnished,"['Wi-Fi', 'Garden', 'Gym']",5.36,1,11460216.74
P17373,Delhi,Independent House,1696,1,2,9,20,17,Fully Furnished,"['Wi-Fi', 'Gym', 'Garden']",4.38,1,43808995.19
P34786,Jaipur,Duplex,3549,5,4,18,18,19,Semi Furnished,"['Parking', 'Power Backup', 'Gym', 'Club House', 'Wi-Fi', 'Security']",2.85,8,31036964.32
P93125,Hyderabad,Penthouse,3279,4,3,6,12,4,Fully Furnished,"['Swimming Pool', 'Gym', 'Parking', 'Elevator', 'Wi-Fi']",5.38,3,38106645.56
P89354,Bangalore,Apartment,2272,5,1,3,8,20,Fully Furnished,"['Swimming Pool', 'Security', 'Garden', 'Parking', 'Club House']",5.93,5,47144082.67
P31330,Delhi,Villa,3315,2,1,8,26,14,Semi Furnished,"['Swimming Pool', 'Wi-Fi', 'Parking', 'Club House', 'Garden']",8.36,5,48511258.66
P101808,Hyderabad,Apartment,2450,4,3,19,27,7,Fully Furnished,"['Parking', 'Club House', 'Swimming Pool', 'Garden', 'Elevator', 'Security']",2.45,4,43326725.62
P75616,Kolkata,Independent House,3381,3,3,1,18,19,Unfurnished,"['Elevator', 'Wi-Fi', 'Garden', 'Gym']",3.98,3,9872354.84
P36569,Hyderabad,Duplex,3986,2,2,4,18,11,Fully Furnished,"['Elevator', 'Garden', 'Security', 'Swimming Pool']",9.77,2,15538434.25
P73673,Mumbai,Penthouse,1933,3,1,9,30,0,Fully Furnished,"['Elevator', 'Swimming Pool', 'Garden']",2.71,8,29290063.23
P103374,Hyderabad,Penthouse,2587,3,3,1,23,0,Unfurnished,"['Security', 'Parking', 'Elevator', 'Club House', 'Garden', 'Gym']",9.48,2,37802363.6
P72086,Hyderabad,Penthouse,4963,4,3,19,30,19,Semi Furnished,"['Wi-Fi', 'Swimming Pool', 'Parking', 'Club House']",2.32,7,22555824.42
P80532,Ahmedabad,Penthouse,3409,4,2,7,29,13,Unfurnished,"['Wi-Fi', 'Swimming Pool', 'Security', 'Elevator']",5.5,1,20834104.89
P104588,Chandigarh,Independent House,4631,5,1,13,17,14,Semi Furnished,"['Elevator', 'Club House', 'Security', 'Gym', 'Garden']",7.46,5,39018534.57
P95954,Jaipur,Duplex,3670,5,2,14,14,2,Semi Furnished,"['Security', 'Garden', 'Parking', 'Elevator', 'Gym', 'Club House']",9.56,1,49480884.69
P66622,Jaipur,Studio,1819,1,3,6,9,15,Fully Furnished,"['Club House', 'Parking', 'Power Backup']",8.45,7,31883576.28
P42266,Chennai,Independent House,4675,5,2,5,20,9,Fully Furnished,"['Parking', 'Wi-Fi', 'Gym', 'Elevator']",0.89,3,23726148.99
P102053,Bangalore,Duplex,4677,1,4,19,22,17,Semi Furnished,"['Parking', 'Club House', 'Power Backup', 'Security', 'Elevator', 'Gym']",1.02,3,19850249.24
P16306,Pune,Independent House,2883,2,1,16,20,12,Semi Furnished,"['Parking', 'Power Backup', 'Wi-Fi', 'Security', 'Elevator']",2.23,3,11092689.54
P16172,Jaipur,Apartment,1838,5,2,13,17,6,Fully Furnished,"['Club House', 'Swimming Pool', 'Elevator', 'Power Backup', 'Wi-Fi', 'Parking']",1.05,5,19221422.52
P49229,Hyderabad,Duplex,4033,4,3,15,5,3,Unfurnished,"['Elevator', 'Swimming Pool', 'Security', 'Power Backup', 'Garden', 'Wi-Fi']",7.13,1,24094859.88
P93061,Chandigarh,Penthouse,3043,5,2,4,29,3,Unfurnished,"['Gym', 'Parking', 'Security']",6.84,7,39705178.3
P32761,Kolkata,Duplex,2619,1,4,19,29,10,Fully Furnished,"['Garden', 'Parking', 'Wi-Fi', 'Elevator']",6.23,8,3450098.66
P109832,Ahmedabad,Studio,3193,5,3,11,28,2,Fully Furnished,"['Garden', 'Gym', 'Power Backup']",8.85,6,21679043.28
P60172,Jaipur,Villa,1365,4,4,8,24,1,Semi Furnished,"['Elevator', 'Wi-Fi', 'Gym', 'Power Backup', 'Garden', 'Security']",0.82,10,17016694.01
P88541,Chandigarh,Villa,2181,4,1,6,7,14,Semi Furnished,"['Elevator', 'Garden', 'Power Backup', 'Security', 'Parking', 'Swimming Pool']",1.09,2,45410368.35
P84907,Jaipur,Penthouse,2702,1,2,16,28,19,Unfurnished,"['Swimming Pool', 'Power Backup', 'Security', 'Gym', 'Elevator', 'Parking']",8.67,6,21808668.4
P83227,Delhi,Penthouse,3913,3,1,3,11,18,Fully Furnished,"['Elevator', 'Parking', 'Club House', 'Gym', 'Security']",0.71,4,7673528.25
P35427,Chennai,Duplex,4764,2,3,7,29,3,Semi Furnished,"['Wi-Fi', 'Parking', 'Garden', 'Club House', 'Security', 'Swimming Pool']",9.3,10,12666405.28
P37629,Bangalore,Duplex,4830,3,1,11,13,4,Unfurnished,"['Swimming Pool', 'Elevator', 'Club House', 'Power Backup']",1.39,4,46273665.56
P36828,Jaipur,Studio,830,5,3,10,24,18,Unfurnished,"['Swimming Pool', 'Garden', 'Wi-Fi', 'Elevator']",8.91,8,27868498.39
P100105,Chennai,Villa,1754,4,4,16,6,9,Fully Furnished,"['Gym', 'Swimming Pool', 'Club House', 'Garden']",8.83,4,14921994.09
P16064,Chandigarh,Independent House,3989,2,1,17,24,18,Semi Furnished,"['Parking', 'Elevator', 'Wi-Fi', 'Swimming Pool']",8.93,8,31167160.96
P12695,Delhi,Studio,4644,5,2,12,29,20,Semi Furnished,"['Power Backup', 'Club House', 'Gym', 'Parking', 'Wi-Fi']",1.69,3,12567203.72
P75939,Jaipur,Penthouse,1353,2,4,9,25,15,Unfurnished,"['Security', 'Gym', 'Club House']",8.98,8,24137441
P108002,Bangalore,Independent House,3028,4,3,5,22,17,Fully Furnished,"['Elevator', 'Swimming Pool', 'Wi-Fi', 'Garden', 'Club House', 'Gym']",6.3,5,15122490.68
P32752,Jaipur,Studio,2168,5,1,3,23,1,Unfurnished,"['Elevator', 'Garden', 'Swimming Pool', 'Club House']",9.3,4,35169982.24
P41809,Ahmedabad,Independent House,3204,4,1,3,17,18,Semi Furnished,"['Club House', 'Garden', 'Security', 'Power Backup', 'Parking', 'Gym']",9.05,3,7443498.75
P59967,Bangalore,Apartment,4085,5,3,12,10,4,Semi Furnished,"['Elevator', 'Security', 'Power Backup']",3.89,3,38350827.74
P48262,Chennai,Penthouse,1034,1,4,16,26,20,Semi Furnished,"['Parking', 'Power Backup', 'Wi-Fi']",7.65,1,14113443.47
P26791,Chandigarh,Apartment,4105,5,4,8,7,15,Fully Furnished,"['Elevator', 'Gym', 'Garden', 'Power Backup', 'Security', 'Swimming Pool']",1.58,1,33535975.79
P59199,Jaipur,Apartment,4341,1,1,9,24,0,Semi Furnished,"['Garden', 'Gym', 'Elevator', 'Swimming Pool']",3.08,5,7890236
P49548,Ahmedabad,Villa,4956,3,3,6,7,19,Fully Furnished,"['Gym', 'Security', 'Swimming Pool', 'Elevator', 'Parking', 'Power Backup']",2.59,4,17567487.11
P97515,Hyderabad,Penthouse,1602,3,3,13,17,8,Semi Furnished,"['Garden', 'Gym', 'Security', 'Power Backup', 'Swimming Pool', 'Parking']",7.66,2,17008548.6
P88960,Pune,Independent House,837,5,3,3,12,11,Semi Furnished,"['Club House', 'Wi-Fi', 'Power Backup']",8.34,1,44775848.06
P22853,Bangalore,Studio,3479,2,2,8,29,19,Unfurnished,"['Club House', 'Security', 'Wi-Fi', 'Elevator']",3.68,2,20497987.24
P52159,Chennai,Apartment,4267,1,1,19,6,0,Unfurnished,"['Elevator', 'Security', 'Parking']",0.5,4,17314625.84
P39030,Ahmedabad,Villa,1271,3,1,6,11,8,Semi Furnished,"['Garden', 'Wi-Fi', 'Elevator', 'Gym', 'Swimming Pool']",4.28,8,21206434.8
P29738,Hyderabad,Penthouse,695,3,1,5,28,16,Unfurnished,"['Gym', 'Club House', 'Wi-Fi', 'Power Backup', 'Elevator', 'Parking']",8.55,1,37105868.73
P78666,Delhi,Penthouse,4395,5,3,13,25,17,Semi Furnished,"['Wi-Fi', 'Garden', 'Security']",4.78,3,19461276.15
P22568,Pune,Duplex,976,4,3,9,6,3,Semi Furnished,"['Wi-Fi', 'Club House', 'Security']",3.66,4,4687273.31
P105781,Chandigarh,Studio,4100,1,1,8,30,1,Unfurnished,"['Power Backup', 'Gym', 'Garden', 'Elevator', 'Security']",0.84,1,6531812.88
P86142,Delhi,Apartment,4078,2,1,2,11,15,Semi Furnished,"['Elevator', 'Power Backup', 'Security']",6.2,9,28846884.34
P38131,Chandigarh,Duplex,3734,2,2,2,15,4,Semi Furnished,"['Security', 'Garden', 'Gym', 'Club House']",5.07,9,2162048.09
P78827,Jaipur,Apartment,3185,1,1,1,23,15,Fully Furnished,"['Club House', 'Swimming Pool', 'Elevator', 'Security']",7.46,4,26503940.72
P53667,Ahmedabad,Villa,4632,2,1,12,22,13,Unfurnished,"['Swimming Pool', 'Club House', 'Parking', 'Elevator', 'Garden']",7.78,9,26820154.82
P39616,Ahmedabad,Villa,3799,3,4,1,8,18,Unfurnished,"['Gym', 'Elevator', 'Garden', 'Wi-Fi']",0.69,3,9266038.13
P53679,Hyderabad,Studio,3961,3,3,9,22,5,Semi Furnished,"['Swimming Pool', 'Club House', 'Security', 'Wi-Fi']",6.79,5,18521567.54
P75889,Bangalore,Duplex,2804,3,4,17,29,14,Fully Furnished,"['Garden', 'Gym', 'Security']",8.67,4,29908209.21
P93016,Chennai,Apartment,2194,2,2,13,19,7,Fully Furnished,"['Elevator', 'Security', 'Power Backup', 'Garden']",9.81,2,9943595.32
P38585,Bangalore,Penthouse,4399,1,2,9,12,7,Fully Furnished,"['Parking', 'Wi-Fi', 'Power Backup', 'Gym']",5.7,10,4039840.9
P48427,Kolkata,Villa,3178,3,3,13,19,0,Unfurnished,"['Gym', 'Elevator', 'Power Backup', 'Swimming Pool', 'Wi-Fi', 'Security']",5.68,6,1701936.24
P20802,Chennai,Duplex,1061,1,1,18,5,19,Fully Furnished,"['Club House', 'Security', 'Garden']",1.32,1,47436466.09
P62274,Hyderabad,Duplex,2220,4,2,19,28,11,Unfurnished,"['Wi-Fi', 'Gym', 'Power Backup', 'Security', 'Garden', 'Elevator']",0.75,2,45236714.71
P17125,Pune,Studio,3074,2,4,6,18,12,Fully Furnished,"['Wi-Fi', 'Garden', 'Gym', 'Security', 'Power Backup']",6.34,7,49147064.76
P44185,Pune,Duplex,1909,5,2,13,30,20,Fully Furnished,"['Power Backup', 'Elevator', 'Gym', 'Garden', 'Club House']",1.2,3,28594744.69
P94890,Chennai,Studio,2797,3,1,3,10,2,Fully Furnished,"['Parking', 'Power Backup', 'Elevator', 'Swimming Pool']",5.3,7,25452719.84
P62636,Mumbai,Apartment,739,4,3,18,25,4,Semi Furnished,"['Wi-Fi', 'Garden', 'Parking', 'Security', 'Power Backup', 'Swimming Pool']",9.61,1,18074373.45
P106973,Jaipur,Penthouse,4653,2,1,12,20,7,Semi Furnished,"['Power Backup', 'Swimming Pool', 'Club House', 'Parking']",0.91,2,11745621.36
P102736,Hyderabad,Studio,1014,4,2,5,25,1,Fully Furnished,"['Club House', 'Elevator', 'Garden']",3.03,9,5050742.71
P18624,Hyderabad,Villa,3188,2,3,18,15,10,Fully Furnished,"['Security', 'Club House', 'Gym', 'Parking', 'Power Backup']",9.25,1,5068314.06
P104981,Hyderabad,Duplex,3374,1,3,4,10,7,Fully Furnished,"['Club House', 'Elevator', 'Wi-Fi']",9.94,9,23240302.83
P96149,Pune,Duplex,2515,1,2,8,25,15,Semi Furnished,"['Swimming Pool', 'Security', 'Club House', 'Garden', 'Elevator', 'Wi-Fi']",5.75,4,19750703.6
P61997,Mumbai,Penthouse,4913,4,3,11,21,0,Unfurnished,"['Garden', 'Wi-Fi', 'Gym', 'Power Backup', 'Security', 'Elevator']",1.27,6,27892825.09
P100536,Pune,Studio,2683,2,4,12,6,11,Fully Furnished,"['Elevator', 'Security', 'Gym']",9,3,30542505.7
P74937,Jaipur,Villa,606,4,3,6,16,18,Fully Furnished,"['Gym', 'Garden', 'Wi-Fi', 'Parking', 'Security']",2.66,10,3435568.92
P86948,Pune,Duplex,689,4,4,15,12,3,Unfurnished,"['Security', 'Swimming Pool', 'Garden']",4.54,8,28817762.79
P61245,Chennai,Duplex,2601,2,2,5,28,11,Semi Furnished,"['Security', 'Wi-Fi', 'Gym', 'Parking', 'Club House']",4.92,3,27854003.23
P37146,Delhi,Studio,3940,2,2,15,7,14,Semi Furnished,"['Swimming Pool', 'Club House', 'Power Backup', 'Elevator', 'Wi-Fi']",8.48,4,11555189.65
P36011,Hyderabad,Penthouse,3412,2,2,5,23,9,Fully Furnished,"['Wi-Fi', 'Parking', 'Swimming Pool', 'Gym', 'Security', 'Garden']",2.26,7,2142923.54
P93298,Pune,Penthouse,1783,3,3,4,22,14,Semi Furnished,"['Parking', 'Wi-Fi', 'Elevator', 'Gym', 'Security']",2.48,8,4852569.41
P48870,Hyderabad,Independent House,3982,3,2,4,25,19,Unfurnished,"['Swimming Pool', 'Garden', 'Parking', 'Elevator']",2.4,6,48024439.93
P49906,Hyderabad,Villa,727,4,2,15,19,6,Unfurnished,"['Elevator', 'Gym', 'Wi-Fi', 'Garden', 'Club House', 'Parking']",5.93,3,41250823.02
P77767,Chandigarh,Apartment,2090,2,4,2,12,19,Unfurnished,"['Swimming Pool', 'Security', 'Elevator', 'Club House']",2.98,2,12471759.29
P26474,Delhi,Apartment,2686,1,4,16,5,2,Fully Furnished,"['Parking', 'Gym', 'Security', 'Swimming Pool', 'Power Backup']",8.96,4,33520190.08
P11404,Mumbai,Apartment,3610,5,1,4,11,15,Fully Furnished,"['Swimming Pool', 'Garden', 'Wi-Fi', 'Parking', 'Security']",9.5,4,19806966.39
P88645,Mumbai,Villa,1555,1,2,17,20,20,Unfurnished,"['Garden', 'Swimming Pool', 'Security', 'Power Backup', 'Gym']",6.07,10,23968147.07
P56555,Chennai,Duplex,1003,3,3,7,19,14,Semi Furnished,"['Elevator', 'Swimming Pool', 'Gym']",1.29,9,11284966.37
P21282,Pune,Apartment,3250,1,2,13,8,11,Unfurnished,"['Security', 'Power Backup', 'Club House']",8.06,10,3963646.8
P16099,Delhi,Studio,4843,3,4,4,10,18,Semi Furnished,"['Power Backup', 'Security', 'Swimming Pool', 'Elevator', 'Club House']",2.32,9,23664307.38
P68808,Ahmedabad,Villa,1633,3,4,12,29,2,Fully Furnished,"['Swimming Pool', 'Wi-Fi', 'Security', 'Elevator', 'Power Backup']",5.37,3,48884190.1
P40616,Chennai,Penthouse,921,1,4,10,22,5,Unfurnished,"['Gym', 'Parking', 'Security', 'Club House']",7.81,3,36360113.64
P72263,Ahmedabad,Penthouse,2801,4,3,7,21,3,Fully Furnished,"['Gym', 'Garden', 'Power Backup', 'Swimming Pool', 'Wi-Fi']",6.44,10,32006006.36
P100880,Ahmedabad,Studio,2317,5,3,10,22,17,Unfurnished,"['Garden', 'Security', 'Gym', 'Club House', 'Swimming Pool']",6.84,10,2780677.42
P107430,Bangalore,Independent House,3550,3,2,10,20,4,Semi Furnished,"['Power Backup', 'Parking', 'Security', 'Swimming Pool', 'Elevator', 'Garden']",5.73,1,19116527.76
P61232,Kolkata,Independent House,2235,2,2,13,28,16,Semi Furnished,"['Elevator', 'Power Backup', 'Parking']",4.01,9,45342408.7
P76391,Chennai,Duplex,4084,3,2,5,20,7,Fully Furnished,"['Garden', 'Security', 'Parking', 'Swimming Pool', 'Elevator', 'Club House']",8.45,3,8566392.34
P11952,Bangalore,Penthouse,3833,3,2,10,28,20,Fully Furnished,"['Security', 'Club House', 'Power Backup', 'Parking', 'Gym', 'Garden']",6.27,1,45699883.24
P99054,Bangalore,Villa,822,4,3,19,18,14,Fully Furnished,"['Swimming Pool', 'Wi-Fi', 'Club House', 'Gym', 'Security']",3.01,7,45068939.53
P89461,Hyderabad,Penthouse,1819,3,3,15,15,3,Unfurnished,"['Garden', 'Swimming Pool', 'Power Backup']",8.1,1,4050220.85
P67433,Hyderabad,Duplex,563,1,1,3,11,19,Fully Furnished,"['Power Backup', 'Club House', 'Swimming Pool', 'Wi-Fi']",1.34,10,34312359.89
P20301,Bangalore,Duplex,825,2,2,18,22,13,Fully Furnished,"['Swimming Pool', 'Wi-Fi', 'Club House']",4.21,9,42351381.78
P34046,Chandigarh,Independent House,1332,5,3,9,19,18,Unfurnished,"['Wi-Fi', 'Elevator', 'Security', 'Gym', 'Swimming Pool', 'Club House']",2.37,2,5811125.78
P74580,Jaipur,Penthouse,2593,2,1,17,7,14,Unfurnished,"['Parking', 'Power Backup', 'Elevator']",6.04,4,2708308.73
P103224,Mumbai,Villa,4179,2,3,12,21,1,Unfurnished,"['Garden', 'Gym', 'Wi-Fi']",6.92,3,17882183.45
P102607,Ahmedabad,Duplex,2892,3,3,17,18,11,Fully Furnished,"['Gym', 'Swimming Pool', 'Power Backup', 'Wi-Fi', 'Club House', 'Security']",9.33,4,14673161.18
P71708,Chandigarh,Villa,4443,3,2,13,20,20,Unfurnished,"['Garden', 'Elevator', 'Wi-Fi', 'Club House', 'Gym', 'Swimming Pool']",0.83,10,48243069.51
P51391,Hyderabad,Apartment,3420,3,3,6,11,2,Unfurnished,"['Security', 'Elevator', 'Wi-Fi', 'Power Backup', 'Swimming Pool', 'Club House']",5.97,4,18923934.55
P40702,Bangalore,Villa,3968,3,3,16,30,13,Fully Furnished,"['Swimming Pool', 'Wi-Fi', 'Garden', 'Security']",1,3,11580579.69
P79377,Chandigarh,Villa,1067,3,3,13,26,15,Fully Furnished,"['Parking', 'Security', 'Elevator', 'Garden']",8.3,5,47446433.8
P108441,Delhi,Duplex,1257,2,4,12,30,17,Unfurnished,"['Parking', 'Wi-Fi', 'Power Backup']",8.85,7,19892236.92
P66864,Bangalore,Studio,2959,1,2,11,18,15,Semi Furnished,"['Gym', 'Security', 'Garden', 'Wi-Fi', 'Power Backup', 'Swimming Pool']",3.87,1,15472588.22
P71690,Chennai,Independent House,2427,3,4,20,10,18,Unfurnished,"['Garden', 'Swimming Pool', 'Parking', 'Security', 'Wi-Fi', 'Club House']",8.87,5,17945007.73
P104021,Bangalore,Apartment,1527,3,3,19,15,9,Fully Furnished,"['Wi-Fi', 'Garden', 'Parking']",7.05,1,29879424.32
P70652,Delhi,Villa,2403,3,4,11,17,18,Unfurnished,"['Club House', 'Power Backup', 'Security', 'Gym', 'Elevator']",8.77,2,43226616.4
P56209,Bangalore,Independent House,901,2,2,10,22,4,Unfurnished,"['Parking', 'Club House', 'Elevator']",8.79,6,31925238.95
P56095,Pune,Villa,1152,4,4,15,7,12,Semi Furnished,"['Garden', 'Wi-Fi', 'Gym', 'Elevator', 'Security']",0.84,9,39780063.65
P58743,Bangalore,Duplex,3693,1,1,8,6,7,Fully Furnished,"['Elevator', 'Power Backup', 'Swimming Pool', 'Club House', 'Security']",8.65,8,29465491.36
P57905,Chennai,Penthouse,4661,1,1,6,13,8,Unfurnished,"['Gym', 'Power Backup', 'Swimming Pool', 'Wi-Fi', 'Elevator']",2.26,4,45150034.85
P12586,Chandigarh,Penthouse,3128,5,2,17,30,11,Unfurnished,"['Swimming Pool', 'Gym', 'Parking', 'Power Backup']",3.22,1,3829103.31
P32974,Mumbai,Independent House,3257,2,3,2,23,16,Fully Furnished,"['Parking', 'Gym', 'Swimming Pool', 'Wi-Fi', 'Security', 'Elevator']",2.66,8,4659671.77
P106208,Pune,Penthouse,1253,3,4,14,27,12,Semi Furnished,"['Gym', 'Club House', 'Elevator', 'Security', 'Swimming Pool']",1.54,3,10334401.75
P17329,Mumbai,Penthouse,2898,2,1,7,23,18,Unfurnished,"['Club House', 'Elevator', 'Gym', 'Swimming Pool', 'Security', 'Power Backup']",9.17,10,44370565.99
P104294,Ahmedabad,Independent House,3656,1,2,17,15,19,Fully Furnished,"['Elevator', 'Wi-Fi', 'Garden', 'Club House', 'Gym']",5.76,8,24295609.59
P60775,Ahmedabad,Independent House,2324,3,2,1,22,1,Fully Furnished,"['Elevator', 'Swimming Pool', 'Wi-Fi']",4.64,1,35219965.94
P88999,Kolkata,Apartment,841,4,4,9,20,10,Semi Furnished,"['Garden', 'Club House', 'Swimming Pool', 'Parking']",2.4,5,26981762.07
P65787,Bangalore,Independent House,1719,3,4,19,5,15,Fully Furnished,"['Elevator', 'Wi-Fi', 'Power Backup', 'Swimming Pool']",6.35,9,19547560.23
P64198,Chandigarh,Studio,4201,4,4,14,23,3,Fully Furnished,"['Club House', 'Swimming Pool', 'Security']",8.59,3,43108885.25
P11414,Delhi,Villa,1631,4,2,6,11,18,Semi Furnished,"['Parking', 'Power Backup', 'Garden', 'Swimming Pool', 'Gym']",2.24,6,40627769.27
P66450,Chandigarh,Penthouse,3813,4,2,16,16,12,Unfurnished,"['Garden', 'Gym', 'Power Backup']",4.68,10,41622560.77
P12140,Hyderabad,Penthouse,2276,1,3,18,22,17,Unfurnished,"['Club House', 'Garden', 'Power Backup', 'Elevator']",6.84,2,43040367.76
P61737,Pune,Villa,4530,2,3,18,27,12,Semi Furnished,"['Garden', 'Power Backup', 'Security', 'Gym', 'Club House', 'Parking']",4.16,9,39253287.64
P89598,Hyderabad,Independent House,2780,3,2,10,17,19,Fully Furnished,"['Parking', 'Security', 'Gym', 'Club House', 'Elevator', 'Swimming Pool']",7.78,2,49480031.01
P74335,Kolkata,Independent House,4064,2,4,18,10,9,Fully Furnished,"['Parking', 'Wi-Fi', 'Security']",3.76,6,22906942.28
P85347,Chennai,Studio,942,3,1,13,26,1,Unfurnished,"['Power Backup', 'Elevator', 'Garden', 'Club House', 'Swimming Pool']",3.79,7,21324973.2
P58771,Bangalore,Villa,4630,5,3,13,30,6,Fully Furnished,"['Parking', 'Elevator', 'Security', 'Wi-Fi']",2.86,5,42429901.21
P48739,Jaipur,Villa,1001,3,1,10,10,6,Semi Furnished,"['Swimming Pool', 'Security', 'Power Backup']",5.01,6,8905231.07
P62931,Kolkata,Penthouse,1827,2,2,6,25,20,Unfurnished,"['Elevator', 'Wi-Fi', 'Club House', 'Swimming Pool']",4.44,5,940209.13
P49316,Kolkata,Villa,4151,3,4,13,21,9,Unfurnished,"['Security', 'Parking', 'Gym', 'Power Backup', 'Garden']",1.46,2,7697124.53
P94384,Ahmedabad,Independent House,2601,3,2,10,5,19,Fully Furnished,"['Wi-Fi', 'Garden', 'Swimming Pool', 'Security', 'Gym']",4.28,9,32370003.3
P55716,Chennai,Penthouse,4226,5,4,4,22,14,Semi Furnished,"['Gym', 'Club House', 'Swimming Pool', 'Power Backup', 'Garden', 'Security']",8.72,7,20949159.34
P68594,Mumbai,Villa,4562,2,1,4,10,13,Fully Furnished,"['Gym', 'Security', 'Power Backup']",5.78,2,11390280.04
P99530,Bangalore,Studio,2063,1,3,10,9,15,Fully Furnished,"['Power Backup', 'Gym', 'Swimming Pool']",6.23,6,43888197.37
P54249,Kolkata,Villa,4336,5,1,5,21,10,Unfurnished,"['Security', 'Swimming Pool', 'Power Backup', 'Club House', 'Wi-Fi']",6.24,1,24598761.37
P15691,Ahmedabad,Villa,2306,5,1,17,25,10,Fully Furnished,"['Elevator', 'Power Backup', 'Gym']",5.26,2,1849151.29
P76493,Pune,Apartment,3621,4,1,15,13,0,Fully Furnished,"['Power Backup', 'Club House', 'Gym', 'Wi-Fi', 'Swimming Pool']",5.99,9,49026374.49
P55525,Ahmedabad,Penthouse,1211,1,1,13,24,8,Unfurnished,"['Power Backup', 'Club House', 'Swimming Pool', 'Gym']",6.25,1,28495884.31
P62688,Bangalore,Villa,2563,2,2,5,30,12,Fully Furnished,"['Club House', 'Swimming Pool', 'Elevator', 'Security', 'Parking']",10,2,17438527.99
P68880,Kolkata,Apartment,2642,2,4,11,21,10,Unfurnished,"['Wi-Fi', 'Gym', 'Power Backup', 'Elevator', 'Garden', 'Security']",1.06,3,20645113.67
P20276,Jaipur,Studio,2065,5,4,11,11,8,Fully Furnished,"['Garden', 'Power Backup', 'Gym', 'Swimming Pool', 'Security', 'Elevator']",3.51,1,18381743.46
P96530,Chennai,Duplex,1356,5,1,7,13,6,Fully Furnished,"['Club House', 'Garden', 'Swimming Pool']",9.82,5,36319670.82
P104735,Jaipur,Independent House,3912,2,1,5,11,13,Semi Furnished,"['Security', 'Gym', 'Power Backup']",6.55,8,36837257.99
P82422,Hyderabad,Villa,2843,2,3,10,27,12,Semi Furnished,"['Elevator', 'Security', 'Club House', 'Gym', 'Swimming Pool', 'Wi-Fi']",5.41,5,3656005.29
P95018,Chennai,Apartment,3883,4,1,12,13,6,Unfurnished,"['Garden', 'Power Backup', 'Parking', 'Swimming Pool']",8.94,9,17158221
P87563,Hyderabad,Penthouse,2741,5,2,14,21,14,Unfurnished,"['Parking', 'Swimming Pool', 'Club House']",9.12,2,36146305.37
P52709,Ahmedabad,Independent House,4139,3,3,3,30,11,Unfurnished,"['Power Backup', 'Security', 'Parking', 'Garden', 'Elevator', 'Club House']",1.53,4,37222049.67
P49013,Chennai,Independent House,972,2,4,11,10,14,Fully Furnished,"['Garden', 'Power Backup', 'Elevator', 'Club House']",1.57,7,38650294.98
P16047,Pune,Villa,4608,4,2,16,22,18,Unfurnished,"['Power Backup', 'Elevator', 'Wi-Fi', 'Security']",8.94,8,31353334.72
P57184,Bangalore,Apartment,2868,2,3,15,15,20,Semi Furnished,"['Wi-Fi', 'Garden', 'Swimming Pool', 'Club House', 'Parking']",7.36,10,9200333.63
P53758,Kolkata,Villa,2172,2,3,2,6,6,Semi Furnished,"['Garden', 'Gym', 'Security', 'Wi-Fi', 'Elevator', 'Power Backup']",0.64,7,16258005.85
P34368,Delhi,Apartment,3024,3,1,17,29,20,Fully Furnished,"['Security', 'Elevator', 'Club House', 'Power Backup', 'Garden']",2.6,2,40549126.36
P30216,Delhi,Duplex,1808,1,3,9,7,2,Semi Furnished,"['Garden', 'Swimming Pool', 'Club House', 'Elevator', 'Gym']",7.72,7,21962718.85
P37778,Kolkata,Studio,4696,4,3,6,28,7,Unfurnished,"['Security', 'Elevator', 'Swimming Pool', 'Gym']",7.66,2,32799779.07
P36766,Bangalore,Penthouse,3151,1,2,20,23,16,Fully Furnished,"['Parking', 'Elevator', 'Club House', 'Garden', 'Power Backup']",9.49,1,41674436.06
P91195,Pune,Apartment,4182,3,3,12,18,11,Semi Furnished,"['Elevator', 'Power Backup', 'Gym', 'Parking', 'Security', 'Swimming Pool']",7.98,9,1178712.87
P17578,Kolkata,Penthouse,4620,5,1,3,16,5,Fully Furnished,"['Swimming Pool', 'Parking', 'Power Backup']",7.15,2,44960754.31
P69792,Kolkata,Penthouse,1312,4,3,5,28,8,Unfurnished,"['Swimming Pool', 'Parking', 'Power Backup', 'Wi-Fi', 'Garden']",2.26,10,18114333.79
P25574,Chandigarh,Apartment,1829,4,3,7,23,17,Unfurnished,"['Wi-Fi', 'Club House', 'Garden']",2.07,5,30453056
P81856,Bangalore,Duplex,2452,3,2,10,24,6,Semi Furnished,"['Swimming Pool', 'Parking', 'Power Backup', 'Garden', 'Elevator', 'Security']",2.92,1,37106333.64
P107073,Pune,Apartment,892,5,4,2,9,1,Fully Furnished,"['Gym', 'Parking', 'Club House', 'Wi-Fi', 'Elevator']",8.91,9,11762305.08
P96827,Pune,Independent House,4420,2,1,2,20,11,Unfurnished,"['Swimming Pool', 'Gym', 'Wi-Fi', 'Club House']",3.85,4,22513229.59
P80683,Delhi,Independent House,1118,1,4,18,5,6,Semi Furnished,"['Elevator', 'Club House', 'Security', 'Garden', 'Power Backup']",7.43,5,22137799.52
P64279,Kolkata,Apartment,4382,3,4,8,19,20,Semi Furnished,"['Power Backup', 'Parking', 'Garden', 'Gym', 'Club House']",9.26,7,29226630.72
P53322,Pune,Penthouse,1007,4,4,6,11,14,Unfurnished,"['Elevator', 'Garden', 'Wi-Fi', 'Club House', 'Security']",5.62,2,49656119.28
P71876,Ahmedabad,Duplex,929,5,3,14,27,19,Semi Furnished,"['Parking', 'Club House', 'Elevator', 'Gym', 'Wi-Fi', 'Swimming Pool']",4.66,3,39078404.18
P12211,Chandigarh,Independent House,1518,1,1,2,19,3,Unfurnished,"['Wi-Fi', 'Gym', 'Elevator', 'Power Backup', 'Club House', 'Parking']",7.74,6,11154726.6
P13863,Jaipur,Villa,1556,2,4,20,8,11,Unfurnished,"['Power Backup', 'Club House', 'Parking', 'Elevator']",1.96,8,15744938.04
P26114,Kolkata,Apartment,1021,2,2,1,28,20,Semi Furnished,"['Garden', 'Security', 'Club House', 'Elevator', 'Power Backup', 'Swimming Pool']",1.59,10,41788223.02
P33418,Chandigarh,Apartment,3377,1,4,16,14,15,Semi Furnished,"['Swimming Pool', 'Gym', 'Garden']",4.7,4,36749039.13
P81115,Hyderabad,Villa,1761,5,4,16,6,12,Unfurnished,"['Security', 'Club House', 'Gym', 'Wi-Fi', 'Swimming Pool']",6.67,7,34835152.62
P72743,Jaipur,Studio,3874,3,3,10,25,19,Fully Furnished,"['Power Backup', 'Garden', 'Wi-Fi', 'Elevator']",1.32,8,43369585.86
P16793,Kolkata,Villa,2200,1,1,20,26,1,Semi Furnished,"['Club House', 'Garden', 'Parking', 'Wi-Fi', 'Swimming Pool', 'Elevator']",6.79,9,14144737.94
P26078,Mumbai,Apartment,1731,4,1,1,23,6,Semi Furnished,"['Parking', 'Club House', 'Security', 'Garden', 'Gym']",8.71,2,8019048.05
P26999,Pune,Duplex,4672,4,1,16,26,4,Unfurnished,"['Power Backup', 'Garden', 'Gym', 'Security', 'Elevator', 'Wi-Fi']",3.99,9,21759837.3
P25935,Chennai,Independent House,4933,3,1,19,9,20,Semi Furnished,"['Parking', 'Security', 'Gym']",0.92,5,41473803.17
P67430,Ahmedabad,Villa,4562,2,2,12,22,6,Semi Furnished,"['Garden', 'Swimming Pool', 'Parking']",4.6,6,27741823.33
P61482,Chandigarh,Apartment,1159,4,2,12,5,3,Fully Furnished,"['Swimming Pool', 'Club House', 'Parking', 'Gym', 'Wi-Fi']",3.48,10,41708554.69
P58310,Mumbai,Villa,2558,5,3,9,25,0,Semi Furnished,"['Swimming Pool', 'Wi-Fi', 'Power Backup']",2.97,2,43761217.65
P73720,Delhi,Independent House,4829,3,2,4,26,4,Fully Furnished,"['Power Backup', 'Elevator', 'Wi-Fi', 'Security', 'Swimming Pool', 'Club House']",9.84,5,49280901.95
P34916,Ahmedabad,Studio,2894,1,3,12,20,19,Unfurnished,"['Wi-Fi', 'Swimming Pool', 'Garden', 'Gym', 'Club House', 'Parking']",9,7,4292080.8
P65967,Ahmedabad,Duplex,2834,3,3,15,13,12,Semi Furnished,"['Elevator', 'Parking', 'Power Backup']",2.12,9,11172614.37
P32617,Ahmedabad,Villa,2764,1,3,1,18,13,Semi Furnished,"['Garden', 'Wi-Fi', 'Swimming Pool', 'Parking', 'Security', 'Power Backup']",6.6,2,23617878.83
P57794,Bangalore,Apartment,608,2,3,20,28,16,Unfurnished,"['Wi-Fi', 'Swimming Pool', 'Elevator', 'Parking']",7.63,5,7850483.03
P78336,Hyderabad,Duplex,3330,4,4,7,18,5,Unfurnished,"['Security', 'Parking', 'Power Backup', 'Gym', 'Swimming Pool', 'Club House']",4.01,10,11792813.07
P109387,Delhi,Duplex,1134,3,1,18,27,3,Unfurnished,"['Swimming Pool', 'Wi-Fi', 'Club House', 'Power Backup', 'Garden']",1.06,9,42064277.27
P89975,Mumbai,Independent House,3535,3,2,7,6,14,Unfurnished,"['Parking', 'Power Backup', 'Security', 'Garden', 'Elevator', 'Wi-Fi']",3.83,8,27637488.64
P71643,Ahmedabad,Apartment,4317,5,4,1,20,1,Fully Furnished,"['Swimming Pool', 'Garden', 'Club House', 'Parking', 'Gym']",1.1,6,46095116.74
P38296,Ahmedabad,Penthouse,2607,5,1,12,7,16,Semi Furnished,"['Power Backup', 'Garden', 'Swimming Pool', 'Elevator']",3.2,7,33193383.37
P104170,Jaipur,Apartment,2522,2,3,7,23,17,Unfurnished,"['Wi-Fi', 'Security', 'Gym', 'Swimming Pool', 'Parking', 'Garden']",0.81,6,40116005.62
P10634,Delhi,Studio,1169,3,3,14,6,9,Semi Furnished,"['Security', 'Garden', 'Parking', 'Swimming Pool', 'Elevator', 'Gym']",5.06,2,15197445.11
P61850,Hyderabad,Villa,3995,5,1,6,28,20,Fully Furnished,"['Power Backup', 'Security', 'Garden', 'Swimming Pool', 'Club House', 'Parking']",0.78,4,49584236.98
P57485,Kolkata,Penthouse,2487,5,1,14,30,10,Semi Furnished,"['Wi-Fi', 'Security', 'Club House']",9.98,9,14137715.47
P55783,Chandigarh,Villa,2576,5,1,9,12,12,Semi Furnished,"['Power Backup', 'Gym', 'Parking', 'Swimming Pool']",1.63,7,36712690.42
P22475,Mumbai,Apartment,891,4,4,7,18,9,Fully Furnished,"['Garden', 'Wi-Fi', 'Club House']",7.21,10,34072292.22
P51401,Mumbai,Villa,3862,3,4,15,26,0,Semi Furnished,"['Garden', 'Security', 'Elevator', 'Club House', 'Parking', 'Gym']",2.84,1,14365478.29
P90309,Jaipur,Penthouse,3971,3,2,5,27,17,Semi Furnished,"['Power Backup', 'Gym', 'Swimming Pool', 'Elevator', 'Parking', 'Wi-Fi']",8.56,3,4403928.79
P97891,Ahmedabad,Duplex,4814,5,3,14,15,15,Semi Furnished,"['Garden', 'Swimming Pool', 'Wi-Fi']",1.42,3,17044871.71
P42729,Hyderabad,Studio,1817,3,3,1,9,15,Fully Furnished,"['Swimming Pool', 'Gym', 'Power Backup', 'Club House']",3.32,1,29730743.65
P15183,Hyderabad,Studio,654,3,2,9,20,19,Semi Furnished,"['Security', 'Swimming Pool', 'Power Backup', 'Garden', 'Elevator']",7.46,6,46310363.55
P35712,Chandigarh,Studio,4521,1,2,19,15,12,Unfurnished,"['Elevator', 'Club House', 'Security']",1.5,3,44001755.85
P65894,Mumbai,Duplex,1141,1,2,8,7,5,Fully Furnished,"['Club House', 'Security', 'Wi-Fi', 'Parking']",3.44,3,7149333.94
P60965,Chandigarh,Villa,4848,1,1,16,6,2,Semi Furnished,"['Security', 'Gym', 'Club House']",1.18,10,44723015.02
P31919,Jaipur,Duplex,3213,1,3,14,15,4,Semi Furnished,"['Club House', 'Garden', 'Elevator', 'Wi-Fi', 'Power Backup']",4.33,6,38305596.54
P65779,Ahmedabad,Villa,1693,5,4,14,15,13,Fully Furnished,"['Gym', 'Garden', 'Swimming Pool', 'Security', 'Power Backup']",1.59,6,35679094.32
P50601,Bangalore,Duplex,1802,2,4,4,13,5,Unfurnished,"['Security', 'Wi-Fi', 'Elevator', 'Power Backup']",5.93,4,38199195.57
P88811,Chandigarh,Duplex,3731,2,4,4,29,20,Fully Furnished,"['Parking', 'Security', 'Elevator']",8,1,20411502.09
P77559,Jaipur,Apartment,4383,1,4,9,13,13,Semi Furnished,"['Elevator', 'Parking', 'Club House', 'Power Backup', 'Swimming Pool', 'Garden']",6.88,9,29467457.36
P66086,Delhi,Duplex,3247,5,3,9,24,3,Semi Furnished,"['Gym', 'Elevator', 'Swimming Pool', 'Wi-Fi', 'Garden']",4.34,5,26172036.44
P20904,Mumbai,Apartment,792,4,2,12,25,1,Semi Furnished,"['Wi-Fi', 'Elevator', 'Power Backup', 'Gym', 'Garden']",2.55,7,34338718.4
P53113,Bangalore,Studio,4593,2,3,7,13,16,Fully Furnished,"['Garden', 'Power Backup', 'Gym', 'Swimming Pool', 'Security', 'Elevator']",6.98,1,32811780.96
P56976,Chandigarh,Duplex,680,1,3,1,29,7,Unfurnished,"['Club House', 'Elevator', 'Garden', 'Power Backup', 'Wi-Fi', 'Parking']",8.77,3,35485419.61
P72410,Kolkata,Penthouse,3332,2,3,17,24,20,Fully Furnished,"['Garden', 'Club House', 'Security', 'Wi-Fi', 'Power Backup']",4.46,4,996252.97
P100250,Hyderabad,Duplex,798,2,3,16,8,5,Unfurnished,"['Garden', 'Parking', 'Elevator', 'Power Backup']",6.58,4,43157191.52
P25870,Kolkata,Independent House,4229,4,3,11,16,15,Semi Furnished,"['Parking', 'Club House', 'Wi-Fi', 'Swimming Pool', 'Security', 'Elevator']",8.63,9,13225734.77
P49653,Pune,Apartment,2363,4,1,11,10,12,Unfurnished,"['Garden', 'Elevator', 'Wi-Fi', 'Security', 'Gym']",4.82,9,42303105.66
P94930,Chandigarh,Penthouse,3566,2,1,2,21,13,Semi Furnished,"['Security', 'Garden', 'Gym', 'Elevator', 'Power Backup', 'Parking']",2.68,4,46847008.52
P17219,Kolkata,Apartment,2105,1,3,14,19,7,Unfurnished,"['Club House', 'Gym', 'Parking']",2.24,4,31712729.71
P37827,Chandigarh,Villa,1833,3,2,6,29,3,Fully Furnished,"['Parking', 'Club House', 'Swimming Pool']",5.53,7,45570711.65
P62548,Mumbai,Independent House,1955,1,2,4,29,5,Unfurnished,"['Power Backup', 'Gym', 'Security', 'Elevator']",1.63,5,36800597.97
P90890,Bangalore,Villa,4369,3,4,9,24,6,Fully Furnished,"['Parking', 'Garden', 'Swimming Pool', 'Security', 'Power Backup']",9.01,2,14387708.2
P101627,Delhi,Independent House,4965,2,3,9,28,10,Unfurnished,"['Parking', 'Garden', 'Swimming Pool', 'Elevator', 'Security']",9.44,7,43338160.49
P74757,Bangalore,Studio,1837,3,2,3,5,11,Fully Furnished,"['Power Backup', 'Wi-Fi', 'Parking']",0.58,6,19728496.84
P18519,Bangalore,Apartment,4133,4,3,6,24,8,Semi Furnished,"['Power Backup', 'Gym', 'Security', 'Swimming Pool', 'Elevator']",6.64,1,25128763.15
P59221,Hyderabad,Villa,4996,5,3,2,13,19,Unfurnished,"['Elevator', 'Garden', 'Club House', 'Security']",8.92,3,5266299.52
P55037,Chennai,Studio,3315,3,3,3,26,11,Unfurnished,"['Power Backup', 'Parking', 'Swimming Pool', 'Elevator', 'Gym']",2.48,4,31755351.82
P70626,Kolkata,Duplex,4301,5,1,4,22,6,Unfurnished,"['Security', 'Power Backup', 'Wi-Fi']",2.67,7,35416554.62
P51530,Kolkata,Villa,1334,3,2,19,10,16,Unfurnished,"['Elevator', 'Wi-Fi', 'Power Backup']",1,6,16263307.1
P11892,Chennai,Studio,4639,1,3,19,15,13,Fully Furnished,"['Gym', 'Security', 'Wi-Fi', 'Parking', 'Swimming Pool', 'Power Backup']",5.59,1,9686717.22
P109475,Mumbai,Duplex,1939,3,3,11,8,10,Semi Furnished,"['Gym', 'Club House', 'Security', 'Swimming Pool']",1.6,5,18426681.34
P107064,Kolkata,Apartment,4903,1,4,12,11,2,Semi Furnished,"['Swimming Pool', 'Club House', 'Wi-Fi']",6.15,6,9974676.36
P17635,Mumbai,Duplex,2447,4,2,2,21,10,Semi Furnished,"['Garden', 'Swimming Pool', 'Club House', 'Parking', 'Gym']",1.28,6,19712535.83
P46249,Hyderabad,Studio,816,3,4,12,5,4,Semi Furnished,"['Elevator', 'Gym', 'Security', 'Parking', 'Wi-Fi', 'Club House']",1.95,6,8945924.81
P49116,Pune,Villa,4633,3,3,16,16,10,Fully Furnished,"['Swimming Pool', 'Parking', 'Gym', 'Club House', 'Security', 'Power Backup']",2.04,3,34964912.17
P48948,Chennai,Penthouse,4651,2,3,8,6,6,Unfurnished,"['Gym', 'Power Backup', 'Security', 'Wi-Fi', 'Elevator']",9.52,5,22217856.65
P88442,Bangalore,Villa,752,3,4,15,6,14,Unfurnished,"['Garden', 'Power Backup', 'Parking', 'Gym', 'Security']",3.08,5,6634557.3
P44051,Hyderabad,Independent House,2846,4,4,12,16,15,Unfurnished,"['Gym', 'Swimming Pool', 'Garden']",4.12,2,12144465.54
P37930,Hyderabad,Independent House,842,5,3,6,30,11,Semi Furnished,"['Security', 'Club House', 'Garden', 'Wi-Fi']",5.91,2,12581017.56
P105852,Jaipur,Penthouse,4008,5,4,5,22,14,Fully Furnished,"['Garden', 'Parking', 'Gym']",0.58,2,27205877.92
P24927,Chennai,Studio,4535,5,1,6,8,20,Fully Furnished,"['Gym', 'Elevator', 'Wi-Fi', 'Club House']",2.71,9,45631644.42
P22076,Chennai,Studio,3436,1,1,5,6,0,Unfurnished,"['Wi-Fi', 'Elevator', 'Swimming Pool']",5.89,2,36999190.05
P13786,Delhi,Independent House,4635,5,1,8,7,9,Semi Furnished,"['Wi-Fi', 'Elevator', 'Swimming Pool']",4.31,3,38151164.13
P15952,Ahmedabad,Duplex,3408,2,2,6,21,10,Fully Furnished,"['Elevator', 'Parking', 'Gym']",9.33,10,36708890.93
P85673,Hyderabad,Penthouse,917,1,4,6,27,4,Fully Furnished,"['Gym', 'Swimming Pool', 'Power Backup']",8.76,5,4359101.19
P89352,Chandigarh,Penthouse,3670,4,4,1,19,11,Unfurnished,"['Swimming Pool', 'Parking', 'Power Backup', 'Gym', 'Wi-Fi', 'Garden']",4.86,9,29504260.61
P94655,Delhi,Independent House,4984,3,3,11,17,15,Unfurnished,"['Gym', 'Club House', 'Security', 'Elevator', 'Power Backup', 'Parking']",2.76,10,3843745.8
P47552,Ahmedabad,Villa,1244,4,4,20,15,10,Semi Furnished,"['Elevator', 'Swimming Pool', 'Security']",6.85,1,4083647.87
P107367,Hyderabad,Penthouse,888,2,2,16,15,6,Semi Furnished,"['Club House', 'Gym', 'Security', 'Wi-Fi', 'Swimming Pool', 'Power Backup']",9.55,10,18499252.54
P101259,Mumbai,Independent House,608,2,3,6,23,13,Fully Furnished,"['Swimming Pool', 'Power Backup', 'Wi-Fi', 'Gym']",6.08,4,44346883.43
P94105,Jaipur,Apartment,1371,1,1,7,6,16,Unfurnished,"['Garden', 'Club House', 'Swimming Pool', 'Power Backup', 'Wi-Fi', 'Parking']",3.35,5,1615822.81
P16214,Kolkata,Duplex,4450,4,1,12,30,2,Fully Furnished,"['Swimming Pool', 'Gym', 'Elevator', 'Garden', 'Wi-Fi', 'Club House']",2.24,10,34367761.39
P59181,Mumbai,Penthouse,2360,2,2,5,24,19,Semi Furnished,"['Garden', 'Club House', 'Security', 'Wi-Fi']",2.43,4,4869528.92
P47114,Chandigarh,Studio,1910,3,4,3,28,0,Unfurnished,"['Security', 'Swimming Pool', 'Wi-Fi', 'Garden', 'Club House', 'Elevator']",5.89,9,32407344.47
P105420,Pune,Penthouse,1953,2,3,14,8,7,Unfurnished,"['Elevator', 'Swimming Pool', 'Security']",0.86,9,4981672.01
P76763,Delhi,Duplex,4068,4,1,1,17,10,Unfurnished,"['Security', 'Gym', 'Parking', 'Wi-Fi', 'Club House', 'Power Backup']",9.13,2,27301918.05
P58865,Hyderabad,Villa,2873,2,3,20,6,0,Fully Furnished,"['Club House', 'Garden', 'Gym', 'Parking', 'Swimming Pool', 'Elevator']",9.66,7,29455305.49
P28439,Chennai,Duplex,2588,5,3,18,11,13,Fully Furnished,"['Wi-Fi', 'Elevator', 'Garden', 'Club House', 'Power Backup']",1.53,6,20826259.7
P65603,Hyderabad,Independent House,4867,3,2,10,21,18,Unfurnished,"['Club House', 'Wi-Fi', 'Gym']",6.5,2,15959533.12
P82678,Hyderabad,Apartment,2149,5,2,17,24,7,Fully Furnished,"['Security', 'Garden', 'Power Backup', 'Elevator', 'Swimming Pool']",7.73,5,42777299.24
P40463,Jaipur,Independent House,1487,3,1,7,10,3,Semi Furnished,"['Gym', 'Power Backup', 'Security', 'Parking']",1.42,10,43720067.87
P29452,Chennai,Penthouse,4916,2,4,4,11,17,Unfurnished,"['Swimming Pool', 'Gym', 'Power Backup', 'Garden', 'Security']",6.02,5,22030483.32
P24473,Mumbai,Penthouse,1251,3,4,20,27,17,Semi Furnished,"['Power Backup', 'Gym', 'Club House', 'Garden', 'Wi-Fi']",3.85,1,23429100.07
P105791,Delhi,Independent House,3853,2,3,15,23,13,Fully Furnished,"['Gym', 'Garden', 'Club House', 'Wi-Fi', 'Swimming Pool', 'Security']",5.92,10,47304990.64
P43284,Bangalore,Duplex,3279,4,4,19,5,4,Semi Furnished,"['Club House', 'Power Backup', 'Wi-Fi']",4.3,6,12820206.64
P89751,Ahmedabad,Villa,1860,3,3,7,25,4,Semi Furnished,"['Gym', 'Power Backup', 'Security']",0.98,6,6178775.67
P79142,Chandigarh,Studio,4178,4,2,10,25,11,Semi Furnished,"['Wi-Fi', 'Swimming Pool', 'Club House', 'Gym']",3.48,2,39453786.23
P32588,Chandigarh,Studio,3325,3,4,17,19,19,Fully Furnished,"['Club House', 'Parking', 'Security', 'Swimming Pool', 'Power Backup', 'Wi-Fi']",5.96,4,49178064.04
P75602,Kolkata,Apartment,4113,5,1,16,24,5,Semi Furnished,"['Gym', 'Wi-Fi', 'Security', 'Garden', 'Swimming Pool']",3.83,5,9591652
P74533,Kolkata,Penthouse,509,3,3,4,14,0,Fully Furnished,"['Swimming Pool', 'Elevator', 'Security']",5.68,10,26494433.16
P83560,Chennai,Independent House,3954,3,1,16,26,20,Unfurnished,"['Security', 'Gym', 'Elevator', 'Swimming Pool', 'Garden', 'Power Backup']",7.41,9,48460781.63
P37605,Chennai,Studio,2152,3,3,6,8,17,Fully Furnished,"['Security', 'Gym', 'Swimming Pool', 'Garden', 'Club House']",1.51,5,38287716.13
P98147,Ahmedabad,Studio,524,2,4,17,10,16,Semi Furnished,"['Security', 'Wi-Fi', 'Swimming Pool', 'Power Backup', 'Garden']",1.23,8,4666470.96
P54439,Mumbai,Independent House,770,2,4,10,28,5,Fully Furnished,"['Club House', 'Swimming Pool', 'Wi-Fi']",5.78,7,19674941.31
P24465,Jaipur,Duplex,4177,3,4,17,16,4,Fully Furnished,"['Parking', 'Power Backup', 'Security', 'Gym', 'Swimming Pool']",4.44,5,5023490.55
P50860,Pune,Apartment,2302,5,3,11,26,4,Semi Furnished,"['Club House', 'Elevator', 'Power Backup', 'Wi-Fi', 'Swimming Pool']",9.86,2,18163458.72
P73290,Bangalore,Apartment,1384,2,4,16,11,14,Semi Furnished,"['Power Backup', 'Parking', 'Wi-Fi', 'Garden', 'Swimming Pool']",8.94,10,5167761.26
P103061,Jaipur,Penthouse,4052,5,2,9,28,15,Semi Furnished,"['Wi-Fi', 'Swimming Pool', 'Power Backup', 'Club House', 'Garden', 'Security']",9.94,4,23869377.04
P63103,Kolkata,Apartment,3402,4,2,3,9,5,Fully Furnished,"['Swimming Pool', 'Power Backup', 'Parking']",1.48,5,46664945.55
P62655,Chennai,Duplex,4186,3,1,18,9,14,Semi Furnished,"['Swimming Pool', 'Club House', 'Wi-Fi', 'Security', 'Gym']",6.08,10,33684477.74
P36367,Kolkata,Independent House,4076,5,3,17,20,9,Semi Furnished,"['Gym', 'Swimming Pool', 'Garden', 'Elevator', 'Wi-Fi']",0.99,3,5571398.58
P64280,Ahmedabad,Duplex,3297,4,2,7,25,1,Fully Furnished,"['Gym', 'Parking', 'Wi-Fi']",9.43,8,26387571.83
P75043,Bangalore,Studio,2901,4,2,5,28,15,Fully Furnished,"['Club House', 'Power Backup', 'Garden', 'Parking']",1.19,4,34183214.95
P69878,Chennai,Independent House,2555,5,1,6,26,5,Unfurnished,"['Security', 'Elevator', 'Swimming Pool', 'Club House', 'Gym']",6.86,1,20724179.82
P106178,Ahmedabad,Apartment,1562,2,3,11,27,19,Fully Furnished,"['Gym', 'Club House', 'Garden', 'Security']",2.8,10,46984606.25
P69858,Pune,Studio,3366,5,2,18,20,1,Fully Furnished,"['Swimming Pool', 'Parking', 'Gym', 'Security', 'Power Backup']",2.74,6,46649101.81
P78872,Bangalore,Independent House,2932,5,2,20,19,14,Semi Furnished,"['Gym', 'Club House', 'Swimming Pool', 'Wi-Fi', 'Power Backup']",4.38,6,27546154.56
P10470,Pune,Studio,3330,5,3,11,26,16,Fully Furnished,"['Security', 'Swimming Pool', 'Gym']",5.58,10,5332587.15
P80800,Hyderabad,Penthouse,4049,1,1,8,12,4,Unfurnished,"['Club House', 'Power Backup', 'Parking', 'Garden']",7.59,9,11243077.21
P68871,Hyderabad,Duplex,3456,2,4,3,7,10,Unfurnished,"['Power Backup', 'Security', 'Gym', 'Elevator', 'Wi-Fi', 'Garden']",0.54,8,3993244.65
P26666,Pune,Villa,4358,1,4,18,23,15,Fully Furnished,"['Power Backup', 'Swimming Pool', 'Garden']",2.17,10,19571897.5
P95316,Ahmedabad,Studio,4898,2,3,2,5,9,Unfurnished,"['Club House', 'Power Backup', 'Security']",1.16,3,31283929.72
P81952,Pune,Apartment,4502,1,4,5,15,1,Fully Furnished,"['Swimming Pool', 'Gym', 'Wi-Fi', 'Club House', 'Power Backup']",3.2,4,35164490.21
P79767,Hyderabad,Villa,1440,2,2,8,28,16,Semi Furnished,"['Parking', 'Wi-Fi', 'Garden', 'Club House']",6.4,9,20321090.71
P61636,Ahmedabad,Apartment,1428,5,3,7,21,8,Unfurnished,"['Club House', 'Elevator', 'Garden']",1.37,10,26483335.17
P36791,Chennai,Studio,2737,3,4,4,25,15,Unfurnished,"['Elevator', 'Wi-Fi', 'Gym']",1.21,2,39518263.22
P31187,Mumbai,Independent House,2522,5,4,6,21,20,Fully Furnished,"['Club House', 'Security', 'Gym', 'Elevator', 'Wi-Fi', 'Garden']",6,2,28200259.59
P85254,Kolkata,Villa,2424,5,4,12,19,2,Unfurnished,"['Swimming Pool', 'Security', 'Elevator', 'Power Backup']",6.42,2,10740277.08
P104745,Chennai,Villa,1769,2,2,5,6,6,Semi Furnished,"['Power Backup', 'Parking', 'Wi-Fi', 'Elevator', 'Garden', 'Gym']",3.75,4,6537804.11
P98035,Bangalore,Duplex,1303,3,4,20,28,8,Semi Furnished,"['Swimming Pool', 'Power Backup', 'Wi-Fi', 'Club House', 'Parking']",7.15,7,33080294.53
P109988,Jaipur,Villa,627,3,3,20,19,20,Fully Furnished,"['Swimming Pool', 'Club House', 'Elevator']",6.26,5,7844705.96
P29726,Pune,Independent House,4925,1,4,14,8,15,Semi Furnished,"['Club House', 'Elevator', 'Parking', 'Swimming Pool', 'Power Backup', 'Garden']",2.38,8,46870796.59
P12544,Mumbai,Penthouse,2618,4,1,16,30,8,Fully Furnished,"['Garden', 'Wi-Fi', 'Elevator']",5.22,3,19938390.94
P73119,Pune,Penthouse,855,4,1,6,11,14,Fully Furnished,"['Power Backup', 'Wi-Fi', 'Garden']",5.15,6,47244377.56
P61949,Delhi,Apartment,3174,5,4,9,28,0,Semi Furnished,"['Elevator', 'Club House', 'Gym', 'Power Backup', 'Wi-Fi', 'Garden']",9.17,1,15669877.32
P77050,Kolkata,Penthouse,2316,2,1,19,18,18,Unfurnished,"['Elevator', 'Gym', 'Garden', 'Security']",5.62,4,30100012.02
P51011,Ahmedabad,Studio,2944,3,4,12,10,5,Unfurnished,"['Swimming Pool', 'Elevator', 'Gym', 'Wi-Fi', 'Garden', 'Club House']",2.8,9,44749175.83
P70105,Bangalore,Duplex,520,2,3,12,16,10,Semi Furnished,"['Gym', 'Elevator', 'Club House', 'Parking']",1.08,3,4550749.5
P93683,Kolkata,Studio,3754,5,2,2,23,19,Fully Furnished,"['Elevator', 'Garden', 'Swimming Pool', 'Club House', 'Gym']",7.31,3,14676242.63
P10450,Hyderabad,Penthouse,1413,1,1,11,22,4,Fully Furnished,"['Garden', 'Swimming Pool', 'Elevator', 'Wi-Fi', 'Club House']",9.56,7,22880182.02
P36058,Chennai,Duplex,4205,1,1,13,5,1,Fully Furnished,"['Power Backup', 'Parking', 'Security', 'Gym']",5.24,5,3884525.62
P101255,Jaipur,Penthouse,4258,2,3,1,6,1,Fully Furnished,"['Parking', 'Club House', 'Wi-Fi', 'Security', 'Power Backup']",2.07,1,26360554.3
P57019,Hyderabad,Independent House,503,5,1,1,20,20,Semi Furnished,"['Club House', 'Elevator', 'Garden']",0.55,3,14470303.95
P78008,Delhi,Duplex,1719,1,1,2,25,8,Fully Furnished,"['Elevator', 'Wi-Fi', 'Swimming Pool', 'Power Backup', 'Parking', 'Gym']",9.67,8,42799541.55
P41915,Delhi,Studio,2384,3,1,6,30,2,Unfurnished,"['Garden', 'Parking', 'Power Backup']",0.83,3,18115240.99
P30661,Chennai,Duplex,4260,4,3,15,11,15,Fully Furnished,"['Parking', 'Wi-Fi', 'Elevator']",3.21,8,41828418.78
P62689,Jaipur,Penthouse,2328,5,3,20,5,19,Fully Furnished,"['Power Backup', 'Gym', 'Club House', 'Elevator', 'Garden']",1.04,9,11231096.21
P84335,Pune,Villa,593,4,3,17,17,13,Semi Furnished,"['Gym', 'Swimming Pool', 'Elevator']",8.01,1,27928074.37
P18590,Hyderabad,Penthouse,2769,3,4,8,12,19,Fully Furnished,"['Club House', 'Parking', 'Gym', 'Elevator', 'Swimming Pool', 'Garden']",3.48,8,41349681.83
P50626,Jaipur,Villa,2837,4,2,12,5,3,Unfurnished,"['Power Backup', 'Parking', 'Security', 'Wi-Fi']",5.92,10,27665356.48
P78082,Bangalore,Villa,761,2,2,12,11,15,Unfurnished,"['Garden', 'Power Backup', 'Elevator']",3.98,2,33838825.49
P80953,Chandigarh,Studio,615,5,4,5,22,20,Semi Furnished,"['Wi-Fi', 'Security', 'Elevator']",9.83,7,20063430.17
P13379,Bangalore,Apartment,1448,1,4,19,9,4,Fully Furnished,"['Swimming Pool', 'Wi-Fi', 'Parking', 'Gym', 'Garden', 'Elevator']",4.05,1,8964001.56
P53110,Hyderabad,Studio,4522,3,3,12,19,5,Unfurnished,"['Garden', 'Gym', 'Security', 'Elevator']",5.31,10,46298811.4
P106429,Pune,Duplex,4695,1,4,2,15,8,Fully Furnished,"['Swimming Pool', 'Parking', 'Elevator', 'Power Backup']",0.97,6,41989241.58
P65940,Hyderabad,Duplex,4520,5,3,1,23,16,Semi Furnished,"['Security', 'Elevator', 'Power Backup', 'Club House', 'Gym']",7.48,1,14562648.82
P27352,Kolkata,Duplex,1233,5,1,12,10,14,Unfurnished,"['Gym', 'Security', 'Club House', 'Garden']",3.85,4,45561222.55
P106767,Ahmedabad,Villa,3292,3,4,5,19,19,Unfurnished,"['Security', 'Power Backup', 'Elevator', 'Club House', 'Wi-Fi']",6.34,10,42734004.49
P106723,Bangalore,Studio,781,1,3,3,18,2,Semi Furnished,"['Club House', 'Wi-Fi', 'Parking', 'Gym', 'Swimming Pool']",4.37,5,32168396.47
P83868,Ahmedabad,Duplex,1320,2,2,14,19,3,Unfurnished,"['Elevator', 'Club House', 'Wi-Fi']",4.36,2,44096658.78
P10246,Bangalore,Duplex,823,2,4,19,9,3,Fully Furnished,"['Garden', 'Parking', 'Club House', 'Wi-Fi', 'Elevator']",5.57,5,11577923.39
P69554,Mumbai,Duplex,2663,2,4,4,30,2,Unfurnished,"['Elevator', 'Club House', 'Power Backup']",4.25,4,25172226.17
P73613,Bangalore,Independent House,4620,2,2,1,11,7,Semi Furnished,"['Swimming Pool', 'Parking', 'Security', 'Wi-Fi']",8.68,7,21715890.33
P42992,Delhi,Studio,913,3,1,17,27,1,Unfurnished,"['Parking', 'Security', 'Power Backup', 'Wi-Fi', 'Gym']",1.95,1,16063049.88
P102223,Chandigarh,Independent House,3123,4,3,1,25,2,Unfurnished,"['Gym', 'Wi-Fi', 'Security', 'Elevator', 'Club House']",5.74,5,1275556.25
P22248,Bangalore,Independent House,4352,1,1,1,22,15,Semi Furnished,"['Power Backup', 'Wi-Fi', 'Garden']",7.72,8,41903906.83
P70687,Ahmedabad,Apartment,3946,3,3,11,17,6,Fully Furnished,"['Gym', 'Elevator', 'Security', 'Garden', 'Club House']",6.7,4,17443165.83
P46277,Hyderabad,Duplex,1812,5,2,12,15,11,Unfurnished,"['Power Backup', 'Wi-Fi', 'Parking', 'Elevator', 'Garden', 'Gym']",5.62,10,14244618.12
P37190,Jaipur,Penthouse,2428,4,2,17,23,17,Unfurnished,"['Gym', 'Club House', 'Security', 'Elevator']",6.26,5,15957337.34
P54642,Ahmedabad,Duplex,3128,3,4,10,25,14,Unfurnished,"['Parking', 'Power Backup', 'Club House', 'Gym']",0.82,10,6161714.79
P11949,Mumbai,Villa,3029,2,4,6,16,8,Fully Furnished,"['Wi-Fi', 'Gym', 'Security', 'Club House', 'Power Backup', 'Elevator']",7.69,3,23361263.93
P104676,Chennai,Independent House,2873,2,2,6,6,4,Fully Furnished,"['Elevator', 'Power Backup', 'Parking']",3.62,5,40609217.96
P37141,Chandigarh,Studio,1447,2,2,19,12,15,Fully Furnished,"['Club House', 'Swimming Pool', 'Parking']",4.18,3,38836151.75
P16398,Bangalore,Duplex,4465,4,2,3,10,10,Unfurnished,"['Garden', 'Power Backup', 'Club House']",7.06,6,21092910.07
P25181,Kolkata,Independent House,2178,1,3,1,26,15,Semi Furnished,"['Club House', 'Gym', 'Security', 'Elevator', 'Garden']",3.79,3,40641231.93
P45663,Kolkata,Villa,4628,4,2,14,30,0,Unfurnished,"['Security', 'Swimming Pool', 'Parking', 'Garden', 'Elevator', 'Gym']",0.73,9,48621018.26
P68535,Pune,Villa,3619,3,3,12,29,14,Semi Furnished,"['Parking', 'Gym', 'Security', 'Swimming Pool']",2.88,1,26285619.2
P92993,Ahmedabad,Studio,3935,3,2,17,7,19,Unfurnished,"['Wi-Fi', 'Club House', 'Gym']",0.57,9,9421260.14
P28770,Hyderabad,Penthouse,4849,4,2,17,9,18,Unfurnished,"['Parking', 'Elevator', 'Garden', 'Security']",9.83,10,41587295.68
P12653,Jaipur,Apartment,4246,2,1,13,13,17,Fully Furnished,"['Power Backup', 'Gym', 'Parking', 'Garden', 'Club House', 'Security']",2.74,7,4730643
P44616,Hyderabad,Duplex,3458,3,3,20,20,15,Fully Furnished,"['Swimming Pool', 'Elevator', 'Parking', 'Club House']",2.56,6,21136647.66
P65631,Bangalore,Penthouse,2586,1,4,6,27,14,Semi Furnished,"['Club House', 'Parking', 'Swimming Pool']",9.33,8,27810994.36
P40563,Pune,Villa,1849,5,4,5,11,0,Fully Furnished,"['Wi-Fi', 'Garden', 'Club House', 'Parking']",6.85,5,32306974.42
P52100,Pune,Independent House,2505,1,4,17,11,20,Fully Furnished,"['Elevator', 'Garden', 'Parking', 'Wi-Fi', 'Club House']",8.1,8,20788237.38
P70210,Ahmedabad,Duplex,997,2,2,2,18,18,Unfurnished,"['Power Backup', 'Elevator', 'Garden']",5.9,8,23713791.04
P97681,Mumbai,Villa,4503,5,4,20,24,12,Unfurnished,"['Swimming Pool', 'Gym', 'Wi-Fi', 'Security', 'Power Backup']",9.86,3,26454869.4
P80206,Delhi,Independent House,2533,3,4,7,10,5,Unfurnished,"['Power Backup', 'Club House', 'Gym', 'Wi-Fi']",2.51,5,20298224.19
P19231,Chandigarh,Duplex,3954,4,4,11,6,19,Semi Furnished,"['Gym', 'Security', 'Swimming Pool']",1.46,10,5349219.61
P77126,Hyderabad,Studio,4632,3,4,15,21,6,Semi Furnished,"['Power Backup', 'Security', 'Wi-Fi', 'Garden', 'Gym']",3.14,4,46086550.56
P107935,Mumbai,Independent House,3756,4,1,10,29,10,Semi Furnished,"['Garden', 'Wi-Fi', 'Elevator', 'Parking', 'Power Backup']",6.64,6,5320417
P61922,Bangalore,Penthouse,4613,2,3,4,13,11,Semi Furnished,"['Power Backup', 'Garden', 'Swimming Pool', 'Parking', 'Security']",5.56,8,36644901.58
P92570,Bangalore,Apartment,2813,1,3,8,21,16,Fully Furnished,"['Garden', 'Gym', 'Swimming Pool', 'Power Backup']",1.13,8,41414288.48
P73671,Bangalore,Penthouse,919,5,3,18,22,17,Fully Furnished,"['Power Backup', 'Parking', 'Elevator', 'Swimming Pool', 'Garden']",8.12,8,33463938.13
P67216,Delhi,Studio,4229,2,1,1,6,7,Semi Furnished,"['Swimming Pool', 'Club House', 'Elevator', 'Wi-Fi']",3.93,4,12847571.79
P58088,Delhi,Penthouse,3809,2,3,18,11,2,Unfurnished,"['Parking', 'Garden', 'Security']",2.17,9,39085266.25
P92407,Chandigarh,Villa,4369,1,2,12,17,11,Semi Furnished,"['Wi-Fi', 'Swimming Pool', 'Parking', 'Power Backup']",2.81,8,26180517.61
P30675,Chandigarh,Independent House,918,5,2,13,29,19,Unfurnished,"['Gym', 'Club House', 'Wi-Fi']",8.71,7,9101426.57
P15352,Bangalore,Villa,2408,3,2,17,23,11,Semi Furnished,"['Security', 'Garden', 'Gym', 'Swimming Pool', 'Power Backup', 'Club House']",9.92,5,13053217.22
P97279,Ahmedabad,Duplex,4143,4,4,15,22,8,Fully Furnished,"['Parking', 'Club House', 'Gym', 'Elevator', 'Garden']",6.92,5,11114666.74
P98614,Bangalore,Duplex,1965,5,2,8,25,0,Semi Furnished,"['Swimming Pool', 'Club House', 'Wi-Fi']",5.86,6,24677706.78
P46215,Chennai,Studio,740,5,2,1,20,20,Semi Furnished,"['Swimming Pool', 'Club House', 'Security', 'Power Backup']",2.23,5,962435.72
P80716,Jaipur,Villa,1159,5,3,13,9,9,Unfurnished,"['Power Backup', 'Security', 'Club House', 'Elevator', 'Gym', 'Wi-Fi']",5.76,7,47127761.29
P73975,Ahmedabad,Studio,3590,2,1,16,21,14,Unfurnished,"['Wi-Fi', 'Garden', 'Elevator', 'Swimming Pool', 'Club House']",8.23,1,45984532.55
P58281,Pune,Apartment,509,1,4,16,14,11,Fully Furnished,"['Wi-Fi', 'Parking', 'Power Backup', 'Gym', 'Swimming Pool', 'Elevator']",8.69,6,3979788.61
P30558,Delhi,Studio,2468,3,3,3,6,18,Semi Furnished,"['Parking', 'Swimming Pool', 'Elevator']",5.93,10,41948813.9
P97457,Chennai,Penthouse,1933,4,1,7,19,5,Fully Furnished,"['Elevator', 'Parking', 'Garden', 'Club House', 'Swimming Pool', 'Security']",5.9,5,25050969.86
P82129,Pune,Villa,3013,2,2,19,26,1,Unfurnished,"['Security', 'Parking', 'Elevator', 'Club House', 'Power Backup']",3.56,7,29417383.08
P71905,Kolkata,Villa,4179,1,3,1,23,17,Fully Furnished,"['Club House', 'Security', 'Power Backup']",6.76,4,13193439.09
P84057,Bangalore,Villa,1254,3,4,19,18,5,Semi Furnished,"['Club House', 'Parking', 'Gym']",3.86,10,24166642.47
P44205,Chandigarh,Independent House,2598,3,1,1,21,17,Unfurnished,"['Club House', 'Security', 'Elevator', 'Gym', 'Power Backup']",8.75,8,9554693.85
P71497,Mumbai,Penthouse,2091,5,4,12,28,16,Semi Furnished,"['Elevator', 'Power Backup', 'Club House']",9.18,1,9608771.07
P74720,Hyderabad,Apartment,1040,1,1,14,20,20,Unfurnished,"['Garden', 'Club House', 'Security', 'Power Backup', 'Swimming Pool']",7.19,10,14637538.7
P62119,Kolkata,Duplex,2342,2,2,17,27,12,Unfurnished,"['Wi-Fi', 'Power Backup', 'Swimming Pool', 'Elevator', 'Gym']",7.57,10,29926877.25
P86990,Ahmedabad,Duplex,1004,4,3,6,27,14,Fully Furnished,"['Power Backup', 'Wi-Fi', 'Gym', 'Swimming Pool']",6.01,1,11226510.3
P48516,Pune,Penthouse,2478,2,1,13,9,6,Semi Furnished,"['Security', 'Club House', 'Gym', 'Wi-Fi']",0.88,5,36768536.52
P41130,Ahmedabad,Studio,4095,4,3,20,8,6,Semi Furnished,"['Garden', 'Security', 'Wi-Fi', 'Swimming Pool', 'Power Backup']",7.49,10,49127915.95
P56900,Kolkata,Penthouse,2339,2,4,8,16,13,Semi Furnished,"['Power Backup', 'Club House', 'Elevator', 'Swimming Pool']",9.68,5,13310828.16
P26160,Pune,Studio,1461,1,2,11,13,14,Fully Furnished,"['Club House', 'Power Backup', 'Swimming Pool', 'Parking', 'Wi-Fi', 'Garden']",6.31,3,16235375.05
P22881,Pune,Studio,1846,1,1,5,29,13,Semi Furnished,"['Gym', 'Parking', 'Elevator', 'Swimming Pool', 'Wi-Fi']",6.7,2,4185403.99
P67159,Hyderabad,Studio,2198,4,1,14,6,6,Fully Furnished,"['Power Backup', 'Wi-Fi', 'Garden']",3.76,1,21235552.78
P76519,Chennai,Independent House,2771,1,3,10,27,12,Unfurnished,"['Parking', 'Gym', 'Club House', 'Power Backup', 'Swimming Pool']",4.38,4,19822670.48
P98073,Chandigarh,Penthouse,3818,1,4,14,10,18,Fully Furnished,"['Swimming Pool', 'Security', 'Power Backup', 'Elevator', 'Club House']",2.8,5,27835573.82
P33385,Ahmedabad,Independent House,4013,3,4,20,18,20,Semi Furnished,"['Wi-Fi', 'Power Backup', 'Club House', 'Parking', 'Garden']",5.72,4,8910305.87
P34509,Chennai,Studio,2647,4,4,12,29,6,Unfurnished,"['Elevator', 'Security', 'Gym']",8.25,4,14155444.32
P74411,Bangalore,Penthouse,2344,5,4,3,11,2,Semi Furnished,"['Power Backup', 'Gym', 'Parking']",8.23,9,40223134.52
P38966,Delhi,Duplex,3511,1,1,16,12,19,Semi Furnished,"['Garden', 'Wi-Fi', 'Security', 'Parking', 'Power Backup', 'Elevator']",7.53,3,18251025.92
P59657,Ahmedabad,Penthouse,1353,4,4,13,8,0,Fully Furnished,"['Parking', 'Club House', 'Elevator', 'Gym']",3.36,5,6353741.74
P13698,Jaipur,Apartment,1330,4,4,13,30,2,Semi Furnished,"['Parking', 'Elevator', 'Club House', 'Security', 'Power Backup']",4.45,7,35946665.88
P16957,Bangalore,Penthouse,1457,3,2,17,8,3,Semi Furnished,"['Security', 'Parking', 'Power Backup', 'Garden', 'Wi-Fi']",4.91,2,41910305.04
P72188,Kolkata,Apartment,1490,5,2,20,26,5,Semi Furnished,"['Elevator', 'Wi-Fi', 'Club House', 'Swimming Pool', 'Security']",4.1,6,9938793.22
P15852,Ahmedabad,Villa,3650,2,1,8,19,1,Fully Furnished,"['Parking', 'Security', 'Gym', 'Garden', 'Club House']",9.59,5,28282906.92
P24670,Kolkata,Independent House,2607,3,1,13,20,20,Semi Furnished,"['Club House', 'Garden', 'Wi-Fi']",5.55,4,23592790.97
P83637,Pune,Independent House,2706,5,4,11,18,19,Fully Furnished,"['Elevator', 'Gym', 'Wi-Fi', 'Garden', 'Power Backup', 'Security']",6.47,5,31086501.7
P81672,Chennai,Studio,1598,1,1,20,16,6,Fully Furnished,"['Swimming Pool', 'Garden', 'Parking', 'Security']",0.58,8,12396522.39
P92419,Mumbai,Studio,3740,3,3,10,26,14,Semi Furnished,"['Gym', 'Security', 'Wi-Fi', 'Garden', 'Power Backup', 'Swimming Pool']",7.72,1,10066172.17
P87178,Jaipur,Penthouse,4713,5,1,2,15,6,Unfurnished,"['Elevator', 'Gym', 'Club House']",3.76,2,24691696.89
P22999,Ahmedabad,Penthouse,1134,1,3,6,9,17,Unfurnished,"['Wi-Fi', 'Power Backup', 'Gym']",1.34,7,7864549.46
P21295,Chandigarh,Villa,3249,4,4,4,20,10,Unfurnished,"['Gym', 'Parking', 'Swimming Pool']",0.65,5,33492042.04
P89745,Pune,Villa,981,3,2,11,23,1,Fully Furnished,"['Swimming Pool', 'Gym', 'Garden', 'Club House']",3.95,6,48650203.35
P62121,Bangalore,Studio,4992,3,1,16,15,0,Unfurnished,"['Security', 'Power Backup', 'Parking', 'Elevator', 'Garden']",7.28,3,20795923.12
P90980,Jaipur,Duplex,2133,2,3,3,27,17,Semi Furnished,"['Elevator', 'Power Backup', 'Garden']",3.6,2,15612011.86
P107353,Chandigarh,Studio,4730,4,3,15,10,15,Semi Furnished,"['Club House', 'Wi-Fi', 'Security']",2.21,1,42624712.62
P17446,Chandigarh,Independent House,4069,5,4,7,6,3,Fully Furnished,"['Parking', 'Wi-Fi', 'Garden', 'Security', 'Swimming Pool', 'Power Backup']",2.27,9,20671088.72
P88675,Chennai,Independent House,1810,5,1,17,18,14,Fully Furnished,"['Garden', 'Security', 'Elevator', 'Gym']",1.83,10,31656577.62
P35797,Jaipur,Penthouse,1885,5,4,4,11,19,Fully Furnished,"['Gym', 'Garden', 'Elevator', 'Wi-Fi', 'Security']",4.33,8,47386171.69
P109202,Jaipur,Studio,1753,3,2,15,5,7,Unfurnished,"['Gym', 'Elevator', 'Club House', 'Wi-Fi']",8.08,7,763031.4
P100310,Ahmedabad,Duplex,1384,3,3,9,21,18,Fully Furnished,"['Elevator', 'Wi-Fi', 'Club House', 'Power Backup', 'Garden', 'Gym']",7.9,6,1619454
P92124,Mumbai,Penthouse,963,4,1,16,23,5,Unfurnished,"['Wi-Fi', 'Swimming Pool', 'Elevator']",9.91,2,39369647.5
P62414,Delhi,Villa,3650,5,1,10,9,3,Semi Furnished,"['Parking', 'Elevator', 'Security']",7.66,8,4618763.02
P77582,Jaipur,Studio,1857,2,4,8,19,19,Unfurnished,"['Power Backup', 'Elevator', 'Gym', 'Security', 'Parking', 'Wi-Fi']",9.75,3,34242669.16
P60751,Pune,Penthouse,2247,1,4,6,14,10,Unfurnished,"['Wi-Fi', 'Parking', 'Security']",1.88,10,44468102.76
P54548,Mumbai,Apartment,2984,5,4,2,10,16,Unfurnished,"['Club House', 'Wi-Fi', 'Swimming Pool', 'Gym', 'Power Backup']",9.69,6,20258922.98
P67484,Jaipur,Penthouse,3205,1,3,12,5,10,Unfurnished,"['Gym', 'Parking', 'Power Backup', 'Garden', 'Swimming Pool', 'Club House']",8,3,38149714.24
P38367,Chennai,Penthouse,2843,5,2,17,6,8,Fully Furnished,"['Elevator', 'Security', 'Gym', 'Club House', 'Power Backup']",4.61,8,32990534.72
P21851,Chandigarh,Independent House,4976,2,1,13,22,7,Semi Furnished,"['Elevator', 'Garden', 'Gym']",9.47,1,6365480.2
P63352,Chandigarh,Studio,2442,2,3,11,16,19,Unfurnished,"['Power Backup', 'Club House', 'Elevator']",6.77,5,29758897.38
P81449,Pune,Studio,4569,1,3,20,19,11,Unfurnished,"['Swimming Pool', 'Gym', 'Wi-Fi']",1.69,1,23758706.24
P79141,Kolkata,Villa,3736,5,3,7,7,0,Fully Furnished,"['Gym', 'Wi-Fi', 'Power Backup', 'Security', 'Club House']",0.62,9,37679969.32
P102284,Ahmedabad,Independent House,1206,4,4,17,20,7,Unfurnished,"['Gym', 'Club House', 'Garden', 'Elevator', 'Security']",6.05,10,16735374.98
P33598,Pune,Duplex,1658,4,1,17,30,0,Semi Furnished,"['Garden', 'Parking', 'Elevator', 'Wi-Fi', 'Gym']",2.36,2,24744777.89
P47420,Chennai,Independent House,3027,1,2,9,7,16,Fully Furnished,"['Club House', 'Parking', 'Security']",2.35,2,23609257.33
P25957,Chandigarh,Independent House,1020,4,3,5,17,20,Fully Furnished,"['Elevator', 'Parking', 'Power Backup']",6.96,3,14876717.58
P47583,Delhi,Independent House,4610,4,2,14,23,3,Fully Furnished,"['Security', 'Club House', 'Elevator', 'Swimming Pool']",3.76,9,17272715.97
P66294,Hyderabad,Villa,882,1,1,9,12,19,Unfurnished,"['Elevator', 'Wi-Fi', 'Club House', 'Security', 'Power Backup']",8.62,7,27763505.14
P77404,Delhi,Villa,1799,3,1,8,14,8,Fully Furnished,"['Garden', 'Swimming Pool', 'Security']",4.21,4,9883696.1
P43752,Chennai,Villa,1421,5,1,6,28,11,Unfurnished,"['Club House', 'Parking', 'Garden', 'Swimming Pool']",0.8,1,41956416.8
P87146,Bangalore,Villa,2643,3,4,1,30,4,Unfurnished,"['Club House', 'Security', 'Parking']",4.47,3,28660134.33
P10105,Mumbai,Villa,3823,1,1,8,12,20,Fully Furnished,"['Parking', 'Gym', 'Garden', 'Wi-Fi', 'Security', 'Power Backup']",4.52,8,8262250.41
P69067,Delhi,Apartment,3848,2,2,13,23,13,Semi Furnished,"['Security', 'Garden', 'Power Backup', 'Gym', 'Club House', 'Parking']",8.33,1,27585484.71
P91034,Chennai,Duplex,890,1,4,12,18,1,Unfurnished,"['Security', 'Gym', 'Wi-Fi', 'Garden', 'Swimming Pool']",6.38,7,14327947.53
P66067,Delhi,Villa,3909,4,3,13,8,10,Unfurnished,"['Garden', 'Elevator', 'Security', 'Power Backup', 'Gym']",3.75,5,13476973.18
P18266,Kolkata,Studio,4517,4,3,3,20,13,Semi Furnished,"['Garden', 'Elevator', 'Wi-Fi']",5.23,10,36601618.76
P16255,Jaipur,Duplex,1368,4,3,12,5,4,Fully Furnished,"['Security', 'Swimming Pool', 'Club House']",9.76,6,4868569.14
P92818,Delhi,Villa,2633,1,3,5,12,3,Semi Furnished,"['Security', 'Power Backup', 'Club House', 'Swimming Pool', 'Garden']",2.05,10,34137500.36
P109067,Pune,Villa,4051,4,2,15,27,7,Unfurnished,"['Wi-Fi', 'Gym', 'Garden', 'Elevator', 'Power Backup', 'Club House']",9.28,7,20310210.94
P11634,Jaipur,Apartment,511,4,3,7,5,12,Unfurnished,"['Security', 'Power Backup', 'Wi-Fi', 'Club House', 'Gym']",2.52,8,23675419.99
P26597,Kolkata,Studio,3221,2,3,1,13,1,Fully Furnished,"['Security', 'Gym', 'Club House', 'Parking', 'Garden']",6.18,2,14464776.86
P41263,Chennai,Apartment,505,3,4,20,17,20,Fully Furnished,"['Club House', 'Power Backup', 'Parking', 'Garden', 'Wi-Fi']",5.55,2,9044450.42
P100425,Kolkata,Apartment,1323,2,2,7,19,12,Semi Furnished,"['Elevator', 'Wi-Fi', 'Club House', 'Swimming Pool']",1.64,6,27292459.39
P75860,Jaipur,Penthouse,3600,5,2,2,21,15,Semi Furnished,"['Security', 'Garden', 'Wi-Fi', 'Gym', 'Elevator']",2.42,6,22909964.36
P76974,Bangalore,Independent House,534,1,1,15,27,8,Unfurnished,"['Security', 'Power Backup', 'Swimming Pool', 'Wi-Fi', 'Club House', 'Garden']",8.1,1,36967848.31
P86013,Kolkata,Villa,1025,4,1,19,19,13,Unfurnished,"['Garden', 'Security', 'Wi-Fi']",1.67,7,47505847.67
P22555,Delhi,Studio,3823,4,3,12,15,0,Semi Furnished,"['Elevator', 'Power Backup', 'Gym', 'Security', 'Parking', 'Club House']",5.96,2,40945150.86
P48287,Hyderabad,Studio,1762,1,1,2,29,17,Fully Furnished,"['Swimming Pool', 'Security', 'Wi-Fi', 'Gym']",8.34,7,47943636.81
P26986,Bangalore,Independent House,2461,4,4,14,7,4,Fully Furnished,"['Garden', 'Security', 'Club House', 'Elevator', 'Wi-Fi']",2.61,7,7798077.58
P104290,Kolkata,Apartment,4840,5,1,17,24,13,Semi Furnished,"['Parking', 'Club House', 'Elevator', 'Security']",1.23,3,30262179.27
P72074,Jaipur,Penthouse,3586,5,2,10,16,5,Unfurnished,"['Gym', 'Elevator', 'Swimming Pool', 'Wi-Fi', 'Parking']",2.86,9,5390185.96
P17646,Bangalore,Apartment,4087,1,3,18,26,11,Fully Furnished,"['Wi-Fi', 'Power Backup', 'Security']",4.54,1,30038036.15
P40861,Jaipur,Independent House,2425,3,4,9,8,1,Unfurnished,"['Wi-Fi', 'Gym', 'Security']",3.03,2,2400984.24
P88353,Pune,Independent House,3999,3,2,17,9,1,Unfurnished,"['Gym', 'Power Backup', 'Club House']",4.9,5,41153050.31
P101238,Chennai,Independent House,551,3,4,2,27,5,Semi Furnished,"['Security', 'Garden', 'Power Backup']",7.92,7,36628778.94
P76149,Kolkata,Villa,3333,5,2,12,7,11,Fully Furnished,"['Parking', 'Power Backup', 'Elevator', 'Garden']",2.89,6,44742363.17
P61025,Hyderabad,Duplex,4140,3,4,16,7,6,Unfurnished,"['Swimming Pool', 'Elevator', 'Security']",9.44,5,17481288.92
P61414,Mumbai,Studio,2644,3,3,10,20,3,Semi Furnished,"['Elevator', 'Parking', 'Club House', 'Security']",9.68,3,8756311.94
P36602,Ahmedabad,Independent House,3651,4,2,3,25,18,Fully Furnished,"['Power Backup', 'Swimming Pool', 'Wi-Fi', 'Security', 'Gym', 'Club House']",1.45,2,8137474.91
P39985,Mumbai,Penthouse,1853,4,4,17,5,13,Unfurnished,"['Elevator', 'Swimming Pool', 'Gym', 'Wi-Fi', 'Power Backup', 'Club House']",6.42,10,15289495.89
P101357,Ahmedabad,Duplex,4012,3,3,8,25,17,Fully Furnished,"['Club House', 'Gym', 'Garden', 'Wi-Fi', 'Power Backup']",4.1,1,39839276.96
P90052,Ahmedabad,Duplex,4755,3,2,13,17,15,Semi Furnished,"['Power Backup', 'Club House', 'Garden']",4.38,2,8368080
P49279,Chandigarh,Duplex,2757,4,1,2,9,20,Semi Furnished,"['Swimming Pool', 'Parking', 'Security']",4.16,7,4629815.65
P67676,Bangalore,Apartment,1863,1,2,13,14,2,Fully Furnished,"['Power Backup', 'Gym', 'Security']",6.63,6,18221514.03
P29937,Chennai,Studio,2165,2,1,10,23,6,Semi Furnished,"['Wi-Fi', 'Power Backup', 'Gym', 'Security']",2.08,4,42250177.67
P17280,Chennai,Penthouse,943,5,4,18,19,11,Semi Furnished,"['Gym', 'Wi-Fi', 'Club House', 'Garden', 'Security']",3.87,7,8564914.73
P67644,Chandigarh,Apartment,3898,4,4,2,26,20,Semi Furnished,"['Wi-Fi', 'Elevator', 'Parking', 'Gym', 'Garden', 'Power Backup']",3.07,3,17829556.6
P98467,Chandigarh,Penthouse,2729,3,2,16,23,2,Semi Furnished,"['Wi-Fi', 'Parking', 'Power Backup']",1.82,2,23826537.12
P75140,Jaipur,Independent House,4618,5,3,1,28,20,Semi Furnished,"['Parking', 'Gym', 'Club House', 'Elevator']",9.93,8,47983646.63
P92538,Ahmedabad,Villa,3687,3,1,8,26,15,Unfurnished,"['Wi-Fi', 'Security', 'Garden', 'Parking', 'Club House', 'Swimming Pool']",6.14,2,7623188.88
P14566,Pune,Studio,3123,1,1,8,28,4,Fully Furnished,"['Elevator', 'Garden', 'Club House', 'Parking']",7.62,8,16997810.57
P22032,Chennai,Penthouse,3748,4,4,13,17,15,Unfurnished,"['Security', 'Elevator', 'Parking', 'Swimming Pool', 'Club House']",8.36,10,39690566.21
P24381,Chandigarh,Studio,1853,5,3,4,15,9,Fully Furnished,"['Wi-Fi', 'Swimming Pool', 'Parking', 'Power Backup']",4.92,2,5779763.22
P55397,Pune,Villa,1994,4,4,9,22,18,Unfurnished,"['Gym', 'Security', 'Parking', 'Wi-Fi']",5.06,2,4999858.22
P32242,Hyderabad,Studio,3421,1,1,4,20,14,Unfurnished,"['Security', 'Power Backup', 'Gym', 'Club House']",2.04,8,41481284.47
P15049,Delhi,Independent House,3564,5,4,11,14,10,Fully Furnished,"['Parking', 'Swimming Pool', 'Security']",9.28,9,41467224.51
P54952,Pune,Villa,2539,5,1,7,29,6,Fully Furnished,"['Club House', 'Gym', 'Swimming Pool', 'Garden', 'Elevator', 'Power Backup']",9.45,4,4399837.18
P43435,Jaipur,Studio,3642,4,2,3,17,10,Unfurnished,"['Security', 'Parking', 'Club House', 'Power Backup', 'Gym', 'Swimming Pool']",8.51,3,38934540.35
P14756,Chennai,Penthouse,4090,5,1,9,23,3,Fully Furnished,"['Swimming Pool', 'Parking', 'Wi-Fi', 'Elevator', 'Garden']",8.78,5,31634590.39
P67407,Chennai,Penthouse,4047,3,2,13,12,15,Semi Furnished,"['Parking', 'Garden', 'Wi-Fi', 'Swimming Pool', 'Power Backup', 'Club House']",2.27,3,35441065.88
P45231,Kolkata,Apartment,3974,1,2,5,9,10,Fully Furnished,"['Security', 'Wi-Fi', 'Swimming Pool', 'Garden', 'Power Backup', 'Parking']",9.02,9,40643367.29
P74002,Kolkata,Penthouse,842,5,2,12,30,9,Semi Furnished,"['Security', 'Power Backup', 'Parking', 'Swimming Pool', 'Wi-Fi']",0.63,4,21049266.8
P77966,Mumbai,Penthouse,4796,1,4,10,27,10,Fully Furnished,"['Swimming Pool', 'Club House', 'Elevator', 'Garden', 'Security']",8.64,1,18313662.12
P86145,Ahmedabad,Studio,2429,1,2,4,27,16,Fully Furnished,"['Elevator', 'Gym', 'Wi-Fi']",0.53,10,28690916.55
P66466,Delhi,Studio,1886,4,3,1,10,18,Unfurnished,"['Wi-Fi', 'Garden', 'Club House', 'Security', 'Swimming Pool']",2.49,8,16136159.42
P59959,Hyderabad,Duplex,3099,4,2,15,13,16,Unfurnished,"['Power Backup', 'Gym', 'Swimming Pool', 'Security', 'Elevator']",8.2,3,18521142.46
P99040,Pune,Independent House,1191,3,1,18,29,12,Unfurnished,"['Elevator', 'Garden', 'Club House']",7.76,1,513754.56
P29745,Delhi,Penthouse,4583,3,2,3,15,1,Semi Furnished,"['Parking', 'Club House', 'Gym']",3.78,3,11861462.56
P77320,Pune,Independent House,4570,3,1,16,5,18,Unfurnished,"['Garden', 'Elevator', 'Club House', 'Swimming Pool', 'Parking']",6.28,10,39212305.96
P80010,Hyderabad,Apartment,865,3,2,3,27,18,Semi Furnished,"['Security', 'Garden', 'Gym', 'Parking', 'Wi-Fi', 'Power Backup']",5.15,6,33946935.85
P25787,Pune,Penthouse,2588,4,1,20,21,5,Fully Furnished,"['Club House', 'Elevator', 'Swimming Pool', 'Power Backup', 'Wi-Fi']",7.02,6,19761214.69
P63323,Delhi,Penthouse,528,5,4,17,5,3,Unfurnished,"['Parking', 'Club House', 'Wi-Fi']",8.26,8,33930186.56
P109876,Pune,Villa,1146,1,4,14,19,18,Unfurnished,"['Elevator', 'Security', 'Gym']",1.64,4,5086102.04
P12741,Pune,Villa,2992,5,1,20,24,10,Fully Furnished,"['Security', 'Gym', 'Power Backup', 'Club House']",6.58,5,10382827.08
P55841,Kolkata,Duplex,4894,1,4,4,16,6,Unfurnished,"['Gym', 'Power Backup', 'Elevator', 'Parking', 'Swimming Pool']",7.18,3,43587925.91
P24484,Ahmedabad,Penthouse,3927,1,2,17,14,16,Semi Furnished,"['Elevator', 'Gym', 'Club House', 'Security', 'Power Backup']",2.42,5,11126976.53
P59076,Kolkata,Apartment,3015,1,1,13,22,6,Fully Furnished,"['Gym', 'Elevator', 'Swimming Pool', 'Security', 'Power Backup', 'Wi-Fi']",3.75,10,21772919.18
P69867,Delhi,Independent House,3417,3,2,7,7,4,Semi Furnished,"['Gym', 'Security', 'Power Backup', 'Elevator']",6.63,8,31516138.55
P22333,Delhi,Studio,2844,5,3,4,14,6,Semi Furnished,"['Gym', 'Garden', 'Parking']",5.72,5,32369537.21
P12127,Ahmedabad,Villa,593,1,1,9,15,13,Semi Furnished,"['Swimming Pool', 'Wi-Fi', 'Gym', 'Club House', 'Garden']",3.33,6,6779183.38
P30107,Chandigarh,Apartment,2042,4,1,6,7,17,Semi Furnished,"['Swimming Pool', 'Parking', 'Gym', 'Security', 'Garden']",8.92,6,16221784.25
P84348,Jaipur,Villa,1348,5,1,11,21,18,Unfurnished,"['Garden', 'Swimming Pool', 'Elevator', 'Club House']",6.76,8,23854473
P44016,Chandigarh,Studio,4705,3,2,19,10,9,Unfurnished,"['Parking', 'Power Backup', 'Garden', 'Elevator', 'Security']",0.99,5,26212160.59
P109692,Delhi,Independent House,4700,4,1,16,14,13,Fully Furnished,"['Power Backup', 'Parking', 'Security']",3.93,3,22542045.41
P104965,Delhi,Villa,4909,4,3,4,10,14,Unfurnished,"['Wi-Fi', 'Elevator', 'Swimming Pool', 'Security']",6.93,4,12433275.96
P54504,Mumbai,Villa,2117,1,4,17,28,10,Fully Furnished,"['Parking', 'Club House', 'Security', 'Swimming Pool', 'Elevator']",9.54,1,34941108.4
P56994,Chennai,Studio,3359,5,3,3,12,11,Unfurnished,"['Parking', 'Club House', 'Swimming Pool', 'Garden']",5.15,5,5233285.96
P41120,Mumbai,Penthouse,4832,4,1,8,23,12,Unfurnished,"['Elevator', 'Gym', 'Security', 'Swimming Pool', 'Power Backup']",5.46,5,17647086.74
P106291,Pune,Duplex,2221,1,2,18,17,10,Semi Furnished,"['Gym', 'Power Backup', 'Parking', 'Swimming Pool']",6.51,6,42964064.39
P88992,Mumbai,Villa,4703,5,1,19,13,19,Semi Furnished,"['Gym', 'Parking', 'Garden', 'Elevator', 'Swimming Pool', 'Wi-Fi']",6.31,4,8315972.53
P13247,Ahmedabad,Penthouse,1345,2,4,2,29,8,Unfurnished,"['Elevator', 'Club House', 'Garden', 'Parking']",0.65,7,6205024.93
P83593,Ahmedabad,Duplex,3719,2,3,2,19,8,Fully Furnished,"['Gym', 'Garden', 'Security', 'Parking', 'Wi-Fi', 'Elevator']",3.44,10,16156061.32
P102120,Chennai,Studio,3660,3,3,16,6,1,Unfurnished,"['Garden', 'Power Backup', 'Elevator']",6.78,6,28676214.08
P16070,Kolkata,Independent House,4037,1,2,20,12,10,Unfurnished,"['Elevator', 'Parking', 'Power Backup']",3.94,2,35915347.98
P53586,Ahmedabad,Penthouse,1239,3,4,11,15,17,Semi Furnished,"['Swimming Pool', 'Parking', 'Power Backup', 'Security', 'Elevator']",5.45,8,35721316.89
P48561,Pune,Independent House,3188,3,1,18,17,20,Fully Furnished,"['Club House', 'Security', 'Power Backup', 'Wi-Fi']",6.04,9,12993946.01
P61064,Pune,Villa,1265,5,4,6,28,16,Fully Furnished,"['Power Backup', 'Garden', 'Swimming Pool']",8.79,10,36177489.49
P28281,Delhi,Penthouse,3330,4,3,4,24,20,Semi Furnished,"['Swimming Pool', 'Club House', 'Elevator', 'Gym']",2.28,4,39621385.24
P31124,Jaipur,Independent House,3356,4,1,10,5,2,Fully Furnished,"['Elevator', 'Power Backup', 'Wi-Fi', 'Parking']",3.58,1,20513070.21
P28853,Chandigarh,Apartment,2062,3,4,8,26,12,Semi Furnished,"['Gym', 'Club House', 'Power Backup']",5.06,3,22006842.45
P19563,Pune,Duplex,1718,2,2,17,8,18,Unfurnished,"['Wi-Fi', 'Security', 'Elevator', 'Swimming Pool']",3.17,1,39936823.46
P39171,Ahmedabad,Studio,4669,1,2,14,30,12,Semi Furnished,"['Power Backup', 'Security', 'Swimming Pool']",3.73,5,13281038.62
P35208,Mumbai,Villa,1539,3,4,17,23,9,Fully Furnished,"['Club House', 'Wi-Fi', 'Power Backup', 'Elevator', 'Gym']",5.04,2,6293477.92
P90728,Ahmedabad,Studio,3834,5,2,15,28,14,Fully Furnished,"['Gym', 'Elevator', 'Power Backup', 'Wi-Fi', 'Security', 'Parking']",1.58,4,2023457.98
P31873,Kolkata,Penthouse,1705,3,1,13,26,5,Fully Furnished,"['Wi-Fi', 'Gym', 'Club House', 'Security']",8.32,3,38321108.55
P62838,Hyderabad,Duplex,2616,1,2,14,28,5,Unfurnished,"['Club House', 'Gym', 'Elevator', 'Power Backup', 'Garden']",8.93,2,17899131.74
P22351,Chennai,Duplex,3686,5,4,14,5,2,Semi Furnished,"['Gym', 'Power Backup', 'Parking', 'Club House', 'Security', 'Swimming Pool']",10,4,21542575.71
P60280,Hyderabad,Apartment,2089,5,1,10,17,15,Unfurnished,"['Elevator', 'Club House', 'Power Backup']",5.25,10,24906036.14
P29673,Jaipur,Apartment,2311,2,3,19,26,8,Semi Furnished,"['Parking', 'Elevator', 'Swimming Pool']",0.55,7,41794222.95
P104736,Jaipur,Penthouse,2189,2,3,15,20,5,Semi Furnished,"['Garden', 'Gym', 'Club House', 'Parking']",6.69,1,1040128.76
P36268,Jaipur,Apartment,4978,5,2,14,15,9,Fully Furnished,"['Power Backup', 'Wi-Fi', 'Garden', 'Elevator', 'Security', 'Swimming Pool']",1.2,7,18697646.8
P72614,Ahmedabad,Studio,885,3,4,13,11,17,Semi Furnished,"['Swimming Pool', 'Gym', 'Garden', 'Wi-Fi', 'Elevator']",1.04,3,33782677.17
P18755,Kolkata,Studio,2222,4,4,11,7,17,Unfurnished,"['Wi-Fi', 'Garden', 'Club House']",5.44,9,36934223.71
P66462,Chandigarh,Studio,1952,3,1,20,11,14,Semi Furnished,"['Swimming Pool', 'Power Backup', 'Security', 'Garden', 'Parking']",1.7,4,33843983.45
P24280,Mumbai,Duplex,4656,4,3,17,30,19,Fully Furnished,"['Garden', 'Wi-Fi', 'Gym']",1.72,9,34065689.83
P37353,Kolkata,Duplex,1294,5,1,8,6,5,Unfurnished,"['Wi-Fi', 'Power Backup', 'Swimming Pool', 'Club House']",7.05,5,39535315.91
P44777,Delhi,Duplex,4505,4,2,7,29,1,Unfurnished,"['Swimming Pool', 'Gym', 'Parking', 'Garden']",1.61,6,11382351.55
P46016,Chandigarh,Penthouse,4956,4,1,13,20,8,Unfurnished,"['Garden', 'Power Backup', 'Security']",5.22,3,48017358.07
P59325,Chennai,Independent House,1222,1,4,7,10,13,Unfurnished,"['Club House', 'Wi-Fi', 'Parking']",0.73,8,20373788.18
P103437,Delhi,Villa,1238,2,2,9,30,15,Fully Furnished,"['Garden', 'Gym', 'Security']",5.7,8,32848835.39
P93479,Jaipur,Penthouse,1617,3,2,11,23,12,Unfurnished,"['Parking', 'Garden', 'Wi-Fi', 'Club House', 'Gym']",7.34,9,38311817.87
P31650,Kolkata,Penthouse,1558,5,1,4,28,0,Fully Furnished,"['Security', 'Power Backup', 'Garden', 'Wi-Fi', 'Swimming Pool', 'Gym']",8.03,9,41414073.26
P78509,Mumbai,Duplex,3881,2,3,4,11,7,Fully Furnished,"['Elevator', 'Power Backup', 'Swimming Pool', 'Security', 'Wi-Fi']",3.23,2,9862665.52
P67083,Chandigarh,Studio,1208,1,1,5,5,4,Semi Furnished,"['Wi-Fi', 'Parking', 'Swimming Pool', 'Gym', 'Security', 'Elevator']",6.64,3,34906935.15
P90716,Chandigarh,Independent House,1917,4,3,15,10,12,Semi Furnished,"['Security', 'Parking', 'Garden', 'Swimming Pool', 'Elevator', 'Gym']",5.81,4,48310649.18
P87149,Ahmedabad,Studio,4327,3,4,6,15,4,Unfurnished,"['Security', 'Garden', 'Club House', 'Wi-Fi']",5.12,7,17956440.97
P17473,Bangalore,Duplex,3287,1,4,19,19,5,Unfurnished,"['Garden', 'Elevator', 'Gym']",0.7,9,45343649.53
P42598,Kolkata,Apartment,1303,2,1,19,6,16,Unfurnished,"['Gym', 'Wi-Fi', 'Security', 'Garden', 'Parking']",2.32,6,34486460.66
P15608,Kolkata,Villa,1421,4,4,17,13,20,Fully Furnished,"['Garden', 'Parking', 'Wi-Fi']",5.2,1,4353553.2
P107673,Chennai,Independent House,4062,5,2,11,10,13,Semi Furnished,"['Elevator', 'Club House', 'Swimming Pool', 'Gym', 'Power Backup', 'Garden']",3.66,8,21520240.54
P72683,Ahmedabad,Independent House,4168,3,2,14,8,11,Semi Furnished,"['Security', 'Power Backup', 'Parking']",0.69,5,41354231.37
P40024,Mumbai,Duplex,1879,1,2,16,20,13,Semi Furnished,"['Parking', 'Gym', 'Club House']",7.78,5,8924676.77
P52927,Mumbai,Penthouse,2742,2,4,2,9,20,Semi Furnished,"['Wi-Fi', 'Parking', 'Garden', 'Swimming Pool', 'Elevator', 'Security']",7.22,2,11817674.77
P92495,Pune,Studio,1227,5,2,20,28,5,Fully Furnished,"['Gym', 'Club House', 'Wi-Fi', 'Elevator', 'Security']",4.94,8,42399077.22
P20057,Chennai,Villa,3477,5,2,15,26,8,Semi Furnished,"['Garden', 'Power Backup', 'Wi-Fi', 'Parking', 'Elevator']",4.35,4,47015486.29
P22153,Hyderabad,Duplex,1695,3,2,15,8,0,Unfurnished,"['Elevator', 'Power Backup', 'Club House', 'Gym', 'Security']",8.57,8,34230920.39
P46178,Hyderabad,Independent House,4517,3,1,3,15,12,Fully Furnished,"['Security', 'Parking', 'Elevator', 'Garden', 'Wi-Fi', 'Swimming Pool']",6.7,3,11841125.68
P87209,Pune,Penthouse,4043,4,2,19,15,15,Unfurnished,"['Wi-Fi', 'Security', 'Garden', 'Gym']",7.03,8,8036996.31
P65312,Delhi,Villa,1887,3,1,18,25,4,Fully Furnished,"['Elevator', 'Parking', 'Power Backup']",9.76,6,4593636.71
P95541,Kolkata,Villa,4707,2,4,11,21,13,Unfurnished,"['Elevator', 'Garden', 'Gym']",5.95,6,45952783.25
P57534,Chennai,Apartment,2440,1,2,18,7,2,Semi Furnished,"['Club House', 'Parking', 'Power Backup', 'Security']",6.77,3,17984210.63
P73593,Hyderabad,Penthouse,4484,2,1,16,12,9,Fully Furnished,"['Security', 'Gym', 'Parking', 'Wi-Fi']",2.34,7,48783420.9
P68751,Mumbai,Independent House,1757,2,1,2,23,3,Semi Furnished,"['Garden', 'Security', 'Elevator', 'Power Backup', 'Wi-Fi', 'Swimming Pool']",4.73,1,23326103.05
P32535,Mumbai,Villa,4509,4,1,15,7,6,Unfurnished,"['Security', 'Parking', 'Club House', 'Wi-Fi', 'Power Backup', 'Garden']",3.04,10,46894618.66
P72290,Chennai,Apartment,3382,2,4,15,12,1,Semi Furnished,"['Power Backup', 'Club House', 'Gym', 'Garden', 'Security', 'Parking']",1.63,7,4042778.54
P47189,Chandigarh,Villa,1934,1,4,1,20,13,Fully Furnished,"['Gym', 'Security', 'Garden']",8.15,1,19973203.65
P52468,Hyderabad,Studio,3134,2,1,11,8,1,Semi Furnished,"['Power Backup', 'Elevator', 'Parking', 'Security', 'Garden', 'Swimming Pool']",4.77,6,12162195.56
P45064,Chennai,Villa,4849,2,3,14,5,18,Unfurnished,"['Gym', 'Security', 'Club House']",2.98,2,9652741.17
P45767,Delhi,Apartment,3306,2,4,5,12,3,Unfurnished,"['Swimming Pool', 'Power Backup', 'Elevator', 'Club House']",2.67,3,29898549.68
P16687,Delhi,Duplex,641,1,4,4,9,7,Fully Furnished,"['Parking', 'Swimming Pool', 'Elevator', 'Power Backup', 'Wi-Fi']",4.13,4,36598117.53
P82231,Mumbai,Independent House,2574,1,3,3,13,11,Unfurnished,"['Gym', 'Wi-Fi', 'Club House', 'Security']",8.47,3,24378085.85
P56341,Mumbai,Penthouse,2393,3,1,11,17,12,Fully Furnished,"['Wi-Fi', 'Elevator', 'Swimming Pool']",9.61,6,7858609.61
P98481,Pune,Apartment,3813,1,2,11,8,10,Unfurnished,"['Gym', 'Club House', 'Security', 'Parking', 'Power Backup', 'Elevator']",9.51,3,6186538.08
P46366,Hyderabad,Apartment,2157,1,2,12,13,6,Semi Furnished,"['Elevator', 'Power Backup', 'Garden', 'Swimming Pool', 'Club House']",8.5,9,38894409.1
P60000,Chennai,Duplex,1865,1,3,20,13,9,Unfurnished,"['Club House', 'Garden', 'Elevator', 'Gym', 'Parking', 'Security']",3.61,6,19315438.76
P41291,Chandigarh,Independent House,1111,2,3,8,23,6,Unfurnished,"['Elevator', 'Swimming Pool', 'Club House', 'Gym']",7.72,1,17437371.65
P88528,Jaipur,Independent House,3622,1,3,14,18,6,Unfurnished,"['Swimming Pool', 'Gym', 'Parking']",3.24,5,25228180.96
P97325,Kolkata,Apartment,1773,1,1,14,13,11,Unfurnished,"['Parking', 'Club House', 'Power Backup']",7.06,6,21882055.21
P104381,Kolkata,Duplex,2143,5,1,10,7,0,Semi Furnished,"['Wi-Fi', 'Garden', 'Parking', 'Club House', 'Swimming Pool']",5.44,2,17701535.28
P59035,Ahmedabad,Penthouse,3617,2,1,18,27,3,Unfurnished,"['Club House', 'Security', 'Power Backup', 'Wi-Fi', 'Elevator']",1,7,13203152.25
P81250,Chandigarh,Duplex,513,2,4,6,24,20,Fully Furnished,"['Elevator', 'Swimming Pool', 'Garden', 'Club House']",9.24,7,12634461.83
P37332,Chennai,Studio,1793,1,1,13,21,2,Fully Furnished,"['Wi-Fi', 'Swimming Pool', 'Club House', 'Elevator', 'Gym', 'Power Backup']",6.01,1,15981351.31
P43724,Hyderabad,Studio,660,3,3,11,11,8,Fully Furnished,"['Power Backup', 'Club House', 'Security', 'Wi-Fi', 'Gym', 'Parking']",6.77,8,43913478.57
P33591,Pune,Penthouse,3573,4,3,12,16,12,Fully Furnished,"['Club House', 'Security', 'Gym', 'Garden', 'Power Backup']",3.76,7,21578138.99
P23330,Mumbai,Penthouse,3651,2,3,3,8,13,Fully Furnished,"['Elevator', 'Security', 'Gym', 'Garden']",1.27,8,16624955.67
P11999,Pune,Apartment,2561,4,3,3,13,1,Semi Furnished,"['Club House', 'Parking', 'Power Backup']",4.08,9,27987241.05
P103560,Ahmedabad,Apartment,1513,1,4,8,24,19,Semi Furnished,"['Gym', 'Elevator', 'Power Backup']",1.97,9,28198054.15
P71084,Mumbai,Villa,4490,1,2,7,25,5,Unfurnished,"['Security', 'Elevator', 'Club House']",5.87,5,12090327.69
P38465,Bangalore,Duplex,2229,1,3,5,27,5,Fully Furnished,"['Elevator', 'Gym', 'Power Backup', 'Garden']",2.33,6,6706907.54
P31707,Mumbai,Villa,2879,3,3,10,30,10,Fully Furnished,"['Security', 'Gym', 'Club House', 'Swimming Pool']",3.28,5,40991090.56
P84812,Mumbai,Duplex,1934,5,3,7,21,3,Unfurnished,"['Wi-Fi', 'Swimming Pool', 'Elevator']",0.68,2,15673830.28
P36840,Jaipur,Independent House,1971,2,1,3,27,9,Unfurnished,"['Garden', 'Club House', 'Gym', 'Parking', 'Elevator']",6.86,9,27930934.7
P21728,Mumbai,Villa,3951,3,2,12,10,0,Semi Furnished,"['Power Backup', 'Security', 'Elevator', 'Swimming Pool', 'Garden']",3.21,5,6297304.25
P55000,Jaipur,Penthouse,4074,1,2,2,7,14,Unfurnished,"['Gym', 'Wi-Fi', 'Security', 'Elevator', 'Parking', 'Power Backup']",1.99,8,8795287.53
P27213,Chandigarh,Duplex,3024,2,1,13,5,9,Unfurnished,"['Elevator', 'Power Backup', 'Club House', 'Swimming Pool', 'Garden', 'Wi-Fi']",9.46,1,25589885.01
P89391,Delhi,Studio,3960,4,4,12,22,18,Unfurnished,"['Swimming Pool', 'Power Backup', 'Security', 'Gym']",3.43,4,23683887.29
P31186,Kolkata,Villa,4922,5,4,17,26,5,Unfurnished,"['Garden', 'Security', 'Gym', 'Club House', 'Parking']",9.91,10,35829567.07
P101141,Ahmedabad,Duplex,815,3,1,17,6,14,Unfurnished,"['Club House', 'Parking', 'Garden', 'Security', 'Gym', 'Elevator']",2.94,1,25537641.92
P36159,Jaipur,Apartment,1060,5,2,10,8,11,Semi Furnished,"['Power Backup', 'Wi-Fi', 'Club House', 'Gym', 'Elevator', 'Parking']",0.64,6,9007111.97
P20207,Kolkata,Villa,861,4,3,2,13,17,Semi Furnished,"['Parking', 'Gym', 'Security', 'Swimming Pool']",7.52,1,44847345.51
P79796,Kolkata,Apartment,3922,5,1,17,25,15,Semi Furnished,"['Gym', 'Power Backup', 'Wi-Fi', 'Parking', 'Security']",9.67,7,44361913.88
P51944,Hyderabad,Independent House,2015,1,3,2,19,19,Fully Furnished,"['Elevator', 'Garden', 'Wi-Fi']",8.08,2,27489144.23
P14196,Kolkata,Apartment,4998,1,2,20,5,6,Fully Furnished,"['Parking', 'Wi-Fi', 'Power Backup', 'Elevator', 'Club House', 'Gym']",5.75,1,7033616.26
P24923,Pune,Independent House,4797,1,2,16,6,4,Fully Furnished,"['Gym', 'Club House', 'Swimming Pool', 'Wi-Fi', 'Security', 'Elevator']",7.41,7,23838951.88
P54945,Delhi,Studio,3706,4,1,3,18,6,Fully Furnished,"['Security', 'Club House', 'Wi-Fi', 'Swimming Pool', 'Parking']",7.12,9,6093424.02
P100259,Chandigarh,Duplex,3958,3,1,15,13,18,Semi Furnished,"['Elevator', 'Garden', 'Security', 'Power Backup', 'Swimming Pool']",1.59,6,21388548.18
P91960,Mumbai,Apartment,694,3,4,13,27,3,Semi Furnished,"['Swimming Pool', 'Club House', 'Elevator', 'Parking', 'Security']",7.1,10,27157764.92
P90556,Ahmedabad,Duplex,2447,2,2,13,7,19,Unfurnished,"['Gym', 'Garden', 'Wi-Fi', 'Elevator']",3.43,5,32113450.65
P35698,Kolkata,Independent House,830,3,4,15,24,6,Unfurnished,"['Power Backup', 'Wi-Fi', 'Parking']",4.74,5,35439522.8
P83166,Hyderabad,Duplex,2674,1,1,13,7,17,Fully Furnished,"['Elevator', 'Gym', 'Wi-Fi', 'Power Backup']",2.71,10,42461462.32
P97256,Kolkata,Villa,3401,3,4,11,27,19,Semi Furnished,"['Security', 'Elevator', 'Parking']",5.34,6,30398715.13
P107886,Kolkata,Penthouse,1718,1,1,12,10,8,Unfurnished,"['Security', 'Elevator', 'Parking']",9.67,7,654424.82
P55127,Chandigarh,Studio,2472,4,1,3,14,18,Unfurnished,"['Parking', 'Swimming Pool', 'Elevator', 'Wi-Fi']",4.46,2,4251222.74
P74781,Mumbai,Studio,662,1,2,16,6,17,Semi Furnished,"['Parking', 'Security', 'Elevator', 'Club House', 'Garden', 'Swimming Pool']",9.4,8,35520762.78
P40651,Bangalore,Apartment,3869,5,2,19,28,12,Semi Furnished,"['Security', 'Gym', 'Swimming Pool']",8.31,7,11713039.87
P109049,Hyderabad,Penthouse,1038,5,1,6,14,13,Unfurnished,"['Club House', 'Swimming Pool', 'Power Backup', 'Parking', 'Elevator', 'Gym']",7.59,9,6374756.52
P98649,Delhi,Apartment,4778,3,2,10,19,5,Semi Furnished,"['Power Backup', 'Wi-Fi', 'Elevator', 'Gym', 'Club House']",9.99,1,47799083.06
P58092,Chennai,Independent House,1134,4,2,7,21,3,Semi Furnished,"['Elevator', 'Power Backup', 'Garden', 'Wi-Fi', 'Gym']",4.19,9,28325910.71
P99725,Delhi,Studio,592,4,4,14,29,2,Fully Furnished,"['Garden', 'Elevator', 'Swimming Pool']",9.66,4,40316403.76
P54467,Bangalore,Villa,4701,2,2,1,27,9,Fully Furnished,"['Wi-Fi', 'Club House', 'Parking', 'Power Backup']",2.27,9,27343243.15
P35272,Pune,Penthouse,3099,3,2,14,23,3,Semi Furnished,"['Security', 'Club House', 'Garden']",2.4,9,41874211.98
P104898,Chennai,Villa,3975,2,4,6,15,18,Fully Furnished,"['Power Backup', 'Wi-Fi', 'Security', 'Gym', 'Club House', 'Elevator']",4.88,3,12074445.35
P68870,Chandigarh,Penthouse,2188,2,3,3,24,1,Unfurnished,"['Gym', 'Elevator', 'Garden', 'Power Backup', 'Security']",4.81,9,40555692.13
P65434,Pune,Independent House,2114,4,3,14,12,20,Fully Furnished,"['Swimming Pool', 'Gym', 'Parking', 'Garden']",0.76,4,35023989.58
P76201,Chennai,Studio,3448,1,4,2,19,6,Unfurnished,"['Gym', 'Club House', 'Garden']",4.77,10,32302584.94
P103072,Ahmedabad,Studio,3839,5,2,8,20,0,Semi Furnished,"['Swimming Pool', 'Parking', 'Power Backup', 'Security', 'Wi-Fi']",8.24,4,7293406.41
P26847,Bangalore,Apartment,4194,5,4,19,7,20,Unfurnished,"['Gym', 'Parking', 'Garden', 'Security']",4.31,2,46371699.33
P50729,Jaipur,Apartment,4293,2,2,18,10,19,Unfurnished,"['Gym', 'Elevator', 'Wi-Fi']",6.75,3,40912696.13
P92307,Delhi,Apartment,1022,1,2,17,6,9,Fully Furnished,"['Wi-Fi', 'Security', 'Club House', 'Elevator']",6.22,6,12767195.16
P81488,Kolkata,Villa,1474,2,3,17,12,3,Unfurnished,"['Swimming Pool', 'Security', 'Parking', 'Club House', 'Wi-Fi', 'Power Backup']",9.09,7,25081639.27
P68423,Jaipur,Duplex,1575,2,3,10,12,14,Unfurnished,"['Parking', 'Power Backup', 'Gym', 'Club House', 'Security']",6.73,3,35964699.24
P31111,Jaipur,Villa,780,4,1,10,25,15,Semi Furnished,"['Garden', 'Security', 'Swimming Pool']",4.43,6,11045001.11
P103226,Hyderabad,Apartment,2756,3,1,13,28,9,Unfurnished,"['Wi-Fi', 'Parking', 'Garden', 'Gym', 'Elevator']",2.48,6,4803716.24
P78468,Hyderabad,Duplex,3356,4,4,11,24,19,Fully Furnished,"['Elevator', 'Gym', 'Garden', 'Wi-Fi', 'Power Backup']",2.74,1,31992229.71
P78963,Bangalore,Duplex,2521,1,1,17,10,2,Unfurnished,"['Wi-Fi', 'Club House', 'Garden', 'Security']",3.31,7,7721425.82
P102566,Pune,Duplex,4397,5,1,15,14,10,Unfurnished,"['Power Backup', 'Swimming Pool', 'Club House', 'Garden', 'Parking']",5.88,3,42180905.16
P49347,Kolkata,Independent House,2805,2,2,6,6,8,Unfurnished,"['Garden', 'Wi-Fi', 'Elevator']",3.12,1,14116335.54
P25241,Ahmedabad,Independent House,1077,3,1,4,24,19,Semi Furnished,"['Security', 'Swimming Pool', 'Wi-Fi', 'Gym']",8.39,1,33570192.74
P88738,Kolkata,Penthouse,2628,4,4,3,11,14,Semi Furnished,"['Parking', 'Elevator', 'Wi-Fi', 'Security', 'Power Backup', 'Club House']",0.92,4,25398464.03
P38183,Kolkata,Villa,4249,5,3,11,14,6,Semi Furnished,"['Wi-Fi', 'Swimming Pool', 'Elevator']",8.13,4,44910680.21
P76509,Delhi,Penthouse,4777,2,3,19,6,18,Unfurnished,"['Club House', 'Security', 'Wi-Fi', 'Elevator', 'Power Backup']",5.36,9,30138550.84
P78281,Chennai,Independent House,3114,2,3,12,5,13,Unfurnished,"['Swimming Pool', 'Security', 'Wi-Fi', 'Garden']",6.44,9,46309085.64
P73286,Hyderabad,Independent House,997,2,1,3,14,5,Fully Furnished,"['Elevator', 'Club House', 'Security', 'Swimming Pool', 'Parking', 'Wi-Fi']",2.78,7,42942487.38
P52878,Hyderabad,Duplex,4530,3,4,8,30,6,Semi Furnished,"['Parking', 'Garden', 'Elevator', 'Swimming Pool', 'Security', 'Power Backup']",6.12,5,2218883.73
P57113,Hyderabad,Studio,4525,1,4,16,18,9,Semi Furnished,"['Club House', 'Elevator', 'Wi-Fi', 'Garden', 'Swimming Pool', 'Parking']",1.32,6,32375869.46
P95170,Mumbai,Penthouse,1718,2,1,3,27,13,Semi Furnished,"['Club House', 'Parking', 'Garden']",4.77,3,8447593.92
P77534,Hyderabad,Studio,3372,2,3,19,10,17,Unfurnished,"['Club House', 'Power Backup', 'Parking', 'Elevator']",2.1,7,27188188.8
P91554,Chandigarh,Apartment,4574,4,3,6,14,0,Unfurnished,"['Garden', 'Swimming Pool', 'Gym', 'Power Backup', 'Club House', 'Wi-Fi']",9.56,5,10125391.19
P37993,Delhi,Villa,1309,2,4,19,6,19,Unfurnished,"['Security', 'Elevator', 'Power Backup', 'Wi-Fi', 'Swimming Pool', 'Club House']",8.07,2,47819039.65
P80456,Bangalore,Apartment,1314,3,4,6,20,20,Fully Furnished,"['Swimming Pool', 'Power Backup', 'Gym']",3.8,4,29179413.57
P93284,Chandigarh,Duplex,1377,1,3,11,22,7,Fully Furnished,"['Swimming Pool', 'Club House', 'Garden', 'Parking', 'Power Backup']",1.08,3,32333768.58
P16981,Chennai,Apartment,2531,4,2,15,23,12,Fully Furnished,"['Swimming Pool', 'Power Backup', 'Parking', 'Club House']",2.86,7,36358434.25
P95744,Delhi,Apartment,2914,4,4,13,17,11,Semi Furnished,"['Gym', 'Wi-Fi', 'Elevator', 'Security', 'Parking', 'Garden']",6.83,4,8416702.65
P35495,Ahmedabad,Studio,2138,2,2,16,20,2,Semi Furnished,"['Wi-Fi', 'Elevator', 'Garden', 'Club House', 'Parking']",5.53,8,11262563.94
P63820,Kolkata,Villa,500,5,4,8,17,9,Semi Furnished,"['Wi-Fi', 'Swimming Pool', 'Club House']",5.66,5,10709108.82
P57717,Delhi,Duplex,517,5,4,3,11,7,Semi Furnished,"['Parking', 'Wi-Fi', 'Elevator', 'Club House']",5.33,3,23185011.69
P80829,Chennai,Apartment,4625,3,4,6,27,17,Fully Furnished,"['Wi-Fi', 'Garden', 'Club House']",8.75,9,40169553.38
P69215,Kolkata,Duplex,4892,3,4,6,19,3,Semi Furnished,"['Gym', 'Power Backup', 'Elevator']",0.95,5,37160950.53
P40926,Kolkata,Studio,3924,1,2,14,18,7,Semi Furnished,"['Garden', 'Security', 'Gym', 'Power Backup', 'Parking', 'Elevator']",5.62,8,6332481.42
P24525,Ahmedabad,Penthouse,4850,3,2,4,9,0,Semi Furnished,"['Club House', 'Gym', 'Swimming Pool', 'Parking', 'Power Backup', 'Wi-Fi']",3.47,2,44237099.33
P71043,Ahmedabad,Apartment,4271,2,3,11,24,9,Semi Furnished,"['Elevator', 'Swimming Pool', 'Wi-Fi', 'Club House', 'Gym', 'Garden']",4.26,5,22034124.04
P30552,Chandigarh,Independent House,1337,4,1,12,24,18,Semi Furnished,"['Wi-Fi', 'Swimming Pool', 'Club House', 'Garden', 'Parking']",3.75,9,11769133.74
P68840,Mumbai,Independent House,3583,3,2,10,19,3,Fully Furnished,"['Garden', 'Security', 'Wi-Fi', 'Power Backup', 'Gym', 'Parking']",4.51,1,23467044.67
P82639,Mumbai,Duplex,3847,5,2,11,22,5,Unfurnished,"['Garden', 'Power Backup', 'Gym']",7.63,1,40856020.9
P85360,Chandigarh,Villa,3563,4,2,13,22,19,Unfurnished,"['Swimming Pool', 'Security', 'Garden', 'Elevator', 'Power Backup']",5.71,4,29252729.24
P23475,Mumbai,Independent House,615,2,3,16,9,8,Semi Furnished,"['Club House', 'Power Backup', 'Security', 'Wi-Fi']",4.87,3,19876779.89
P20915,Bangalore,Penthouse,3616,4,4,11,11,4,Unfurnished,"['Security', 'Wi-Fi', 'Gym']",7.87,8,8039042.29
P100393,Pune,Independent House,3758,4,1,13,9,5,Fully Furnished,"['Wi-Fi', 'Security', 'Gym', 'Garden', 'Swimming Pool', 'Club House']",4.99,2,22757723.33
P67900,Jaipur,Duplex,532,3,4,2,11,4,Fully Furnished,"['Swimming Pool', 'Parking', 'Gym', 'Club House', 'Garden', 'Elevator']",9.12,4,35775829.18
P65315,Bangalore,Villa,4899,5,3,4,7,4,Fully Furnished,"['Garden', 'Swimming Pool', 'Gym', 'Wi-Fi', 'Parking', 'Elevator']",6.85,6,5725140.72
P72161,Jaipur,Studio,1355,1,1,19,30,9,Fully Furnished,"['Security', 'Club House', 'Wi-Fi']",1.43,10,29972941.16
P70731,Ahmedabad,Penthouse,960,1,2,19,22,10,Unfurnished,"['Security', 'Wi-Fi', 'Club House', 'Swimming Pool', 'Parking', 'Garden']",6.89,6,36952148.89
P68595,Kolkata,Independent House,3871,4,3,14,12,3,Unfurnished,"['Club House', 'Power Backup', 'Elevator', 'Wi-Fi']",6.44,6,36764724.64
P42302,Delhi,Penthouse,3476,3,3,3,23,3,Semi Furnished,"['Security', 'Garden', 'Wi-Fi', 'Power Backup']",6.3,2,14611477.92
P63368,Jaipur,Duplex,2487,5,2,5,28,16,Semi Furnished,"['Wi-Fi', 'Gym', 'Club House', 'Garden', 'Swimming Pool', 'Parking']",1.14,7,27993289.31
P42004,Jaipur,Apartment,4514,3,2,16,27,2,Fully Furnished,"['Club House', 'Wi-Fi', 'Power Backup']",2.04,9,25284197.92
P105887,Jaipur,Duplex,899,1,4,3,27,10,Semi Furnished,"['Club House', 'Swimming Pool', 'Elevator']",3.85,3,4949221.21
P93521,Mumbai,Independent House,2433,4,2,5,22,3,Fully Furnished,"['Club House', 'Swimming Pool', 'Elevator', 'Security', 'Garden', 'Gym']",3.2,10,4505307.9
P43593,Hyderabad,Duplex,3560,2,2,8,15,15,Unfurnished,"['Swimming Pool', 'Club House', 'Power Backup']",9.72,9,48816573.05
P54978,Pune,Duplex,1245,1,3,20,26,7,Fully Furnished,"['Power Backup', 'Swimming Pool', 'Garden', 'Parking']",9.16,3,13924481.54
P52842,Chennai,Villa,2223,5,3,9,15,14,Fully Furnished,"['Elevator', 'Garden', 'Parking', 'Swimming Pool']",1.5,8,12774494.7
P13200,Jaipur,Independent House,577,2,3,17,8,7,Fully Furnished,"['Parking', 'Garden', 'Gym', 'Wi-Fi', 'Swimming Pool', 'Club House']",1.55,2,23847018.21
P75619,Chennai,Apartment,2736,3,4,11,10,17,Fully Furnished,"['Security', 'Elevator', 'Power Backup', 'Gym', 'Parking', 'Club House']",5.84,10,2050513.35
P41015,Chennai,Duplex,3648,3,1,2,30,19,Fully Furnished,"['Elevator', 'Power Backup', 'Wi-Fi', 'Parking', 'Garden', 'Gym']",2.66,3,16103001.19
P71338,Delhi,Independent House,2747,5,2,4,11,6,Fully Furnished,"['Club House', 'Elevator', 'Garden', 'Parking']",2.05,5,37254546.42
P30064,Chennai,Independent House,4675,3,4,8,14,8,Unfurnished,"['Garden', 'Elevator', 'Security', 'Gym', 'Parking']",2.24,4,14654095.33
P108485,Ahmedabad,Apartment,1448,1,4,5,19,16,Semi Furnished,"['Gym', 'Security', 'Club House', 'Parking', 'Power Backup']",7.34,5,38278852.74
P82860,Jaipur,Penthouse,2075,2,3,6,21,12,Unfurnished,"['Gym', 'Wi-Fi', 'Elevator', 'Parking', 'Garden', 'Power Backup']",2.37,3,22603249.99
P106233,Chennai,Villa,1062,1,4,4,18,14,Fully Furnished,"['Club House', 'Power Backup', 'Security']",2.55,3,5512740.44
P94607,Delhi,Apartment,3032,1,3,8,16,14,Fully Furnished,"['Gym', 'Swimming Pool', 'Wi-Fi', 'Security', 'Club House', 'Elevator']",2.44,2,21258192.64
P90900,Hyderabad,Independent House,1590,1,1,19,9,7,Semi Furnished,"['Swimming Pool', 'Elevator', 'Gym', 'Power Backup', 'Parking', 'Wi-Fi']",7.31,3,21481578.24
P12682,Chennai,Studio,883,5,1,18,11,4,Unfurnished,"['Elevator', 'Security', 'Swimming Pool', 'Parking']",2.24,4,29739364.13
P70719,Bangalore,Duplex,3836,4,1,17,13,12,Fully Furnished,"['Swimming Pool', 'Club House', 'Security', 'Wi-Fi', 'Gym']",7.81,8,28824092.23
P43025,Chennai,Studio,1351,5,2,16,7,5,Unfurnished,"['Elevator', 'Wi-Fi', 'Power Backup', 'Garden', 'Club House', 'Security']",7.63,3,33671111.79
P81720,Delhi,Independent House,4004,5,4,18,7,12,Unfurnished,"['Gym', 'Power Backup', 'Security', 'Swimming Pool', 'Parking', 'Garden']",6.83,1,26658338.01
P58660,Pune,Studio,3987,4,2,3,14,6,Unfurnished,"['Garden', 'Club House', 'Swimming Pool', 'Security', 'Gym']",0.59,8,9838901.38
P14390,Hyderabad,Studio,3287,4,3,8,14,12,Unfurnished,"['Garden', 'Swimming Pool', 'Club House', 'Parking']",9.08,10,19194565.46
P98354,Hyderabad,Duplex,1715,4,3,11,20,13,Fully Furnished,"['Club House', 'Parking', 'Gym', 'Elevator']",1.37,1,20350356.49
P99824,Ahmedabad,Duplex,4973,5,3,8,14,11,Fully Furnished,"['Power Backup', 'Club House', 'Wi-Fi', 'Security', 'Gym']",6.59,2,39979220.42
P69208,Bangalore,Villa,757,2,2,2,19,7,Semi Furnished,"['Club House', 'Wi-Fi', 'Elevator', 'Security']",5.63,7,5477981.39
P49467,Chennai,Penthouse,3926,4,1,19,26,0,Unfurnished,"['Garden', 'Security', 'Power Backup', 'Elevator']",9.9,3,26812507.19
P73411,Kolkata,Duplex,2922,1,2,5,24,14,Fully Furnished,"['Security', 'Wi-Fi', 'Gym', 'Parking']",9.67,4,32206397.13
P86870,Delhi,Villa,4790,1,1,11,6,14,Unfurnished,"['Power Backup', 'Gym', 'Swimming Pool', 'Garden', 'Parking']",1.1,4,25864542.05
P15432,Hyderabad,Duplex,2806,1,4,9,25,15,Semi Furnished,"['Parking', 'Wi-Fi', 'Club House', 'Gym', 'Elevator', 'Security']",5.89,8,7208577.19
P18164,Chennai,Independent House,930,4,3,18,17,12,Semi Furnished,"['Wi-Fi', 'Swimming Pool', 'Club House', 'Elevator']",6.72,5,20350191.62
P35983,Chennai,Independent House,1238,2,2,9,7,8,Unfurnished,"['Wi-Fi', 'Security', 'Club House']",8.03,7,26291815.05
P62430,Jaipur,Penthouse,2324,1,3,16,5,12,Fully Furnished,"['Swimming Pool', 'Elevator', 'Gym']",8.08,6,49985892.04
P40617,Hyderabad,Studio,3043,4,3,13,20,0,Semi Furnished,"['Wi-Fi', 'Garden', 'Club House', 'Power Backup', 'Parking', 'Swimming Pool']",1.35,3,2198427.43
P101025,Mumbai,Villa,4946,1,1,16,26,13,Fully Furnished,"['Power Backup', 'Garden', 'Parking', 'Club House']",2.57,5,3816176.39
P13702,Pune,Independent House,866,4,1,8,20,2,Semi Furnished,"['Wi-Fi', 'Gym', 'Parking']",7.14,3,6244038.1
P20831,Kolkata,Villa,742,1,1,1,5,9,Semi Furnished,"['Power Backup', 'Gym', 'Wi-Fi', 'Garden']",0.79,3,32310991.18
P17849,Kolkata,Studio,3855,3,2,16,9,2,Fully Furnished,"['Garden', 'Security', 'Parking', 'Club House', 'Swimming Pool', 'Gym']",3.21,7,3317155.79
P12599,Delhi,Apartment,2928,3,2,19,17,3,Unfurnished,"['Elevator', 'Power Backup', 'Swimming Pool']",8.15,6,19483636.51
P18253,Bangalore,Villa,586,4,3,17,24,6,Semi Furnished,"['Elevator', 'Security', 'Garden']",7.78,4,44966298.31
P66141,Ahmedabad,Penthouse,3980,3,2,17,21,13,Unfurnished,"['Club House', 'Parking', 'Power Backup', 'Garden', 'Security']",1.63,6,13151622.49
P97165,Kolkata,Studio,3094,4,3,15,10,12,Unfurnished,"['Gym', 'Elevator', 'Parking', 'Power Backup']",1.54,9,49465402.98
P11258,Bangalore,Penthouse,1240,3,3,14,24,0,Fully Furnished,"['Garden', 'Security', 'Club House']",4.57,10,29991212.7
P59818,Jaipur,Independent House,1518,5,2,17,30,13,Unfurnished,"['Garden', 'Parking', 'Power Backup', 'Security', 'Elevator', 'Gym']",2.03,4,18927918.17
P24834,Bangalore,Independent House,4529,4,3,14,16,1,Semi Furnished,"['Parking', 'Club House', 'Swimming Pool']",6.4,10,21838816.52
P107261,Mumbai,Studio,1032,2,2,15,6,9,Unfurnished,"['Swimming Pool', 'Elevator', 'Wi-Fi', 'Power Backup', 'Club House']",1.21,2,18686040.66
P105633,Ahmedabad,Apartment,4427,5,2,4,13,9,Fully Furnished,"['Parking', 'Security', 'Garden']",1.36,4,34854315.49
P42262,Delhi,Studio,4508,2,3,12,18,18,Unfurnished,"['Club House', 'Garden', 'Gym', 'Security', 'Elevator']",8.75,4,7921486.5
P95825,Pune,Independent House,1629,5,3,19,13,18,Fully Furnished,"['Elevator', 'Garden', 'Club House', 'Gym', 'Swimming Pool', 'Security']",9.8,2,28344556.05
P60900,Mumbai,Penthouse,3015,2,1,7,30,17,Fully Furnished,"['Security', 'Club House', 'Gym', 'Elevator']",5.06,10,23481452.77
P63478,Bangalore,Studio,2284,2,4,9,14,8,Unfurnished,"['Security', 'Club House', 'Elevator', 'Wi-Fi']",6.58,10,46221177.75
P53700,Chandigarh,Independent House,3389,5,1,9,17,5,Fully Furnished,"['Swimming Pool', 'Wi-Fi', 'Gym', 'Security']",4.22,9,8837095.78
P86855,Chandigarh,Villa,4189,3,4,6,12,19,Fully Furnished,"['Swimming Pool', 'Gym', 'Power Backup', 'Security', 'Elevator']",9.95,5,42358370.93
P89766,Hyderabad,Penthouse,2404,5,2,14,10,8,Semi Furnished,"['Parking', 'Club House', 'Swimming Pool', 'Elevator', 'Garden', 'Power Backup']",3.4,4,36365598.18
P88835,Bangalore,Villa,1297,5,3,20,24,4,Unfurnished,"['Wi-Fi', 'Security', 'Club House', 'Swimming Pool', 'Garden', 'Gym']",7.65,4,21351767.15
P30255,Jaipur,Duplex,3121,4,4,19,7,14,Semi Furnished,"['Parking', 'Security', 'Power Backup']",0.73,3,28696048.79
P45117,Jaipur,Villa,893,2,1,9,24,13,Fully Furnished,"['Power Backup', 'Parking', 'Elevator', 'Garden', 'Club House', 'Swimming Pool']",0.7,7,15196948.07
P18900,Chandigarh,Penthouse,4091,5,4,16,20,7,Fully Furnished,"['Elevator', 'Swimming Pool', 'Wi-Fi', 'Club House', 'Parking']",9.07,4,8577231.67
P61904,Chandigarh,Duplex,3256,4,4,12,10,16,Unfurnished,"['Garden', 'Parking', 'Security', 'Power Backup', 'Gym', 'Swimming Pool']",0.54,4,15842095.4
P69977,Ahmedabad,Studio,4353,5,2,3,21,18,Unfurnished,"['Swimming Pool', 'Garden', 'Power Backup', 'Parking']",6.11,7,29359019.94
P15461,Jaipur,Duplex,1970,4,1,11,22,3,Unfurnished,"['Club House', 'Power Backup', 'Gym', 'Garden']",5.8,2,16300131.84
P40865,Bangalore,Studio,2417,3,2,12,8,1,Fully Furnished,"['Club House', 'Gym', 'Elevator', 'Wi-Fi', 'Parking', 'Garden']",4.75,9,24693765.6
P96538,Chennai,Villa,569,1,2,11,13,0,Fully Furnished,"['Swimming Pool', 'Power Backup', 'Elevator', 'Gym', 'Parking']",4.64,4,21151406.32
P101192,Hyderabad,Independent House,2662,3,3,9,5,0,Semi Furnished,"['Parking', 'Club House', 'Elevator', 'Security', 'Swimming Pool']",5.38,1,38289878.63
P59013,Pune,Duplex,2837,1,2,14,26,9,Semi Furnished,"['Gym', 'Garden', 'Security', 'Parking']",7.83,7,48857496.49
P64522,Chandigarh,Studio,1649,4,4,9,9,5,Unfurnished,"['Club House', 'Gym', 'Wi-Fi', 'Power Backup', 'Elevator']",1.7,5,35446062.91
P59412,Jaipur,Studio,4417,5,2,10,17,13,Semi Furnished,"['Parking', 'Club House', 'Wi-Fi', 'Gym']",1.19,9,14286322.22
P94086,Mumbai,Penthouse,855,5,3,20,28,6,Unfurnished,"['Security', 'Power Backup', 'Swimming Pool', 'Wi-Fi', 'Gym', 'Club House']",6.75,6,25448219.02
P39565,Ahmedabad,Apartment,1153,3,2,11,12,6,Fully Furnished,"['Elevator', 'Power Backup', 'Wi-Fi', 'Gym']",6.22,3,23785057.9
P44018,Kolkata,Villa,3680,2,1,8,9,3,Semi Furnished,"['Power Backup', 'Swimming Pool', 'Garden', 'Wi-Fi', 'Club House']",9.59,7,813622.86
P94136,Hyderabad,Independent House,1532,3,3,18,24,6,Fully Furnished,"['Parking', 'Power Backup', 'Wi-Fi', 'Swimming Pool']",6.77,1,11387147.22
P45281,Chennai,Independent House,2992,5,2,15,10,3,Unfurnished,"['Security', 'Gym', 'Elevator', 'Parking']",1.08,6,48483905.51
P79600,Pune,Studio,2957,5,3,8,24,5,Semi Furnished,"['Club House', 'Swimming Pool', 'Security']",6.81,4,25306813.95
P75545,Mumbai,Penthouse,2477,2,4,2,11,12,Semi Furnished,"['Power Backup', 'Wi-Fi', 'Parking']",7.26,8,41985820.98
P27076,Chandigarh,Studio,1309,3,1,8,17,13,Fully Furnished,"['Elevator', 'Swimming Pool', 'Gym', 'Power Backup', 'Wi-Fi', 'Parking']",5.92,4,15158716.3
P62502,Kolkata,Duplex,3132,3,3,15,19,4,Fully Furnished,"['Parking', 'Power Backup', 'Gym', 'Security']",7.84,2,23175886.54
P13255,Jaipur,Apartment,3506,1,2,15,23,9,Semi Furnished,"['Wi-Fi', 'Club House', 'Swimming Pool', 'Parking', 'Elevator']",3.08,7,35848081.87
P47892,Bangalore,Villa,3840,3,3,3,18,15,Fully Furnished,"['Elevator', 'Club House', 'Wi-Fi']",7.27,3,49806060.83
P52522,Kolkata,Duplex,2829,3,1,17,29,8,Fully Furnished,"['Garden', 'Club House', 'Wi-Fi', 'Parking', 'Power Backup', 'Elevator']",7.27,6,24675510.29
P25585,Ahmedabad,Penthouse,4569,4,1,17,20,17,Semi Furnished,"['Garden', 'Power Backup', 'Gym', 'Wi-Fi']",6.59,3,24820261.52
P25372,Chandigarh,Duplex,1912,3,1,11,22,19,Semi Furnished,"['Garden', 'Elevator', 'Gym', 'Club House']",9.88,4,47631257.89
P30832,Jaipur,Villa,2936,5,2,16,8,1,Unfurnished,"['Elevator', 'Swimming Pool', 'Power Backup']",8.37,9,33692510.9
P54397,Chennai,Duplex,3497,1,4,5,5,8,Unfurnished,"['Power Backup', 'Club House', 'Garden']",7.22,1,10665881.45
P45680,Hyderabad,Studio,1882,2,2,2,28,7,Unfurnished,"['Power Backup', 'Elevator', 'Swimming Pool']",9.31,8,49180456.54
P43538,Pune,Villa,2654,3,2,11,10,19,Unfurnished,"['Power Backup', 'Swimming Pool', 'Gym']",1.46,10,41316348.35
P32938,Ahmedabad,Apartment,1478,5,3,2,15,8,Fully Furnished,"['Security', 'Parking', 'Garden', 'Gym']",5.94,7,12245942.19
P50644,Ahmedabad,Apartment,3130,4,1,6,5,19,Fully Furnished,"['Parking', 'Elevator', 'Wi-Fi', 'Gym', 'Garden']",9.44,8,22082890.47
P67112,Hyderabad,Apartment,4326,5,2,13,11,19,Fully Furnished,"['Power Backup', 'Garden', 'Wi-Fi', 'Club House']",6.73,1,4173577.44
P56130,Jaipur,Independent House,2411,1,4,7,19,0,Unfurnished,"['Security', 'Wi-Fi', 'Gym', 'Elevator', 'Power Backup', 'Swimming Pool']",3.66,3,10302453.32
P82073,Ahmedabad,Studio,2941,2,4,11,22,16,Semi Furnished,"['Security', 'Wi-Fi', 'Parking']",0.69,1,15014746.72
P83631,Hyderabad,Penthouse,4933,4,3,10,30,20,Unfurnished,"['Elevator', 'Gym', 'Power Backup', 'Parking']",6.31,3,37293600.56
P100015,Bangalore,Villa,1291,2,4,5,19,0,Semi Furnished,"['Gym', 'Garden', 'Elevator']",8.42,4,44076852.6
P24575,Ahmedabad,Penthouse,1303,3,3,15,8,20,Unfurnished,"['Club House', 'Garden', 'Wi-Fi', 'Gym', 'Swimming Pool']",5.33,7,37958620.08
P105690,Mumbai,Penthouse,2404,1,4,2,11,8,Semi Furnished,"['Security', 'Garden', 'Parking']",1.06,1,15149134.27
P97157,Ahmedabad,Villa,3925,1,2,1,28,17,Unfurnished,"['Wi-Fi', 'Club House', 'Gym']",1.12,3,16807287.29
P87942,Chennai,Studio,3886,3,1,11,9,10,Semi Furnished,"['Gym', 'Elevator', 'Club House', 'Garden', 'Parking']",0.63,2,9804136.32
P56667,Delhi,Apartment,2211,1,4,6,28,1,Fully Furnished,"['Parking', 'Club House', 'Swimming Pool', 'Security', 'Garden']",5.36,6,2418238.75
P40773,Mumbai,Independent House,1764,4,2,19,29,15,Unfurnished,"['Elevator', 'Security', 'Swimming Pool', 'Garden']",8.53,4,34627462.17
P98280,Jaipur,Studio,2371,2,2,16,30,0,Semi Furnished,"['Wi-Fi', 'Garden', 'Parking']",5.25,4,46524111.8
P86378,Bangalore,Duplex,3432,4,2,20,23,8,Unfurnished,"['Gym', 'Swimming Pool', 'Power Backup', 'Garden']",4.3,2,37609489.24
P33610,Bangalore,Villa,3625,1,3,14,21,8,Semi Furnished,"['Parking', 'Club House', 'Power Backup', 'Wi-Fi', 'Swimming Pool']",4.07,2,6471345.84
P76947,Pune,Penthouse,4802,3,4,16,28,2,Fully Furnished,"['Gym', 'Club House', 'Parking', 'Security', 'Power Backup']",1.73,5,8287384.83
P34000,Delhi,Penthouse,4253,3,3,4,20,14,Semi Furnished,"['Elevator', 'Power Backup', 'Swimming Pool', 'Garden', 'Parking', 'Club House']",3.01,4,13806269.8
P46619,Jaipur,Apartment,3474,1,1,3,17,10,Fully Furnished,"['Gym', 'Power Backup', 'Club House']",7.67,4,44313945.65
P48564,Delhi,Villa,1424,5,1,18,26,15,Unfurnished,"['Parking', 'Power Backup', 'Security']",4.96,4,31221319.84
P89893,Chandigarh,Independent House,765,2,4,17,16,20,Unfurnished,"['Swimming Pool', 'Elevator', 'Gym']",4.14,10,17180036
P106400,Hyderabad,Duplex,3448,1,4,2,11,19,Unfurnished,"['Gym', 'Parking', 'Club House', 'Elevator']",8.07,9,5128177.84
P12482,Chennai,Penthouse,555,5,2,2,6,12,Unfurnished,"['Power Backup', 'Club House', 'Parking', 'Security']",1.01,4,34404356.57
P68362,Pune,Apartment,4715,5,2,1,5,12,Fully Furnished,"['Power Backup', 'Garden', 'Gym', 'Swimming Pool', 'Security', 'Parking']",3.82,6,10971622.6
P65625,Pune,Independent House,3235,3,3,18,19,6,Semi Furnished,"['Wi-Fi', 'Power Backup', 'Swimming Pool', 'Security', 'Gym', 'Club House']",7.53,2,712871.47
P27587,Kolkata,Duplex,4959,5,1,16,27,3,Fully Furnished,"['Swimming Pool', 'Security', 'Garden', 'Power Backup', 'Gym']",8.83,9,28054110.07
P30050,Jaipur,Duplex,4558,1,3,2,22,8,Semi Furnished,"['Elevator', 'Swimming Pool', 'Parking', 'Club House']",6.31,10,18074949.09
P52767,Jaipur,Villa,1552,2,2,12,6,7,Semi Furnished,"['Security', 'Power Backup', 'Swimming Pool', 'Wi-Fi', 'Parking']",4.03,3,19673211.75
P25416,Delhi,Studio,3955,2,1,5,6,3,Fully Furnished,"['Power Backup', 'Elevator', 'Parking', 'Gym', 'Garden', 'Swimming Pool']",7.14,9,7403211.9
P81281,Chandigarh,Studio,3763,1,2,18,26,7,Unfurnished,"['Club House', 'Parking', 'Garden']",5.75,7,9894588.19
P66024,Chennai,Independent House,4740,3,2,6,10,15,Fully Furnished,"['Elevator', 'Parking', 'Swimming Pool']",2.99,2,38300356.47
P99030,Delhi,Duplex,4110,2,1,9,27,9,Semi Furnished,"['Club House', 'Wi-Fi', 'Swimming Pool']",2.26,10,17852817.23
P50878,Chandigarh,Studio,1077,1,1,6,7,19,Unfurnished,"['Garden', 'Club House', 'Swimming Pool']",4.32,8,11361385.06
P33995,Kolkata,Independent House,3629,1,1,16,18,13,Unfurnished,"['Parking', 'Power Backup', 'Garden', 'Gym', 'Wi-Fi', 'Elevator']",0.98,4,39423616.18
P78306,Bangalore,Duplex,3327,3,2,3,23,0,Semi Furnished,"['Parking', 'Security', 'Garden', 'Wi-Fi', 'Power Backup', 'Swimming Pool']",9.85,9,31107061.53
P104082,Bangalore,Villa,1449,4,2,3,16,11,Semi Furnished,"['Gym', 'Garden', 'Security']",1.58,1,41205266.52
P78107,Delhi,Apartment,4606,5,2,16,23,14,Unfurnished,"['Elevator', 'Parking', 'Garden', 'Power Backup']",3.09,6,31448302.8
P11795,Pune,Duplex,2726,5,3,18,28,11,Semi Furnished,"['Garden', 'Wi-Fi', 'Elevator']",3.42,5,42363888.4
P92957,Delhi,Apartment,3584,2,4,5,16,20,Unfurnished,"['Security', 'Power Backup', 'Parking', 'Swimming Pool', 'Club House', 'Gym']",4.4,6,44959313.42
P15169,Jaipur,Duplex,1051,1,2,20,16,14,Unfurnished,"['Swimming Pool', 'Security', 'Elevator', 'Wi-Fi', 'Club House', 'Garden']",4.94,5,18052221.29
P73935,Mumbai,Villa,3365,1,4,3,6,15,Fully Furnished,"['Wi-Fi', 'Security', 'Gym', 'Swimming Pool']",6.35,1,3543975.62
P52404,Chennai,Studio,3170,5,1,12,21,17,Semi Furnished,"['Club House', 'Swimming Pool', 'Parking', 'Elevator']",2.59,2,22423590.84
P37401,Kolkata,Villa,1262,4,2,9,23,5,Semi Furnished,"['Swimming Pool', 'Parking', 'Gym', 'Elevator', 'Power Backup']",6.08,9,13665610.36
P32611,Pune,Penthouse,2514,5,4,7,20,3,Unfurnished,"['Gym', 'Elevator', 'Garden']",8.4,1,7423946.71
P50839,Jaipur,Penthouse,1898,1,3,3,6,0,Semi Furnished,"['Power Backup', 'Parking', 'Elevator', 'Gym']",4.67,2,47370983.61
P16496,Bangalore,Duplex,1285,1,4,13,26,3,Semi Furnished,"['Parking', 'Club House', 'Power Backup', 'Wi-Fi', 'Elevator']",3.6,10,23397437.44
P75984,Pune,Apartment,748,1,1,15,8,14,Unfurnished,"['Wi-Fi', 'Elevator', 'Club House', 'Power Backup', 'Swimming Pool']",6.22,4,40221865.09
P36323,Ahmedabad,Penthouse,4546,3,4,20,13,10,Unfurnished,"['Wi-Fi', 'Elevator', 'Power Backup', 'Parking', 'Gym', 'Swimming Pool']",7.67,10,8751139.24
P96488,Delhi,Villa,1103,3,4,19,15,1,Fully Furnished,"['Swimming Pool', 'Elevator', 'Wi-Fi', 'Garden']",4.39,3,28137535.91
P73918,Mumbai,Villa,3413,4,1,9,24,6,Fully Furnished,"['Swimming Pool', 'Gym', 'Parking']",6.81,1,20034654.5
P54795,Mumbai,Independent House,809,1,3,12,13,1,Fully Furnished,"['Gym', 'Garden', 'Power Backup', 'Parking', 'Swimming Pool', 'Security']",8.8,7,36369867.71
P62971,Chandigarh,Studio,1226,4,2,11,14,18,Unfurnished,"['Wi-Fi', 'Swimming Pool', 'Club House', 'Garden', 'Power Backup', 'Parking']",3.89,4,23517914.84
P20528,Chennai,Villa,523,5,3,14,8,6,Fully Furnished,"['Gym', 'Swimming Pool', 'Club House', 'Power Backup']",4.67,10,12110818.89
P34635,Delhi,Apartment,1465,5,4,16,30,17,Fully Furnished,"['Gym', 'Elevator', 'Security']",7.38,8,45361221.28
P71073,Chandigarh,Villa,1408,4,3,4,11,11,Unfurnished,"['Parking', 'Swimming Pool', 'Security']",7.2,10,17836550.49
P13030,Kolkata,Independent House,874,2,4,19,21,13,Semi Furnished,"['Elevator', 'Power Backup', 'Parking']",6.78,2,30788133.44
P109283,Bangalore,Independent House,2257,4,3,2,8,8,Semi Furnished,"['Parking', 'Gym', 'Power Backup']",3.25,2,1812712.65
P90544,Chennai,Villa,2406,3,1,6,26,19,Fully Furnished,"['Gym', 'Wi-Fi', 'Parking', 'Power Backup', 'Club House']",8.06,10,20407471.35
P82699,Bangalore,Duplex,2346,2,4,17,24,6,Fully Furnished,"['Parking', 'Elevator', 'Gym', 'Power Backup']",3.26,1,12718819.87
P96520,Hyderabad,Studio,4978,2,3,4,6,17,Fully Furnished,"['Swimming Pool', 'Parking', 'Security']",5.83,8,17217019.57
P12978,Bangalore,Apartment,4885,4,3,1,24,10,Fully Furnished,"['Security', 'Garden', 'Elevator']",5.37,10,20312746.43
P94485,Chandigarh,Apartment,1940,2,1,13,9,9,Semi Furnished,"['Garden', 'Gym', 'Swimming Pool']",8.5,5,34677348.27
P93755,Delhi,Penthouse,4478,3,4,6,11,15,Fully Furnished,"['Security', 'Parking', 'Swimming Pool', 'Gym', 'Wi-Fi']",2.22,3,14600826.46
P64424,Kolkata,Villa,700,1,2,14,5,2,Fully Furnished,"['Power Backup', 'Elevator', 'Swimming Pool', 'Wi-Fi', 'Gym']",4.63,6,36597485.31
P67642,Pune,Villa,2601,4,3,9,28,18,Semi Furnished,"['Parking', 'Security', 'Power Backup', 'Gym']",1.48,3,32050610.2
P11089,Chandigarh,Duplex,2276,3,4,12,6,1,Fully Furnished,"['Power Backup', 'Wi-Fi', 'Parking', 'Garden', 'Gym', 'Club House']",0.96,2,28760432.92
P47048,Bangalore,Apartment,4576,3,2,20,30,2,Fully Furnished,"['Security', 'Gym', 'Club House']",4.64,4,32571908.74
P105448,Ahmedabad,Independent House,4337,1,2,2,24,10,Fully Furnished,"['Security', 'Wi-Fi', 'Parking']",1.4,10,31024529.98
P17626,Ahmedabad,Penthouse,2756,1,4,7,28,4,Fully Furnished,"['Power Backup', 'Security', 'Club House', 'Garden', 'Gym', 'Wi-Fi']",6.04,9,38581379.3
P106609,Pune,Villa,3033,1,2,5,6,20,Unfurnished,"['Elevator', 'Swimming Pool', 'Wi-Fi', 'Garden', 'Parking', 'Power Backup']",7.16,2,13178967.63
P72724,Ahmedabad,Studio,2609,5,2,16,15,8,Fully Furnished,"['Swimming Pool', 'Garden', 'Elevator', 'Club House', 'Parking']",1.98,2,10857855.58
P20756,Ahmedabad,Penthouse,3764,3,1,4,20,8,Fully Furnished,"['Swimming Pool', 'Security', 'Club House', 'Gym']",4.38,7,13442281.28
P40492,Kolkata,Studio,4740,2,4,15,13,16,Fully Furnished,"['Swimming Pool', 'Power Backup', 'Garden', 'Elevator', 'Security', 'Wi-Fi']",8.04,5,28059666
P14727,Chandigarh,Independent House,2663,5,1,4,9,8,Semi Furnished,"['Gym', 'Parking', 'Security']",2.26,8,41964639.94
P66495,Bangalore,Independent House,917,3,3,20,7,17,Semi Furnished,"['Security', 'Garden', 'Swimming Pool']",3.71,1,23990681.99
P32715,Delhi,Duplex,1457,1,1,2,18,4,Semi Furnished,"['Elevator', 'Parking', 'Gym']",5.45,9,35743578.36
P49171,Jaipur,Duplex,1027,4,1,8,10,10,Unfurnished,"['Wi-Fi', 'Club House', 'Swimming Pool', 'Parking', 'Elevator', 'Security']",7.5,3,24541287.97
P92573,Bangalore,Duplex,1264,4,2,17,12,3,Unfurnished,"['Garden', 'Power Backup', 'Security', 'Club House', 'Elevator']",4.14,6,34645713.46
P57134,Chennai,Villa,1431,5,2,12,29,3,Semi Furnished,"['Power Backup', 'Security', 'Parking']",1.89,3,26558261.48
P62187,Chandigarh,Villa,4633,4,2,13,5,17,Semi Furnished,"['Wi-Fi', 'Elevator', 'Security', 'Gym', 'Parking']",9.01,7,7359114.41
P85743,Chandigarh,Villa,2140,1,4,9,7,11,Semi Furnished,"['Parking', 'Power Backup', 'Club House', 'Swimming Pool', 'Wi-Fi']",0.62,6,24870101.93
P14194,Pune,Studio,4648,1,1,15,16,18,Semi Furnished,"['Gym', 'Elevator', 'Swimming Pool', 'Club House', 'Security', 'Power Backup']",2.8,8,29996281.32
P51485,Pune,Duplex,753,1,4,4,26,4,Unfurnished,"['Swimming Pool', 'Parking', 'Club House', 'Security']",3.5,6,3666663.22
P34326,Hyderabad,Studio,1824,3,2,13,30,3,Semi Furnished,"['Wi-Fi', 'Garden', 'Power Backup', 'Elevator', 'Swimming Pool', 'Club House']",5.47,1,44419766.14
P64644,Pune,Penthouse,2122,2,2,9,9,18,Unfurnished,"['Wi-Fi', 'Parking', 'Power Backup']",8.23,7,46579432.87
P68717,Hyderabad,Apartment,4380,5,1,16,14,14,Fully Furnished,"['Gym', 'Security', 'Parking', 'Elevator', 'Power Backup']",6.18,1,31884150.54
P58333,Hyderabad,Independent House,4367,4,4,9,13,15,Semi Furnished,"['Swimming Pool', 'Gym', 'Power Backup']",5.08,2,33877048.84
P44553,Chandigarh,Penthouse,4733,2,1,15,18,14,Semi Furnished,"['Club House', 'Garden', 'Security', 'Elevator', 'Power Backup']",6.05,5,22614157.67
P51055,Mumbai,Apartment,4722,1,4,19,24,5,Unfurnished,"['Garden', 'Elevator', 'Swimming Pool']",0.62,6,29548197.74
P68647,Ahmedabad,Apartment,867,3,2,5,15,18,Unfurnished,"['Elevator', 'Gym', 'Club House', 'Wi-Fi', 'Garden']",6.35,4,30201278.58
P109656,Kolkata,Penthouse,4106,5,3,10,25,5,Fully Furnished,"['Gym', 'Power Backup', 'Swimming Pool', 'Club House', 'Parking']",5.85,5,32380812.54
P90282,Jaipur,Penthouse,1053,5,1,13,13,2,Fully Furnished,"['Gym', 'Power Backup', 'Elevator', 'Parking', 'Security']",6.94,8,23973617.96
P22652,Bangalore,Apartment,1453,4,2,17,11,13,Semi Furnished,"['Gym', 'Parking', 'Security', 'Swimming Pool', 'Power Backup', 'Elevator']",8.73,5,20651493.38
P64830,Pune,Duplex,2440,5,1,3,11,0,Unfurnished,"['Garden', 'Security', 'Parking', 'Club House']",2.82,5,2187772.57
P26782,Ahmedabad,Villa,2143,1,3,16,21,3,Semi Furnished,"['Gym', 'Security', 'Club House', 'Parking', 'Elevator']",6.73,9,19700215.62
P10499,Delhi,Independent House,2922,1,2,9,23,15,Fully Furnished,"['Swimming Pool', 'Parking', 'Power Backup', 'Club House']",2.07,9,44807907.21
P42322,Mumbai,Villa,1345,4,4,11,17,16,Fully Furnished,"['Parking', 'Gym', 'Power Backup']",5.18,8,35995107.35
P35917,Kolkata,Penthouse,1548,2,2,19,14,2,Unfurnished,"['Gym', 'Security', 'Elevator', 'Power Backup', 'Swimming Pool', 'Garden']",5.91,1,22679827.67
P67053,Jaipur,Studio,2120,2,2,5,21,18,Fully Furnished,"['Security', 'Swimming Pool', 'Parking']",2.61,7,31498257.44
P88111,Delhi,Apartment,3522,2,4,4,12,12,Fully Furnished,"['Garden', 'Security', 'Parking', 'Gym', 'Swimming Pool', 'Elevator']",6.65,8,36932270.77
P36458,Bangalore,Apartment,2410,1,1,19,17,12,Semi Furnished,"['Parking', 'Club House', 'Elevator', 'Wi-Fi', 'Security', 'Power Backup']",2.2,9,46724453.95
P25730,Jaipur,Independent House,3981,1,3,9,5,17,Fully Furnished,"['Security', 'Parking', 'Wi-Fi', 'Elevator', 'Power Backup']",3.38,1,18216070.37
P50430,Kolkata,Apartment,1210,1,4,16,15,17,Fully Furnished,"['Gym', 'Garden', 'Wi-Fi']",9.2,5,15980710.11
P42879,Jaipur,Penthouse,3326,1,3,6,10,13,Fully Furnished,"['Garden', 'Gym', 'Swimming Pool', 'Security', 'Elevator']",2.58,3,7309627.55
P59380,Chandigarh,Villa,4738,1,3,16,14,8,Semi Furnished,"['Club House', 'Power Backup', 'Gym', 'Parking', 'Swimming Pool']",2.48,10,1855063.03
P26670,Chandigarh,Penthouse,4424,4,3,11,11,11,Semi Furnished,"['Security', 'Garden', 'Power Backup', 'Gym', 'Swimming Pool']",2.69,8,11860091.57
P50981,Chandigarh,Duplex,4576,3,1,15,12,3,Unfurnished,"['Elevator', 'Security', 'Club House', 'Power Backup', 'Garden', 'Parking']",1.18,8,39277756.28
P105182,Kolkata,Duplex,1263,2,2,9,9,8,Fully Furnished,"['Swimming Pool', 'Garden', 'Security']",4.33,9,23166132.37
P19340,Jaipur,Studio,967,2,2,12,29,6,Unfurnished,"['Parking', 'Swimming Pool', 'Wi-Fi', 'Club House', 'Gym']",0.52,4,45198610.29
P63365,Pune,Villa,2696,5,4,6,14,11,Fully Furnished,"['Elevator', 'Club House', 'Garden']",2.26,10,46313442.63
P71305,Bangalore,Apartment,1034,2,4,14,24,0,Unfurnished,"['Parking', 'Swimming Pool', 'Security', 'Club House']",7.31,2,47118192.91
P67113,Mumbai,Apartment,2310,4,2,8,19,14,Semi Furnished,"['Swimming Pool', 'Wi-Fi', 'Parking', 'Club House']",5.48,6,27182568.33
P74556,Chandigarh,Studio,4657,1,3,20,10,5,Semi Furnished,"['Wi-Fi', 'Security', 'Elevator', 'Garden', 'Gym', 'Club House']",6.76,7,35222011.3
P18719,Bangalore,Villa,1400,1,4,12,13,17,Fully Furnished,"['Wi-Fi', 'Elevator', 'Club House', 'Security', 'Parking', 'Power Backup']",3.3,7,8303859.46
P81091,Chennai,Studio,1658,5,2,14,27,13,Semi Furnished,"['Garden', 'Gym', 'Wi-Fi', 'Parking']",9.97,5,19616384
P92654,Jaipur,Studio,1329,1,4,15,13,2,Semi Furnished,"['Garden', 'Wi-Fi', 'Security']",5.71,9,35819880.82
P50143,Jaipur,Apartment,2233,2,3,19,28,18,Semi Furnished,"['Security', 'Gym', 'Power Backup']",0.95,9,43315750.76
P31629,Kolkata,Apartment,1679,3,4,7,23,10,Fully Furnished,"['Security', 'Gym', 'Garden', 'Parking', 'Wi-Fi']",6.58,4,5544339.14
P33153,Delhi,Villa,3253,2,3,8,23,19,Fully Furnished,"['Gym', 'Power Backup', 'Swimming Pool', 'Wi-Fi']",8.95,7,39247181.05
P35997,Pune,Duplex,1940,4,2,9,7,0,Unfurnished,"['Elevator', 'Wi-Fi', 'Garden', 'Gym']",3.75,3,11595469.34
P89940,Hyderabad,Duplex,3753,4,2,13,19,19,Fully Furnished,"['Parking', 'Security', 'Club House', 'Swimming Pool', 'Wi-Fi']",0.79,3,32198709.22
P46304,Chennai,Villa,885,3,3,9,13,8,Unfurnished,"['Power Backup', 'Parking', 'Swimming Pool', 'Elevator']",6.57,1,26405472.78
P10880,Ahmedabad,Apartment,4052,5,2,3,6,7,Unfurnished,"['Power Backup', 'Gym', 'Parking', 'Garden', 'Security']",4.9,2,20811705.61
P104586,Pune,Apartment,4741,2,3,13,5,11,Unfurnished,"['Wi-Fi', 'Security', 'Garden', 'Club House']",5.08,8,20134577.93
P41039,Hyderabad,Studio,1913,1,4,8,13,15,Fully Furnished,"['Wi-Fi', 'Parking', 'Club House']",2.52,7,5839466.39
P58553,Delhi,Penthouse,919,5,1,3,12,12,Fully Furnished,"['Wi-Fi', 'Security', 'Club House']",7.38,8,20677401.9
P73203,Hyderabad,Villa,520,5,1,12,22,6,Semi Furnished,"['Power Backup', 'Swimming Pool', 'Gym', 'Wi-Fi', 'Security', 'Club House']",9.55,9,17884144.38
P23605,Ahmedabad,Duplex,1943,2,3,19,19,8,Fully Furnished,"['Wi-Fi', 'Club House', 'Power Backup']",0.81,10,9384406.18
P93735,Pune,Independent House,1053,4,1,15,19,13,Unfurnished,"['Power Backup', 'Wi-Fi', 'Garden', 'Swimming Pool']",3.37,9,31534513.84
P13920,Kolkata,Independent House,1653,4,4,1,23,3,Fully Furnished,"['Elevator', 'Club House', 'Garden', 'Power Backup', 'Security', 'Wi-Fi']",5.88,2,31455823.58
P70357,Delhi,Villa,3457,1,3,13,28,3,Fully Furnished,"['Swimming Pool', 'Club House', 'Security', 'Gym', 'Garden']",2.46,2,38359020.95
P98715,Chennai,Penthouse,1372,3,1,9,28,6,Fully Furnished,"['Parking', 'Power Backup', 'Swimming Pool', 'Garden', 'Elevator', 'Wi-Fi']",3.82,6,36533456.42
P65348,Mumbai,Penthouse,2581,1,3,15,19,13,Semi Furnished,"['Gym', 'Swimming Pool', 'Club House', 'Elevator']",0.68,8,18176520.86
P80675,Bangalore,Independent House,3977,4,4,8,14,0,Semi Furnished,"['Garden', 'Club House', 'Swimming Pool', 'Power Backup']",2.59,3,31350782.31
P68468,Hyderabad,Studio,1923,1,2,2,23,14,Unfurnished,"['Power Backup', 'Elevator', 'Club House']",2.24,3,19555458.2
P45815,Chandigarh,Studio,890,3,2,13,10,7,Unfurnished,"['Power Backup', 'Wi-Fi', 'Swimming Pool', 'Gym', 'Elevator']",2.19,3,10261008.83
P34465,Kolkata,Penthouse,3210,5,2,4,6,17,Fully Furnished,"['Power Backup', 'Swimming Pool', 'Wi-Fi', 'Security']",2.43,4,44620347.2
P80640,Jaipur,Apartment,756,5,2,15,8,20,Semi Furnished,"['Power Backup', 'Club House', 'Swimming Pool', 'Elevator']",7.58,8,1036902.06
P49623,Chennai,Studio,1751,2,1,7,17,20,Unfurnished,"['Swimming Pool', 'Wi-Fi', 'Club House', 'Gym', 'Elevator']",7.85,3,28845488.93
P28799,Ahmedabad,Apartment,3371,5,1,2,7,15,Semi Furnished,"['Garden', 'Security', 'Power Backup', 'Swimming Pool']",3.22,4,47091841.54
P21594,Hyderabad,Apartment,2245,5,1,19,10,16,Fully Furnished,"['Elevator', 'Parking', 'Swimming Pool', 'Club House']",7.83,5,16645994.38
P94258,Kolkata,Apartment,4609,2,2,8,14,9,Fully Furnished,"['Power Backup', 'Parking', 'Elevator', 'Gym']",1.74,10,15397383.53
P101395,Pune,Apartment,4762,1,1,12,19,18,Unfurnished,"['Gym', 'Power Backup', 'Garden']",6.67,6,841152.86
P73607,Delhi,Villa,1969,5,4,8,9,3,Unfurnished,"['Swimming Pool', 'Wi-Fi', 'Elevator', 'Club House', 'Garden']",8.53,9,38418391.15
P15735,Hyderabad,Penthouse,2014,5,1,2,16,8,Semi Furnished,"['Security', 'Club House', 'Parking', 'Swimming Pool', 'Garden']",3.14,2,48158587.54
P68026,Chennai,Penthouse,3627,1,1,11,21,9,Fully Furnished,"['Gym', 'Garden', 'Parking']",2.84,2,13470029.88
P73358,Mumbai,Apartment,2335,4,1,5,10,19,Semi Furnished,"['Garden', 'Club House', 'Wi-Fi']",1.16,2,1727539.15
P70526,Chandigarh,Apartment,1240,1,4,16,26,10,Unfurnished,"['Swimming Pool', 'Security', 'Power Backup']",4.04,5,2740477.95
P25985,Mumbai,Independent House,1197,2,3,8,25,20,Fully Furnished,"['Swimming Pool', 'Club House', 'Garden', 'Wi-Fi']",3.64,10,27731337.32
P71724,Pune,Apartment,2301,5,2,15,26,11,Semi Furnished,"['Wi-Fi', 'Parking', 'Power Backup', 'Elevator', 'Swimming Pool', 'Club House']",4.15,2,45298301.76
P90889,Mumbai,Penthouse,558,3,3,9,21,1,Unfurnished,"['Wi-Fi', 'Power Backup', 'Club House', 'Garden']",8.25,7,31121096.86
P37480,Chennai,Villa,1996,1,4,17,19,2,Unfurnished,"['Power Backup', 'Wi-Fi', 'Gym']",5.88,6,45251091.38
P56962,Hyderabad,Penthouse,3535,2,4,2,5,17,Unfurnished,"['Wi-Fi', 'Club House', 'Swimming Pool', 'Security', 'Elevator', 'Garden']",4.94,6,34063095.57
P22097,Jaipur,Duplex,1808,5,3,12,15,16,Fully Furnished,"['Wi-Fi', 'Gym', 'Swimming Pool', 'Elevator', 'Power Backup']",5.81,4,2549561.11
P10834,Jaipur,Independent House,1255,1,4,7,14,5,Semi Furnished,"['Wi-Fi', 'Swimming Pool', 'Gym', 'Elevator', 'Power Backup', 'Parking']",5.4,3,31328424.15
P37642,Mumbai,Independent House,3886,3,2,8,19,0,Fully Furnished,"['Swimming Pool', 'Power Backup', 'Security', 'Garden']",5.2,6,44930546.21
P80992,Delhi,Villa,4207,2,2,10,7,10,Fully Furnished,"['Power Backup', 'Parking', 'Swimming Pool', 'Gym', 'Club House', 'Security']",4.95,5,28895245.31
P85522,Delhi,Studio,587,5,1,20,21,13,Semi Furnished,"['Security', 'Power Backup', 'Gym']",1.45,4,46801626.62
P101454,Chandigarh,Penthouse,1678,3,1,17,13,3,Fully Furnished,"['Security', 'Parking', 'Wi-Fi']",7.4,9,13504206.18
P10683,Ahmedabad,Villa,4257,4,1,18,6,19,Unfurnished,"['Gym', 'Power Backup', 'Swimming Pool', 'Security']",3.38,8,28841596.21
P86368,Delhi,Studio,2248,3,1,20,13,18,Unfurnished,"['Power Backup', 'Security', 'Swimming Pool', 'Gym', 'Garden']",8.84,8,25271447.81
P48164,Delhi,Apartment,4299,2,2,1,21,3,Semi Furnished,"['Swimming Pool', 'Security', 'Power Backup', 'Garden', 'Gym']",7.61,6,40430212.66
P76034,Mumbai,Penthouse,1730,1,2,2,21,17,Semi Furnished,"['Power Backup', 'Swimming Pool', 'Wi-Fi', 'Parking', 'Elevator', 'Gym']",0.55,6,11667357.63
P105023,Ahmedabad,Studio,2098,5,2,18,16,15,Semi Furnished,"['Gym', 'Security', 'Parking']",6.34,10,18308176.16
P104504,Chennai,Duplex,943,4,4,4,23,3,Unfurnished,"['Gym', 'Club House', 'Garden', 'Power Backup', 'Security', 'Wi-Fi']",6.91,4,14717880.08
P77333,Bangalore,Apartment,1640,5,1,17,23,6,Fully Furnished,"['Gym', 'Garden', 'Elevator', 'Power Backup', 'Security', 'Club House']",1.35,5,15408675.29
P34518,Bangalore,Penthouse,1268,2,3,15,28,7,Unfurnished,"['Parking', 'Wi-Fi', 'Security', 'Swimming Pool']",2.42,4,44486777.84
P93658,Pune,Penthouse,2485,2,3,6,27,10,Unfurnished,"['Club House', 'Security', 'Elevator']",3.32,1,16424132.44
P104999,Jaipur,Independent House,2623,2,4,9,20,8,Fully Furnished,"['Gym', 'Swimming Pool', 'Garden', 'Wi-Fi', 'Power Backup', 'Club House']",2.84,9,2979297.41
P46488,Jaipur,Duplex,3782,3,4,18,10,12,Fully Furnished,"['Parking', 'Elevator', 'Wi-Fi', 'Swimming Pool', 'Security']",8.01,4,42273947.82
P44582,Ahmedabad,Villa,1741,5,1,20,19,20,Fully Furnished,"['Gym', 'Parking', 'Power Backup']",0.86,6,29288138.03
P88323,Mumbai,Villa,4019,1,1,5,11,1,Unfurnished,"['Power Backup', 'Garden', 'Parking', 'Elevator']",1.58,2,38932328.17
P18861,Ahmedabad,Apartment,4132,1,4,2,10,20,Unfurnished,"['Parking', 'Elevator', 'Swimming Pool', 'Security']",2.42,2,43563649.35
P71706,Bangalore,Penthouse,4604,2,1,7,6,16,Semi Furnished,"['Elevator', 'Swimming Pool', 'Garden', 'Security']",6.46,2,37995647.38
P43359,Jaipur,Apartment,2894,3,2,6,29,10,Semi Furnished,"['Gym', 'Power Backup', 'Club House']",8.3,5,8990048.99
P26400,Kolkata,Penthouse,1574,5,4,11,5,2,Fully Furnished,"['Elevator', 'Parking', 'Wi-Fi']",4.88,9,14833861.87
P106019,Chandigarh,Villa,3026,3,1,15,12,17,Semi Furnished,"['Parking', 'Elevator', 'Garden', 'Security']",2.21,10,45466162.4
P73153,Kolkata,Duplex,3872,2,4,16,28,2,Fully Furnished,"['Swimming Pool', 'Garden', 'Gym']",8.65,10,41250749.34
P62806,Mumbai,Duplex,1717,3,3,19,18,7,Fully Furnished,"['Gym', 'Parking', 'Garden', 'Security', 'Power Backup', 'Club House']",6.96,7,29644962.74
P33629,Bangalore,Independent House,3669,3,2,10,10,20,Unfurnished,"['Gym', 'Security', 'Club House', 'Elevator', 'Power Backup']",4.64,2,10283858.29
P92135,Chennai,Independent House,2690,3,1,4,6,6,Semi Furnished,"['Wi-Fi', 'Elevator', 'Power Backup', 'Parking']",7.94,3,1133816.3
P64487,Mumbai,Villa,4764,3,2,15,11,7,Unfurnished,"['Club House', 'Garden', 'Power Backup']",9.79,8,49074762.11
P33807,Mumbai,Villa,3783,4,1,13,30,9,Fully Furnished,"['Wi-Fi', 'Garden', 'Elevator']",4.74,7,27677660.61
P26733,Kolkata,Studio,1601,3,3,13,12,1,Semi Furnished,"['Security', 'Elevator', 'Power Backup', 'Swimming Pool']",2.38,7,3863940.4
P80942,Chennai,Apartment,852,3,4,7,10,14,Semi Furnished,"['Club House', 'Garden', 'Swimming Pool']",8.1,10,23953058.82
P95639,Chennai,Independent House,3940,4,3,4,18,1,Unfurnished,"['Power Backup', 'Garden', 'Elevator', 'Club House', 'Swimming Pool']",0.51,3,16558958.03
P86565,Kolkata,Studio,4912,1,1,8,5,12,Semi Furnished,"['Security', 'Gym', 'Club House', 'Garden', 'Swimming Pool', 'Elevator']",2.92,7,41971484.17
P46294,Delhi,Duplex,2007,1,3,12,28,19,Semi Furnished,"['Parking', 'Swimming Pool', 'Club House', 'Elevator', 'Wi-Fi']",5.62,2,37275010.17
P84273,Ahmedabad,Penthouse,4024,1,4,7,20,5,Fully Furnished,"['Elevator', 'Club House', 'Security']",7.98,2,33301318.19
P91089,Pune,Independent House,2266,2,4,9,5,1,Unfurnished,"['Parking', 'Elevator', 'Power Backup']",5.51,6,44899165.82
P83832,Ahmedabad,Studio,2412,4,1,12,7,18,Semi Furnished,"['Parking', 'Power Backup', 'Gym', 'Elevator', 'Swimming Pool']",2.68,1,40041231.15
P85704,Pune,Apartment,2218,1,3,20,20,13,Semi Furnished,"['Wi-Fi', 'Security', 'Parking']",1.36,4,8787274.19
P96427,Pune,Duplex,3490,4,1,20,15,7,Fully Furnished,"['Club House', 'Elevator', 'Security']",2.78,7,38521160.9
P67549,Chandigarh,Penthouse,2642,4,3,13,26,9,Unfurnished,"['Garden', 'Gym', 'Power Backup', 'Club House', 'Security']",9.44,7,45149960.44
P34145,Jaipur,Penthouse,1664,5,3,6,23,18,Unfurnished,"['Elevator', 'Security', 'Gym', 'Power Backup', 'Parking', 'Club House']",9.84,10,18427647.18
P44881,Mumbai,Villa,3504,3,3,19,12,6,Semi Furnished,"['Swimming Pool', 'Security', 'Wi-Fi', 'Garden', 'Club House', 'Power Backup']",7.7,6,17628384.14
P35342,Bangalore,Studio,3271,5,1,18,30,10,Semi Furnished,"['Security', 'Swimming Pool', 'Elevator']",0.83,7,3444756.31
P91929,Delhi,Apartment,2131,1,1,12,16,12,Semi Furnished,"['Club House', 'Power Backup', 'Parking', 'Security', 'Elevator', 'Gym']",6.78,1,30985342.48
P14201,Jaipur,Studio,747,2,3,12,16,9,Semi Furnished,"['Swimming Pool', 'Elevator', 'Security', 'Club House', 'Wi-Fi']",7.6,5,14976085.06
P106434,Kolkata,Penthouse,3355,3,2,16,10,9,Semi Furnished,"['Swimming Pool', 'Wi-Fi', 'Club House', 'Power Backup', 'Elevator']",8.27,2,32533440.03
P100143,Pune,Penthouse,3469,2,3,15,8,16,Fully Furnished,"['Security', 'Parking', 'Swimming Pool']",9.43,4,9476384.61
P28948,Mumbai,Independent House,3222,5,4,7,23,2,Unfurnished,"['Gym', 'Elevator', 'Security', 'Swimming Pool']",4.66,3,18101008.48
P70911,Ahmedabad,Villa,853,5,2,18,24,15,Unfurnished,"['Gym', 'Swimming Pool', 'Parking', 'Wi-Fi', 'Security']",9.02,10,2596669.56
P45464,Ahmedabad,Duplex,2919,4,2,19,12,7,Fully Furnished,"['Security', 'Elevator', 'Club House', 'Power Backup', 'Gym']",6.37,3,27206870.03
P38063,Chennai,Independent House,958,4,4,16,14,10,Semi Furnished,"['Swimming Pool', 'Gym', 'Power Backup']",3.36,7,6523044.06
P109930,Delhi,Studio,1752,5,3,19,27,6,Fully Furnished,"['Elevator', 'Garden', 'Swimming Pool', 'Wi-Fi']",5.59,8,31836217.87
P13358,Kolkata,Duplex,3096,1,3,2,27,6,Unfurnished,"['Swimming Pool', 'Parking', 'Power Backup']",8.51,1,4608498.33
P48730,Hyderabad,Duplex,1835,1,3,18,27,7,Fully Furnished,"['Swimming Pool', 'Garden', 'Elevator', 'Security', 'Wi-Fi', 'Parking']",5.22,7,25470473.32
P29803,Kolkata,Studio,1228,5,1,5,10,15,Unfurnished,"['Security', 'Gym', 'Power Backup', 'Garden']",2.21,9,24339469.98
P72012,Jaipur,Studio,3547,1,2,12,21,14,Fully Furnished,"['Parking', 'Gym', 'Power Backup', 'Garden', 'Club House', 'Elevator']",8.42,1,26055629.47
P19519,Jaipur,Penthouse,2139,1,1,19,11,7,Unfurnished,"['Parking', 'Club House', 'Garden']",3.46,8,47551366.54
P105682,Pune,Independent House,4830,5,1,17,11,0,Fully Furnished,"['Garden', 'Security', 'Gym', 'Elevator']",8.17,5,1388398.29
P82212,Ahmedabad,Villa,3212,5,4,20,19,20,Fully Furnished,"['Gym', 'Club House', 'Elevator', 'Wi-Fi']",7.77,3,18647237.22
P91417,Ahmedabad,Villa,1742,4,4,3,7,4,Fully Furnished,"['Garden', 'Elevator', 'Club House']",2.98,3,33131970.18
P73110,Jaipur,Duplex,3662,4,4,3,20,4,Semi Furnished,"['Garden', 'Swimming Pool', 'Security', 'Elevator']",9.34,5,26186369.89
P14009,Chennai,Villa,2619,5,2,17,25,6,Fully Furnished,"['Power Backup', 'Club House', 'Swimming Pool']",8.88,3,42141468.26
P80620,Kolkata,Apartment,2018,3,2,10,7,7,Semi Furnished,"['Garden', 'Club House', 'Gym', 'Security']",5.57,3,21470448.66
P11049,Delhi,Apartment,1905,5,4,16,11,8,Fully Furnished,"['Wi-Fi', 'Garden', 'Gym', 'Club House', 'Swimming Pool']",4.09,3,29609601.21
P108088,Delhi,Penthouse,2480,2,4,18,7,11,Unfurnished,"['Parking', 'Power Backup', 'Club House', 'Wi-Fi', 'Gym']",2.28,6,27096815.22
P19409,Ahmedabad,Penthouse,3111,3,1,13,5,18,Fully Furnished,"['Security', 'Swimming Pool', 'Wi-Fi', 'Elevator', 'Power Backup', 'Parking']",9.79,2,2465608.54
P11831,Bangalore,Villa,1240,2,2,16,18,8,Semi Furnished,"['Power Backup', 'Wi-Fi', 'Gym']",2.05,5,31001188.29
P49618,Kolkata,Duplex,3906,1,2,12,28,5,Fully Furnished,"['Club House', 'Parking', 'Power Backup']",8.41,1,19414929.84
P109672,Kolkata,Duplex,3316,1,3,2,18,10,Semi Furnished,"['Club House', 'Garden', 'Security']",1.95,5,18346052.31
P86045,Kolkata,Studio,1092,5,3,14,23,11,Unfurnished,"['Swimming Pool', 'Parking', 'Gym', 'Wi-Fi', 'Power Backup', 'Club House']",9.98,8,7014346.21
P108589,Delhi,Studio,870,2,2,11,24,3,Semi Furnished,"['Gym', 'Security', 'Club House', 'Parking', 'Wi-Fi', 'Elevator']",3.09,3,44969531.9
P65624,Pune,Studio,2403,1,3,19,6,5,Unfurnished,"['Wi-Fi', 'Swimming Pool', 'Parking', 'Elevator']",7.79,9,41303018.02
P85549,Bangalore,Duplex,2790,4,1,5,13,1,Unfurnished,"['Swimming Pool', 'Garden', 'Gym', 'Parking', 'Club House', 'Security']",1.83,9,45290895.08
P50849,Ahmedabad,Apartment,1379,1,3,12,30,6,Unfurnished,"['Wi-Fi', 'Security', 'Gym', 'Swimming Pool', 'Garden']",0.9,1,19423630.7
P107816,Bangalore,Villa,4538,5,3,5,5,8,Fully Furnished,"['Wi-Fi', 'Swimming Pool', 'Gym', 'Security']",4.54,5,40095542.06
P20882,Jaipur,Independent House,3136,4,4,1,20,19,Unfurnished,"['Parking', 'Garden', 'Elevator', 'Wi-Fi', 'Power Backup', 'Club House']",2.16,6,22371426.54
P89063,Chandigarh,Villa,4702,5,2,10,16,6,Unfurnished,"['Parking', 'Security', 'Swimming Pool', 'Club House', 'Gym', 'Wi-Fi']",1.93,4,984223.76
P69322,Kolkata,Duplex,3205,5,4,19,20,8,Fully Furnished,"['Elevator', 'Gym', 'Wi-Fi', 'Parking', 'Power Backup']",2.39,9,11317550.8
P67817,Bangalore,Duplex,999,1,4,8,28,3,Fully Furnished,"['Elevator', 'Parking', 'Power Backup', 'Swimming Pool']",7.32,8,3074654.23
P56092,Bangalore,Studio,4890,2,2,10,21,1,Semi Furnished,"['Club House', 'Power Backup', 'Elevator', 'Swimming Pool', 'Garden', 'Wi-Fi']",7.25,10,15639135.61
P41499,Chennai,Duplex,2451,1,3,7,19,2,Semi Furnished,"['Parking', 'Wi-Fi', 'Club House', 'Gym']",7.51,3,49290042.81
P16634,Bangalore,Duplex,1009,5,1,11,18,4,Fully Furnished,"['Parking', 'Security', 'Wi-Fi']",7.27,2,29786310.51
P17386,Hyderabad,Villa,4435,2,1,4,21,4,Semi Furnished,"['Club House', 'Elevator', 'Security', 'Gym', 'Parking', 'Power Backup']",6.33,9,44546405.36
P24217,Pune,Duplex,3547,1,3,5,12,10,Unfurnished,"['Power Backup', 'Club House', 'Swimming Pool']",8.65,9,43476978.45
P88095,Chennai,Apartment,2802,4,2,5,13,10,Semi Furnished,"['Swimming Pool', 'Wi-Fi', 'Security', 'Garden', 'Parking']",8.17,3,26183521.79
P35154,Chandigarh,Duplex,2230,4,2,10,26,15,Fully Furnished,"['Wi-Fi', 'Garden', 'Elevator']",2.16,10,31346101.17
P52836,Delhi,Penthouse,3558,1,1,14,30,2,Fully Furnished,"['Wi-Fi', 'Gym', 'Swimming Pool', 'Garden', 'Security', 'Power Backup']",5.07,5,13491706.8
P14272,Ahmedabad,Duplex,3959,2,4,19,23,9,Semi Furnished,"['Gym', 'Elevator', 'Club House', 'Garden', 'Power Backup']",6.28,6,48918204.62
P40382,Hyderabad,Studio,4537,3,1,9,22,3,Fully Furnished,"['Security', 'Parking', 'Swimming Pool', 'Wi-Fi', 'Gym', 'Garden']",7.99,8,42077368.78
P16878,Kolkata,Penthouse,1736,2,1,8,12,17,Semi Furnished,"['Gym', 'Club House', 'Garden', 'Wi-Fi']",7.82,1,2129501.52
P71861,Jaipur,Villa,4839,3,1,14,25,16,Fully Furnished,"['Garden', 'Gym', 'Parking']",6.77,5,26642533.71
P50297,Hyderabad,Apartment,4011,2,3,17,20,11,Unfurnished,"['Swimming Pool', 'Power Backup', 'Garden', 'Gym']",7.11,4,16302774.95
P51133,Hyderabad,Penthouse,4976,4,4,2,14,5,Fully Furnished,"['Gym', 'Power Backup', 'Club House', 'Parking', 'Garden', 'Swimming Pool']",5.91,10,13467599.22
P49894,Bangalore,Apartment,4775,3,1,13,19,7,Fully Furnished,"['Garden', 'Elevator', 'Power Backup', 'Swimming Pool', 'Wi-Fi']",5.4,9,25264306.3
P43260,Chandigarh,Duplex,1648,5,4,3,18,17,Unfurnished,"['Security', 'Garden', 'Gym', 'Parking', 'Club House', 'Swimming Pool']",2.22,1,23004161.51
P98122,Pune,Penthouse,1455,2,2,14,22,17,Semi Furnished,"['Parking', 'Gym', 'Garden', 'Power Backup']",5.23,2,42651229.64
P45198,Chandigarh,Villa,2776,2,2,18,28,3,Fully Furnished,"['Elevator', 'Parking', 'Club House', 'Power Backup', 'Gym']",1.19,9,38480906.56
P30600,Ahmedabad,Studio,3284,5,3,16,23,10,Unfurnished,"['Garden', 'Security', 'Power Backup', 'Parking', 'Swimming Pool']",9.36,4,16689119.17
P30058,Mumbai,Independent House,3620,4,2,1,27,12,Unfurnished,"['Elevator', 'Power Backup', 'Security', 'Gym', 'Swimming Pool']",4.75,5,22033922.39
P44478,Chandigarh,Penthouse,965,5,1,20,19,5,Semi Furnished,"['Parking', 'Wi-Fi', 'Security', 'Elevator', 'Garden', 'Gym']",9.34,3,12869057.57
P28323,Chandigarh,Apartment,4351,1,2,13,29,11,Fully Furnished,"['Security', 'Club House', 'Elevator']",1.27,9,46797419.29
P67019,Hyderabad,Apartment,1045,4,4,2,20,3,Semi Furnished,"['Security', 'Wi-Fi', 'Club House', 'Garden', 'Parking']",7.66,4,43890238.64
P80502,Delhi,Villa,1176,3,1,3,23,5,Fully Furnished,"['Security', 'Club House', 'Swimming Pool', 'Wi-Fi', 'Parking', 'Gym']",6.14,2,13176002.27
P39258,Mumbai,Apartment,1242,2,3,4,28,20,Semi Furnished,"['Security', 'Parking', 'Power Backup']",5.79,5,20599837.87
P38604,Ahmedabad,Independent House,2720,2,1,13,26,12,Semi Furnished,"['Gym', 'Swimming Pool', 'Elevator', 'Garden', 'Wi-Fi', 'Power Backup']",4.82,1,36288977.69
P79115,Ahmedabad,Independent House,2994,5,4,5,13,1,Fully Furnished,"['Gym', 'Wi-Fi', 'Club House']",9.74,8,48076102.19
P98199,Delhi,Independent House,2481,3,1,18,21,10,Semi Furnished,"['Swimming Pool', 'Elevator', 'Wi-Fi', 'Garden', 'Parking']",8.36,3,4824114.61
P32255,Pune,Studio,1484,4,2,19,24,1,Fully Furnished,"['Gym', 'Elevator', 'Security', 'Wi-Fi', 'Garden']",3.75,6,27863638.71
P103556,Jaipur,Studio,4730,2,2,14,27,18,Fully Furnished,"['Gym', 'Wi-Fi', 'Club House', 'Parking', 'Security']",3.79,2,12295360.04
P73434,Mumbai,Apartment,3241,3,1,13,28,18,Semi Furnished,"['Security', 'Garden', 'Swimming Pool', 'Elevator', 'Parking', 'Gym']",5.47,7,5291959.99
P48350,Kolkata,Apartment,2635,1,2,6,11,15,Fully Furnished,"['Elevator', 'Power Backup', 'Club House', 'Garden']",4.82,2,23063422.35
P75184,Delhi,Apartment,2046,3,4,7,28,11,Semi Furnished,"['Gym', 'Power Backup', 'Garden']",4.54,5,9719586.58
P59785,Chennai,Apartment,4206,4,3,13,21,6,Semi Furnished,"['Wi-Fi', 'Elevator', 'Gym']",2.89,4,34875051.4
P104498,Bangalore,Independent House,2009,1,1,8,16,2,Fully Furnished,"['Security', 'Parking', 'Swimming Pool']",9.84,2,39802093.17
P44063,Chennai,Apartment,3613,2,1,5,25,18,Fully Furnished,"['Swimming Pool', 'Power Backup', 'Elevator', 'Wi-Fi']",6.16,7,19905875.75
P80370,Kolkata,Independent House,566,1,1,18,13,16,Semi Furnished,"['Club House', 'Parking', 'Elevator', 'Wi-Fi']",1.64,6,13299981.55
P63660,Chennai,Studio,3658,2,1,8,21,7,Semi Furnished,"['Parking', 'Elevator', 'Swimming Pool', 'Gym', 'Wi-Fi']",3.18,5,29186474.17
P34747,Ahmedabad,Duplex,4729,3,4,4,17,5,Unfurnished,"['Wi-Fi', 'Parking', 'Elevator']",7.78,5,49922150.84
P35173,Mumbai,Penthouse,1625,4,1,19,29,17,Fully Furnished,"['Gym', 'Club House', 'Elevator', 'Garden', 'Security']",2.76,5,30808217.12
P30037,Chennai,Penthouse,1771,2,3,10,21,12,Unfurnished,"['Wi-Fi', 'Power Backup', 'Club House', 'Elevator']",3.67,7,14588919.44
P26310,Ahmedabad,Independent House,1225,1,3,4,16,0,Unfurnished,"['Club House', 'Security', 'Wi-Fi', 'Swimming Pool', 'Gym', 'Power Backup']",8.35,8,12912013.04
P37739,Chandigarh,Duplex,4547,1,2,11,10,11,Semi Furnished,"['Club House', 'Garden', 'Security']",5.46,3,18830210.04
P96028,Bangalore,Studio,4796,3,3,6,22,4,Semi Furnished,"['Swimming Pool', 'Elevator', 'Wi-Fi', 'Garden', 'Security']",8.79,9,9126396.44
P37199,Bangalore,Duplex,1201,5,2,2,14,6,Semi Furnished,"['Elevator', 'Parking', 'Wi-Fi']",1.55,10,5844653.57
P103586,Kolkata,Villa,959,2,1,8,12,2,Semi Furnished,"['Wi-Fi', 'Parking', 'Power Backup', 'Club House']",2.09,10,5628194.91
P48872,Delhi,Independent House,2926,2,3,3,6,8,Fully Furnished,"['Security', 'Garden', 'Swimming Pool', 'Elevator', 'Wi-Fi']",1.91,4,31145476.52
P21496,Hyderabad,Independent House,4652,1,4,10,15,4,Unfurnished,"['Wi-Fi', 'Power Backup', 'Garden', 'Security']",1.75,3,6538371.28
P16265,Bangalore,Duplex,3407,2,2,7,25,9,Fully Furnished,"['Garden', 'Power Backup', 'Wi-Fi', 'Security']",1.47,4,40920390
P109590,Ahmedabad,Independent House,4615,4,1,19,8,6,Unfurnished,"['Garden', 'Swimming Pool', 'Security', 'Club House']",6.4,2,3682017.64
P58988,Chandigarh,Apartment,3989,5,3,19,25,0,Fully Furnished,"['Parking', 'Wi-Fi', 'Swimming Pool']",5.02,6,21145736.44
P100504,Delhi,Independent House,3669,3,4,3,13,2,Fully Furnished,"['Power Backup', 'Security', 'Garden', 'Elevator']",0.95,6,4326913.63
P106331,Jaipur,Apartment,4124,3,4,6,9,20,Fully Furnished,"['Gym', 'Elevator', 'Wi-Fi', 'Club House', 'Swimming Pool', 'Security']",8.82,6,38673043.32
P108278,Delhi,Duplex,1756,5,4,12,15,18,Semi Furnished,"['Power Backup', 'Elevator', 'Swimming Pool', 'Parking']",3.2,10,44467457.51
P97633,Chennai,Duplex,1167,5,2,13,19,8,Semi Furnished,"['Club House', 'Security', 'Garden', 'Elevator', 'Swimming Pool', 'Power Backup']",7.16,7,40996752.4
P59213,Delhi,Independent House,2855,5,1,10,8,8,Unfurnished,"['Club House', 'Swimming Pool', 'Elevator', 'Garden', 'Wi-Fi', 'Parking']",3.6,9,12555363.7
P40074,Hyderabad,Villa,2579,4,1,6,30,5,Fully Furnished,"['Wi-Fi', 'Power Backup', 'Security', 'Swimming Pool']",3.01,6,27751751.22
P25495,Ahmedabad,Studio,2101,5,3,14,5,13,Semi Furnished,"['Security', 'Wi-Fi', 'Elevator', 'Swimming Pool', 'Club House']",8.83,4,3401254.38
P104489,Delhi,Independent House,655,2,3,9,24,4,Fully Furnished,"['Elevator', 'Security', 'Wi-Fi', 'Swimming Pool', 'Garden', 'Gym']",4.76,6,15392863.09
P23585,Mumbai,Apartment,3714,5,4,19,25,7,Fully Furnished,"['Gym', 'Swimming Pool', 'Club House', 'Wi-Fi']",8.87,2,32405849.58
P81352,Hyderabad,Villa,3656,2,4,20,15,12,Fully Furnished,"['Security', 'Elevator', 'Club House', 'Swimming Pool']",6.25,1,24164324.96
P70073,Hyderabad,Apartment,4755,3,4,8,7,13,Unfurnished,"['Elevator', 'Club House', 'Swimming Pool']",1.54,4,17054368.24
P43870,Ahmedabad,Villa,2252,5,3,4,27,0,Fully Furnished,"['Garden', 'Security', 'Swimming Pool', 'Parking', 'Club House', 'Power Backup']",3.37,8,40556135.65
P32295,Mumbai,Villa,2965,5,1,15,25,12,Fully Furnished,"['Wi-Fi', 'Club House', 'Power Backup', 'Gym', 'Security']",5.87,7,23358076.87
P68726,Chandigarh,Penthouse,2777,1,1,20,26,17,Unfurnished,"['Elevator', 'Garden', 'Power Backup', 'Wi-Fi', 'Swimming Pool', 'Parking']",2.06,4,45564934.03
P75122,Mumbai,Penthouse,548,5,3,3,23,14,Unfurnished,"['Wi-Fi', 'Power Backup', 'Parking', 'Garden', 'Gym']",1.36,8,35678312.98
P76183,Pune,Duplex,3455,4,2,14,29,6,Unfurnished,"['Power Backup', 'Swimming Pool', 'Wi-Fi']",2.6,5,28122026.23
P37924,Chennai,Apartment,1954,3,4,16,17,10,Semi Furnished,"['Club House', 'Power Backup', 'Gym']",9.23,8,43167849.62
P69274,Hyderabad,Apartment,4990,2,3,2,30,9,Fully Furnished,"['Wi-Fi', 'Power Backup', 'Gym', 'Garden', 'Swimming Pool']",8.77,7,39336059.81
P82719,Jaipur,Duplex,598,2,3,3,25,3,Semi Furnished,"['Power Backup', 'Elevator', 'Garden', 'Parking']",3.81,7,15512667.49
P66147,Pune,Villa,2927,1,4,20,19,1,Unfurnished,"['Power Backup', 'Elevator', 'Club House', 'Swimming Pool', 'Security', 'Parking']",4.27,10,47927814.2
P40886,Chandigarh,Penthouse,1367,5,1,3,11,16,Fully Furnished,"['Parking', 'Security', 'Gym', 'Club House', 'Wi-Fi', 'Elevator']",6.67,2,11490658.94
P80134,Jaipur,Villa,4276,2,4,3,22,17,Semi Furnished,"['Swimming Pool', 'Power Backup', 'Gym', 'Club House']",0.84,3,15063310.47
P78194,Chandigarh,Duplex,1853,2,3,10,14,8,Fully Furnished,"['Elevator', 'Power Backup', 'Swimming Pool']",6.2,1,46555873.22
P82181,Mumbai,Studio,4014,4,3,20,17,13,Fully Furnished,"['Elevator', 'Garden', 'Swimming Pool', 'Gym', 'Power Backup', 'Security']",7.53,5,38119337.95
P51764,Chandigarh,Studio,667,4,1,11,22,6,Fully Furnished,"['Power Backup', 'Gym', 'Club House', 'Wi-Fi', 'Security']",6.75,3,35054661.07
P50780,Pune,Apartment,1217,2,1,16,5,11,Unfurnished,"['Elevator', 'Security', 'Wi-Fi', 'Power Backup', 'Garden']",1.74,5,5088033.12
P55319,Pune,Duplex,3108,4,1,2,25,17,Fully Furnished,"['Club House', 'Garden', 'Swimming Pool', 'Security', 'Wi-Fi', 'Gym']",7.82,8,22632034.19
P91651,Mumbai,Independent House,1021,4,2,12,11,2,Semi Furnished,"['Gym', 'Swimming Pool', 'Security', 'Elevator', 'Garden']",7.46,6,38563114.57
P26189,Ahmedabad,Independent House,3378,4,3,13,29,19,Fully Furnished,"['Wi-Fi', 'Elevator', 'Security', 'Power Backup', 'Club House']",7.19,2,5552462.06
P28189,Jaipur,Studio,505,4,3,5,17,20,Fully Furnished,"['Power Backup', 'Swimming Pool', 'Garden']",3.05,2,42561693.81
P35826,Mumbai,Duplex,1304,3,3,20,5,1,Fully Furnished,"['Wi-Fi', 'Club House', 'Garden', 'Power Backup', 'Gym', 'Parking']",1.71,10,7379777.49
P97473,Chennai,Studio,3414,3,4,15,10,8,Fully Furnished,"['Garden', 'Club House', 'Security', 'Gym']",5.33,8,46351689.65
P65749,Jaipur,Duplex,1682,5,2,3,7,7,Fully Furnished,"['Club House', 'Gym', 'Parking', 'Swimming Pool']",6.41,5,43561982.33
P93402,Chandigarh,Apartment,3821,1,1,19,15,20,Semi Furnished,"['Swimming Pool', 'Elevator', 'Garden', 'Wi-Fi', 'Club House', 'Power Backup']",1.59,9,16873864.71
P65091,Pune,Apartment,4282,2,4,4,7,16,Semi Furnished,"['Elevator', 'Gym', 'Parking']",6.8,4,27387821.43
P32305,Pune,Villa,1499,1,4,6,24,14,Fully Furnished,"['Club House', 'Elevator', 'Garden', 'Swimming Pool']",1.24,1,29161365.38
P92789,Kolkata,Independent House,3789,4,1,3,12,18,Semi Furnished,"['Swimming Pool', 'Power Backup', 'Wi-Fi', 'Security', 'Elevator']",8.87,6,34259177.93
P64496,Ahmedabad,Apartment,1395,3,1,2,6,18,Fully Furnished,"['Parking', 'Gym', 'Elevator', 'Power Backup']",1.22,5,25876143.76
P14480,Pune,Studio,2401,4,3,14,24,3,Unfurnished,"['Gym', 'Power Backup', 'Wi-Fi', 'Security', 'Swimming Pool', 'Club House']",6.84,3,49936093.5
P48097,Chandigarh,Duplex,1795,3,4,7,15,15,Semi Furnished,"['Gym', 'Swimming Pool', 'Wi-Fi']",8.6,2,1887786.72
P93654,Chennai,Independent House,3818,2,2,2,17,14,Semi Furnished,"['Security', 'Parking', 'Garden', 'Swimming Pool', 'Gym']",2.32,1,11481230.88
P79392,Ahmedabad,Independent House,3883,5,4,19,7,0,Fully Furnished,"['Gym', 'Swimming Pool', 'Garden']",0.87,5,26152751.5
P86094,Ahmedabad,Apartment,1259,2,3,9,29,19,Unfurnished,"['Wi-Fi', 'Gym', 'Swimming Pool', 'Security']",6.47,1,35792558.95
P28909,Hyderabad,Studio,4784,5,2,10,23,10,Unfurnished,"['Security', 'Wi-Fi', 'Club House', 'Parking', 'Garden']",9.6,7,37589414.69
P70933,Chandigarh,Penthouse,3644,2,1,19,27,0,Semi Furnished,"['Security', 'Gym', 'Parking', 'Swimming Pool']",5.39,6,16207276.76
P99291,Hyderabad,Apartment,2718,4,2,20,24,3,Fully Furnished,"['Security', 'Club House', 'Parking']",3.07,1,15371007.77
P46546,Jaipur,Penthouse,1251,3,4,13,15,11,Semi Furnished,"['Wi-Fi', 'Gym', 'Swimming Pool', 'Parking', 'Elevator', 'Security']",6.37,9,22024472.06
P101184,Delhi,Studio,4945,2,3,17,23,12,Semi Furnished,"['Security', 'Wi-Fi', 'Elevator', 'Club House']",7.74,1,14156657.52
P90072,Bangalore,Villa,506,5,3,7,10,8,Unfurnished,"['Parking', 'Garden', 'Wi-Fi', 'Security']",7.48,3,39470531.75
P59783,Chennai,Studio,3332,1,2,2,5,3,Semi Furnished,"['Elevator', 'Gym', 'Club House', 'Garden', 'Swimming Pool']",5.69,7,18938843.25
P82119,Jaipur,Independent House,2859,2,3,8,11,0,Fully Furnished,"['Power Backup', 'Security', 'Swimming Pool', 'Club House']",4.65,5,16625518.16
P27328,Bangalore,Duplex,3762,5,1,18,30,0,Fully Furnished,"['Swimming Pool', 'Wi-Fi', 'Gym', 'Power Backup']",3.81,4,46980939.22
P34486,Mumbai,Penthouse,3113,1,1,12,14,19,Semi Furnished,"['Elevator', 'Power Backup', 'Garden', 'Wi-Fi']",4.96,2,47957058.57
P41868,Pune,Studio,2087,4,2,13,29,20,Unfurnished,"['Gym', 'Club House', 'Parking', 'Garden']",5.78,2,23143374.49
P109271,Mumbai,Penthouse,2140,5,2,8,27,13,Unfurnished,"['Security', 'Garden', 'Club House', 'Parking', 'Elevator']",6.49,3,49525245.48
P83312,Chennai,Villa,1600,3,2,3,23,15,Fully Furnished,"['Parking', 'Security', 'Club House']",7.99,4,6711010.27
P94929,Bangalore,Apartment,4871,5,3,17,7,9,Unfurnished,"['Parking', 'Elevator', 'Security']",8.98,5,45110851.37
P89592,Jaipur,Duplex,4153,3,4,18,12,1,Unfurnished,"['Club House', 'Parking', 'Garden', 'Gym', 'Security']",6.32,8,7667101.21
P70989,Hyderabad,Apartment,2584,1,1,2,19,14,Fully Furnished,"['Security', 'Power Backup', 'Garden', 'Club House', 'Swimming Pool', 'Parking']",6.11,1,39453620.55
P77342,Bangalore,Duplex,2203,3,4,17,19,14,Semi Furnished,"['Club House', 'Security', 'Swimming Pool']",8.81,7,12577960.67
P62106,Mumbai,Villa,1567,1,1,1,14,7,Unfurnished,"['Elevator', 'Gym', 'Garden', 'Security', 'Swimming Pool', 'Power Backup']",9.24,3,10924172.43
P44514,Kolkata,Independent House,2704,4,3,4,30,12,Unfurnished,"['Club House', 'Swimming Pool', 'Security']",7.08,10,22429858.79
P13943,Mumbai,Studio,3345,3,1,6,13,9,Fully Furnished,"['Parking', 'Gym', 'Wi-Fi', 'Club House', 'Elevator']",8.96,4,22943657.44
P82528,Ahmedabad,Studio,1191,2,3,5,25,11,Unfurnished,"['Swimming Pool', 'Power Backup', 'Parking', 'Security', 'Wi-Fi']",4.55,5,14561146.71
P26632,Mumbai,Apartment,2503,1,1,10,7,2,Semi Furnished,"['Swimming Pool', 'Elevator', 'Power Backup', 'Gym']",5.91,7,30756481.69
P107057,Bangalore,Studio,2500,5,1,8,17,0,Semi Furnished,"['Elevator', 'Swimming Pool', 'Power Backup', 'Gym', 'Club House']",1.14,8,21879588.49
P32154,Ahmedabad,Independent House,2285,1,4,19,27,6,Unfurnished,"['Elevator', 'Parking', 'Club House', 'Wi-Fi', 'Gym', 'Swimming Pool']",3.3,8,12729316.05
P78289,Bangalore,Duplex,937,3,4,9,22,1,Unfurnished,"['Gym', 'Security', 'Garden']",6.76,10,12687407.45
P95531,Pune,Studio,3972,2,3,15,11,18,Unfurnished,"['Power Backup', 'Club House', 'Security', 'Elevator']",4.69,2,18672533.89
P104495,Chennai,Independent House,1615,2,3,4,11,13,Semi Furnished,"['Club House', 'Gym', 'Swimming Pool']",8.24,10,22389632.73
P70161,Jaipur,Penthouse,4116,3,2,6,14,12,Fully Furnished,"['Power Backup', 'Garden', 'Club House', 'Wi-Fi']",2.45,7,27133767.49
P18584,Pune,Apartment,2422,3,1,1,24,6,Fully Furnished,"['Security', 'Gym', 'Club House', 'Elevator']",6.29,5,5511076.36
P90301,Chennai,Apartment,664,1,2,7,5,18,Fully Furnished,"['Power Backup', 'Wi-Fi', 'Club House', 'Gym', 'Swimming Pool', 'Garden']",2.67,2,19693839.26
P85020,Kolkata,Villa,1111,5,3,7,9,6,Semi Furnished,"['Swimming Pool', 'Power Backup', 'Security']",3.46,10,3779252.61
P88537,Bangalore,Studio,4474,4,1,4,8,15,Fully Furnished,"['Club House', 'Elevator', 'Gym', 'Power Backup', 'Wi-Fi', 'Parking']",9.44,6,26997521.71
P20311,Chennai,Studio,1485,2,1,4,27,13,Semi Furnished,"['Wi-Fi', 'Garden', 'Swimming Pool', 'Gym']",2.45,1,13561548.95
P44490,Bangalore,Penthouse,4115,2,1,1,6,3,Fully Furnished,"['Parking', 'Wi-Fi', 'Security', 'Garden', 'Club House']",1.3,1,18167957.98
P19260,Hyderabad,Villa,2315,4,2,9,28,4,Unfurnished,"['Security', 'Wi-Fi', 'Gym', 'Elevator', 'Parking']",7.85,4,41971011.27
P32661,Pune,Apartment,851,5,2,4,5,18,Fully Furnished,"['Garden', 'Elevator', 'Wi-Fi']",1.93,8,48221214.05
P21137,Jaipur,Duplex,3180,2,1,10,21,12,Unfurnished,"['Wi-Fi', 'Swimming Pool', 'Power Backup', 'Club House', 'Gym']",3.08,1,5531543.49
P20540,Mumbai,Duplex,1462,2,2,16,24,4,Semi Furnished,"['Swimming Pool', 'Garden', 'Security', 'Gym', 'Club House']",4.53,1,48030728.91
P26238,Delhi,Duplex,2075,4,1,20,20,16,Semi Furnished,"['Wi-Fi', 'Security', 'Gym', 'Parking', 'Garden', 'Power Backup']",8.85,2,35925679.39
P83486,Hyderabad,Studio,3301,3,1,4,13,20,Semi Furnished,"['Club House', 'Security', 'Gym', 'Garden', 'Power Backup', 'Elevator']",4.16,3,41112782.88
P32957,Delhi,Penthouse,2309,2,3,14,29,8,Fully Furnished,"['Elevator', 'Parking', 'Garden', 'Security']",3.16,5,32089776.59
P26158,Mumbai,Apartment,3360,3,3,15,10,12,Unfurnished,"['Elevator', 'Club House', 'Gym']",7.48,6,35371835.51
P42650,Chandigarh,Apartment,3872,2,1,12,29,16,Fully Furnished,"['Swimming Pool', 'Garden', 'Club House', 'Parking', 'Wi-Fi', 'Elevator']",8.8,6,48039997.38
P90829,Ahmedabad,Penthouse,1669,4,2,16,18,9,Fully Furnished,"['Power Backup', 'Swimming Pool', 'Garden', 'Security', 'Elevator', 'Parking']",4.54,5,34054832.59
P27391,Jaipur,Penthouse,1801,3,2,13,5,11,Semi Furnished,"['Swimming Pool', 'Gym', 'Garden', 'Wi-Fi']",5.51,10,6024269.84
P85979,Pune,Studio,3325,3,4,10,28,11,Unfurnished,"['Parking', 'Security', 'Elevator', 'Power Backup', 'Gym']",2.35,5,29332038.98
P83337,Delhi,Penthouse,2255,3,2,3,12,11,Fully Furnished,"['Elevator', 'Gym', 'Garden', 'Swimming Pool']",6.73,6,15776417.05
P69167,Pune,Penthouse,3051,2,3,6,18,15,Unfurnished,"['Security', 'Power Backup', 'Elevator', 'Wi-Fi', 'Gym', 'Parking']",9.27,5,3407926.14
P34461,Delhi,Penthouse,1568,1,2,16,15,5,Fully Furnished,"['Power Backup', 'Elevator', 'Garden', 'Wi-Fi']",7.04,8,16398683.79
P76033,Hyderabad,Independent House,4660,4,4,8,21,20,Fully Furnished,"['Elevator', 'Parking', 'Garden']",2.57,6,954036.49
P100415,Chennai,Independent House,2314,4,4,3,16,0,Unfurnished,"['Club House', 'Security', 'Parking', 'Swimming Pool']",0.7,3,23200634.3
P94192,Bangalore,Penthouse,1898,5,3,16,30,8,Unfurnished,"['Club House', 'Gym', 'Wi-Fi', 'Elevator', 'Security']",6.32,9,18275904.69
P92784,Ahmedabad,Independent House,3358,5,3,15,21,2,Semi Furnished,"['Gym', 'Garden', 'Club House']",4.14,1,19531813.31
P73464,Chennai,Duplex,1972,5,1,14,13,9,Fully Furnished,"['Parking', 'Garden', 'Wi-Fi']",4.39,8,1483648.12
P91513,Hyderabad,Independent House,2646,5,3,11,29,6,Unfurnished,"['Security', 'Power Backup', 'Wi-Fi', 'Swimming Pool', 'Club House', 'Garden']",7.17,1,20651705.94
P13799,Bangalore,Independent House,1327,2,4,20,6,17,Unfurnished,"['Power Backup', 'Elevator', 'Gym']",1.31,1,23710260.58
P73687,Bangalore,Villa,3867,4,2,2,20,6,Unfurnished,"['Elevator', 'Power Backup', 'Club House', 'Gym']",6.24,4,37399665.46
P102616,Chennai,Apartment,2454,3,3,19,26,13,Unfurnished,"['Garden', 'Elevator', 'Gym', 'Security']",1.92,6,30982057.89
P72696,Jaipur,Studio,1093,5,3,4,10,16,Semi Furnished,"['Club House', 'Elevator', 'Garden', 'Wi-Fi', 'Swimming Pool']",0.51,3,17291757.48
P46392,Ahmedabad,Independent House,2611,4,1,12,22,0,Fully Furnished,"['Club House', 'Power Backup', 'Garden', 'Security', 'Gym']",8.31,6,3569323.02
P40640,Bangalore,Apartment,1521,1,1,14,25,2,Unfurnished,"['Club House', 'Gym', 'Elevator']",1.42,2,1923677.25
P57243,Hyderabad,Studio,3040,3,1,15,30,11,Unfurnished,"['Power Backup', 'Gym', 'Security', 'Swimming Pool', 'Club House']",8.8,8,44873151.97
P29683,Chennai,Studio,1135,4,2,13,17,15,Semi Furnished,"['Garden', 'Power Backup', 'Wi-Fi', 'Elevator', 'Security']",2.84,9,980103.95
P21816,Jaipur,Villa,4216,4,3,13,29,8,Semi Furnished,"['Wi-Fi', 'Gym', 'Parking', 'Club House']",8.76,10,46751101.26
P22246,Mumbai,Apartment,2025,4,2,5,15,3,Semi Furnished,"['Club House', 'Swimming Pool', 'Gym', 'Security', 'Parking']",4.72,1,12153895.16
P17576,Jaipur,Studio,3479,2,2,17,19,11,Semi Furnished,"['Swimming Pool', 'Elevator', 'Club House', 'Wi-Fi', 'Gym']",0.97,1,18621497.03
P51398,Pune,Studio,4866,4,1,12,15,13,Semi Furnished,"['Garden', 'Power Backup', 'Parking', 'Club House', 'Elevator']",2.82,9,1302930.67
P74314,Ahmedabad,Duplex,3074,1,1,11,11,1,Unfurnished,"['Security', 'Garden', 'Gym']",2.23,3,40104051.12
P37818,Chennai,Studio,644,5,3,2,22,7,Unfurnished,"['Gym', 'Garden', 'Parking', 'Club House', 'Elevator', 'Swimming Pool']",3.96,3,16925061.06
P26335,Ahmedabad,Penthouse,2424,2,1,12,18,8,Semi Furnished,"['Security', 'Wi-Fi', 'Garden']",9.47,9,41445374.87
P17978,Hyderabad,Apartment,581,2,1,12,27,0,Semi Furnished,"['Security', 'Elevator', 'Club House', 'Gym']",8.03,7,4664942.58
P44463,Delhi,Villa,2484,4,2,9,15,17,Fully Furnished,"['Garden', 'Security', 'Club House', 'Power Backup', 'Swimming Pool', 'Parking']",4.33,8,17417776.7
P85125,Hyderabad,Studio,2404,5,4,18,27,5,Unfurnished,"['Garden', 'Club House', 'Swimming Pool']",3.84,8,36537098.67
P45356,Pune,Penthouse,2522,2,1,13,30,7,Semi Furnished,"['Elevator', 'Power Backup', 'Swimming Pool', 'Wi-Fi', 'Garden', 'Security']",5.03,4,48682223.24
P22174,Hyderabad,Duplex,3305,3,1,3,9,17,Unfurnished,"['Swimming Pool', 'Garden', 'Wi-Fi', 'Parking']",7.83,4,20123312.68
P106916,Kolkata,Studio,3265,5,1,10,17,10,Semi Furnished,"['Garden', 'Wi-Fi', 'Swimming Pool']",9.19,10,10598423.43
P42574,Chennai,Independent House,4524,4,3,4,18,9,Semi Furnished,"['Swimming Pool', 'Security', 'Power Backup']",6.89,9,16687854.15
P38557,Chandigarh,Studio,3865,1,1,1,11,15,Semi Furnished,"['Swimming Pool', 'Club House', 'Security', 'Parking', 'Elevator', 'Power Backup']",0.61,8,46200269.48
P106323,Jaipur,Apartment,3055,4,4,2,8,8,Fully Furnished,"['Power Backup', 'Club House', 'Swimming Pool', 'Security', 'Gym']",9.87,1,44626674.81
P95877,Ahmedabad,Independent House,2914,4,1,5,25,4,Unfurnished,"['Garden', 'Security', 'Elevator', 'Power Backup', 'Wi-Fi', 'Parking']",0.96,1,49705164.57
P58417,Jaipur,Studio,3563,1,1,9,30,2,Semi Furnished,"['Swimming Pool', 'Wi-Fi', 'Gym']",5.24,6,48711939.71
P44859,Chennai,Penthouse,1999,1,2,1,23,20,Fully Furnished,"['Security', 'Garden', 'Parking', 'Gym', 'Elevator']",8.07,5,16259298.87
P107562,Chennai,Villa,2195,3,1,17,15,17,Unfurnished,"['Garden', 'Gym', 'Swimming Pool', 'Club House', 'Elevator', 'Parking']",7.43,3,26177040.86
P41591,Kolkata,Villa,581,1,2,5,19,12,Fully Furnished,"['Parking', 'Wi-Fi', 'Elevator']",4.53,9,44956154.65
P62058,Chennai,Studio,1573,5,4,20,17,10,Fully Furnished,"['Wi-Fi', 'Swimming Pool', 'Security', 'Power Backup', 'Garden']",8.9,7,48247025.6
P18058,Kolkata,Duplex,1283,3,2,4,18,16,Semi Furnished,"['Wi-Fi', 'Power Backup', 'Swimming Pool', 'Elevator']",5.98,5,2697482.54
P19150,Pune,Studio,1850,3,3,17,26,17,Unfurnished,"['Club House', 'Gym', 'Garden', 'Security', 'Power Backup']",6.18,6,16207196.22
P33790,Ahmedabad,Villa,1664,4,3,1,28,10,Semi Furnished,"['Security', 'Power Backup', 'Elevator', 'Parking', 'Garden']",3.74,4,12239097.83
P109030,Mumbai,Independent House,2758,3,3,7,15,4,Fully Furnished,"['Garden', 'Parking', 'Gym', 'Elevator', 'Swimming Pool']",1.66,1,43532532.72
P76784,Chandigarh,Apartment,4290,1,2,1,23,3,Semi Furnished,"['Swimming Pool', 'Security', 'Club House']",3.44,2,41238949.5
P43164,Mumbai,Apartment,2993,4,1,10,24,5,Fully Furnished,"['Power Backup', 'Wi-Fi', 'Club House']",3.95,2,24452510.73
P86689,Chandigarh,Villa,3760,3,2,15,23,2,Unfurnished,"['Security', 'Swimming Pool', 'Parking', 'Power Backup', 'Gym', 'Garden']",1.4,7,21367337.67
P13678,Bangalore,Duplex,4915,2,1,15,30,18,Unfurnished,"['Garden', 'Security', 'Elevator']",5.07,9,6966403.98
P108990,Chennai,Independent House,4302,4,4,20,17,2,Semi Furnished,"['Garden', 'Parking', 'Security']",4.36,4,11584468.16
P97551,Jaipur,Apartment,3698,3,4,5,28,11,Fully Furnished,"['Power Backup', 'Security', 'Swimming Pool', 'Wi-Fi', 'Gym']",3.13,3,6329516.01
P76154,Mumbai,Penthouse,572,3,4,15,9,1,Fully Furnished,"['Elevator', 'Wi-Fi', 'Swimming Pool', 'Security']",4.77,3,36934434.41
P11189,Delhi,Duplex,850,2,4,15,25,8,Semi Furnished,"['Swimming Pool', 'Security', 'Gym', 'Parking', 'Club House', 'Power Backup']",6.94,10,27437920.22
P88221,Bangalore,Studio,2985,2,1,8,16,19,Semi Furnished,"['Gym', 'Elevator', 'Power Backup', 'Garden', 'Parking', 'Security']",5.28,7,13086185.49
P62050,Ahmedabad,Independent House,3889,3,3,16,25,13,Fully Furnished,"['Garden', 'Swimming Pool', 'Wi-Fi']",9.78,3,6503095.79
P61898,Hyderabad,Apartment,1062,3,4,9,22,16,Unfurnished,"['Power Backup', 'Parking', 'Elevator']",8.28,9,42336860.28
P23622,Jaipur,Apartment,3120,3,4,6,16,4,Unfurnished,"['Garden', 'Security', 'Power Backup', 'Club House']",3.38,6,5004809.23
P99164,Chennai,Villa,887,3,1,9,9,3,Semi Furnished,"['Parking', 'Security', 'Power Backup']",5,7,2124513.33
P54971,Chennai,Independent House,4046,1,1,15,8,13,Semi Furnished,"['Power Backup', 'Swimming Pool', 'Wi-Fi', 'Elevator', 'Club House']",3.25,10,49096087.44
P99245,Mumbai,Studio,1453,5,1,1,19,15,Semi Furnished,"['Garden', 'Power Backup', 'Swimming Pool', 'Club House', 'Security']",1.57,4,21046061.32
P43662,Pune,Duplex,3793,3,3,11,25,17,Unfurnished,"['Wi-Fi', 'Swimming Pool', 'Parking', 'Security', 'Gym', 'Elevator']",2.83,1,24149632.02
P95006,Jaipur,Duplex,3428,4,3,19,27,1,Unfurnished,"['Security', 'Club House', 'Gym', 'Power Backup', 'Elevator']",3.93,3,43199540.74
P81387,Kolkata,Penthouse,3821,3,1,5,20,8,Unfurnished,"['Wi-Fi', 'Swimming Pool', 'Security', 'Garden', 'Club House', 'Elevator']",8.58,3,4995880.96
P76809,Bangalore,Penthouse,2287,4,4,19,29,3,Fully Furnished,"['Power Backup', 'Parking', 'Wi-Fi', 'Garden']",8.99,8,28819649.04
P42628,Ahmedabad,Duplex,556,5,3,13,7,17,Semi Furnished,"['Garden', 'Power Backup', 'Gym', 'Elevator']",8.45,3,4697046.2
P26736,Delhi,Penthouse,2829,3,3,4,7,0,Semi Furnished,"['Wi-Fi', 'Swimming Pool', 'Club House', 'Power Backup', 'Security', 'Parking']",4.08,8,24338795.76
P86276,Jaipur,Studio,4992,5,3,7,16,12,Unfurnished,"['Power Backup', 'Elevator', 'Wi-Fi']",4.18,8,7480229.05
P12099,Chandigarh,Independent House,2428,1,1,7,15,17,Fully Furnished,"['Gym', 'Power Backup', 'Security', 'Swimming Pool']",6.83,1,21505778.06
P34598,Pune,Independent House,4896,4,1,4,10,4,Unfurnished,"['Security', 'Swimming Pool', 'Elevator', 'Gym', 'Power Backup']",3.09,4,7538791.82
P56757,Delhi,Independent House,2910,1,4,18,30,12,Semi Furnished,"['Garden', 'Elevator', 'Power Backup', 'Club House', 'Security', 'Gym']",7.9,2,14127372.01
P30505,Bangalore,Studio,2396,4,4,8,21,14,Unfurnished,"['Garden', 'Parking', 'Club House', 'Swimming Pool', 'Elevator']",1.32,9,43922144.01
P74428,Kolkata,Villa,4412,1,1,18,25,0,Fully Furnished,"['Gym', 'Elevator', 'Security', 'Garden', 'Power Backup', 'Swimming Pool']",9.83,5,47274704.42
P79365,Hyderabad,Villa,2043,5,3,18,24,8,Unfurnished,"['Garden', 'Power Backup', 'Swimming Pool', 'Security']",2.48,1,9730229.78
P68598,Hyderabad,Penthouse,1446,1,3,13,23,1,Semi Furnished,"['Parking', 'Swimming Pool', 'Gym']",0.74,5,3299850.17
P86074,Hyderabad,Apartment,947,5,1,20,17,20,Semi Furnished,"['Swimming Pool', 'Power Backup', 'Elevator']",2.32,7,14387879.05
P45895,Ahmedabad,Independent House,3572,1,4,5,11,5,Unfurnished,"['Club House', 'Gym', 'Power Backup', 'Security']",2.95,1,8281820.47
P58687,Pune,Duplex,2800,5,1,7,23,20,Fully Furnished,"['Club House', 'Elevator', 'Garden', 'Gym', 'Power Backup', 'Wi-Fi']",8.12,7,21372272.15
P96459,Delhi,Villa,665,5,3,13,25,7,Unfurnished,"['Garden', 'Club House', 'Power Backup', 'Swimming Pool']",1.34,9,19922104.58
P46099,Jaipur,Studio,771,4,3,6,15,14,Fully Furnished,"['Garden', 'Swimming Pool', 'Club House', 'Gym', 'Elevator', 'Power Backup']",3.27,7,41018632.08
P27599,Mumbai,Studio,2078,1,2,3,24,14,Semi Furnished,"['Gym', 'Wi-Fi', 'Swimming Pool', 'Elevator']",3.85,5,29382786.77
P99007,Chandigarh,Studio,3891,3,3,13,28,0,Semi Furnished,"['Gym', 'Wi-Fi', 'Security', 'Club House', 'Power Backup', 'Garden']",7.56,3,34310503.9
P17026,Chennai,Apartment,3453,3,1,12,9,6,Semi Furnished,"['Garden', 'Power Backup', 'Security', 'Swimming Pool', 'Elevator']",3.98,9,24380499.45
P82675,Chennai,Penthouse,4403,2,1,16,7,17,Unfurnished,"['Wi-Fi', 'Parking', 'Security', 'Power Backup', 'Gym', 'Swimming Pool']",1.13,5,31783329.48
P55066,Hyderabad,Apartment,4028,2,3,19,22,15,Fully Furnished,"['Parking', 'Garden', 'Wi-Fi', 'Swimming Pool', 'Power Backup', 'Elevator']",3.77,9,15953555.24
P34620,Chandigarh,Villa,2374,4,3,13,13,15,Fully Furnished,"['Parking', 'Wi-Fi', 'Elevator', 'Swimming Pool', 'Gym']",1.45,6,9195687.68
P105740,Chennai,Apartment,500,1,1,20,25,18,Semi Furnished,"['Power Backup', 'Gym', 'Wi-Fi']",2.58,6,12796509.62
P61399,Kolkata,Studio,4472,2,2,2,14,14,Semi Furnished,"['Wi-Fi', 'Elevator', 'Garden']",8.2,9,4789859.07
P42204,Delhi,Studio,1282,2,4,20,18,7,Fully Furnished,"['Garden', 'Club House', 'Security', 'Swimming Pool', 'Power Backup']",1.43,8,29376688.06
P30014,Mumbai,Villa,618,3,3,14,12,2,Semi Furnished,"['Swimming Pool', 'Club House', 'Security', 'Garden', 'Power Backup']",4.59,10,17524291.34
P10926,Ahmedabad,Duplex,2592,4,4,20,22,5,Semi Furnished,"['Parking', 'Security', 'Gym']",3.21,10,20592896.61
P76478,Chandigarh,Duplex,3143,4,4,3,30,2,Unfurnished,"['Security', 'Wi-Fi', 'Club House', 'Elevator']",7.21,9,34660894.76
P79947,Bangalore,Studio,519,2,1,18,7,1,Fully Furnished,"['Power Backup', 'Garden', 'Elevator']",5.65,5,13512404.79
P30865,Chennai,Apartment,2440,5,2,15,27,1,Fully Furnished,"['Garden', 'Club House', 'Parking', 'Swimming Pool', 'Wi-Fi']",2.71,4,43716467.95
P90074,Chennai,Villa,3924,4,2,10,26,5,Semi Furnished,"['Gym', 'Power Backup', 'Security', 'Elevator', 'Garden', 'Wi-Fi']",9.11,10,41101117.16
P72796,Hyderabad,Studio,4715,2,4,2,8,13,Semi Furnished,"['Security', 'Elevator', 'Swimming Pool', 'Parking']",2.98,3,22872112.33
P99216,Mumbai,Villa,3392,5,4,20,15,15,Semi Furnished,"['Elevator', 'Security', 'Club House']",7.24,2,39651931.8
P53919,Mumbai,Independent House,3149,4,2,8,25,16,Semi Furnished,"['Power Backup', 'Elevator', 'Parking']",3.87,6,35363226.05
P33818,Delhi,Studio,3689,5,1,3,15,0,Fully Furnished,"['Wi-Fi', 'Elevator', 'Gym', 'Parking']",1.94,3,23331595.4
P46663,Chandigarh,Penthouse,1439,3,4,17,6,20,Fully Furnished,"['Swimming Pool', 'Elevator', 'Parking']",3.52,4,45125481.67
P11663,Ahmedabad,Duplex,4862,3,4,20,17,6,Unfurnished,"['Club House', 'Elevator', 'Garden', 'Security']",7.32,10,49836217.04
P59704,Ahmedabad,Studio,3497,5,4,5,13,9,Semi Furnished,"['Power Backup', 'Club House', 'Wi-Fi', 'Swimming Pool', 'Elevator', 'Parking']",0.68,10,34000523.77
P13795,Ahmedabad,Penthouse,3934,2,3,14,14,2,Unfurnished,"['Gym', 'Elevator', 'Power Backup', 'Garden', 'Swimming Pool']",5.7,1,5546369.62
P22900,Jaipur,Apartment,1500,5,4,19,21,9,Unfurnished,"['Club House', 'Swimming Pool', 'Parking', 'Garden', 'Power Backup']",9.14,10,19524848.93
P72138,Chennai,Independent House,1246,5,2,13,21,11,Fully Furnished,"['Parking', 'Garden', 'Security', 'Power Backup', 'Elevator']",7.12,2,27362850.04
P33963,Bangalore,Apartment,1883,5,1,6,18,3,Semi Furnished,"['Security', 'Club House', 'Wi-Fi', 'Gym', 'Elevator', 'Parking']",5.37,9,49855554.09
P19097,Kolkata,Studio,4522,4,4,16,7,20,Semi Furnished,"['Club House', 'Garden', 'Elevator', 'Swimming Pool', 'Power Backup']",8.92,10,34627142.71
P11147,Chennai,Duplex,3418,3,4,12,15,5,Unfurnished,"['Gym', 'Elevator', 'Wi-Fi', 'Club House', 'Power Backup', 'Parking']",3.08,5,6312739.37
P30167,Chennai,Duplex,4928,4,2,4,25,18,Semi Furnished,"['Elevator', 'Garden', 'Wi-Fi', 'Power Backup', 'Parking', 'Security']",3.16,5,42599312.85
P91374,Chandigarh,Studio,2534,3,3,1,6,5,Fully Furnished,"['Club House', 'Garden', 'Parking', 'Gym', 'Security']",1.79,10,41275941.06
P21518,Jaipur,Penthouse,3840,1,2,14,10,10,Fully Furnished,"['Garden', 'Elevator', 'Wi-Fi', 'Gym', 'Security', 'Swimming Pool']",1.87,6,40032419.96
P34066,Kolkata,Apartment,3128,3,1,6,10,1,Semi Furnished,"['Gym', 'Club House', 'Elevator', 'Garden']",2.52,5,39062217.52
P64754,Mumbai,Apartment,3851,3,4,3,12,3,Fully Furnished,"['Wi-Fi', 'Garden', 'Elevator', 'Gym']",4.51,2,23495498.32
P43364,Pune,Apartment,4131,1,3,20,30,13,Fully Furnished,"['Swimming Pool', 'Parking', 'Wi-Fi', 'Power Backup']",2.28,3,28727973.29
P15488,Chennai,Independent House,1526,3,4,8,27,16,Semi Furnished,"['Parking', 'Elevator', 'Swimming Pool', 'Wi-Fi', 'Garden', 'Club House']",0.84,9,13192742.16
P100772,Pune,Studio,4251,2,1,13,13,12,Unfurnished,"['Elevator', 'Club House', 'Gym']",8.54,10,39881585.71
P91310,Delhi,Duplex,1333,4,1,13,14,5,Fully Furnished,"['Swimming Pool', 'Elevator', 'Garden', 'Wi-Fi', 'Club House']",5.27,9,23731978.09
P32756,Hyderabad,Apartment,1963,1,4,16,23,16,Semi Furnished,"['Wi-Fi', 'Garden', 'Elevator', 'Parking']",7.55,9,24847903.28
P62346,Pune,Studio,1212,5,3,9,11,16,Fully Furnished,"['Club House', 'Elevator', 'Wi-Fi', 'Power Backup']",4.63,7,20690978.94
P77739,Delhi,Duplex,4073,2,4,15,20,15,Unfurnished,"['Club House', 'Parking', 'Security']",9.86,10,40193765.22
P61535,Bangalore,Studio,3747,3,3,15,28,16,Fully Furnished,"['Wi-Fi', 'Swimming Pool', 'Security']",1.98,5,47729894.91
P48463,Chandigarh,Apartment,2289,5,2,15,26,4,Fully Furnished,"['Club House', 'Power Backup', 'Swimming Pool', 'Security', 'Garden']",4.74,1,10071142.38
P55571,Hyderabad,Studio,4280,2,3,9,13,1,Semi Furnished,"['Club House', 'Power Backup', 'Swimming Pool', 'Parking', 'Garden', 'Wi-Fi']",5.55,5,29069802.47
P85843,Kolkata,Studio,2960,2,3,17,18,13,Unfurnished,"['Wi-Fi', 'Elevator', 'Security', 'Garden', 'Parking']",4.49,7,12990192.22
P11813,Kolkata,Apartment,2584,5,4,12,14,1,Semi Furnished,"['Garden', 'Gym', 'Club House', 'Parking', 'Wi-Fi']",4.98,7,3389176.39
P15220,Kolkata,Apartment,2909,2,1,10,30,19,Unfurnished,"['Parking', 'Swimming Pool', 'Elevator', 'Security', 'Club House']",4.81,3,13289677.08
P104167,Chandigarh,Penthouse,1924,1,4,5,30,6,Unfurnished,"['Wi-Fi', 'Power Backup', 'Club House', 'Security']",2.42,4,21377235.41
P74929,Chennai,Independent House,1883,2,2,20,10,12,Fully Furnished,"['Security', 'Swimming Pool', 'Gym', 'Garden', 'Elevator']",5.63,6,14697259.51
P106221,Kolkata,Penthouse,1880,3,3,15,23,15,Unfurnished,"['Elevator', 'Security', 'Power Backup', 'Club House', 'Garden']",4.17,4,15187298.66
P20861,Ahmedabad,Studio,4619,2,3,18,11,18,Semi Furnished,"['Wi-Fi', 'Swimming Pool', 'Elevator', 'Security', 'Club House', 'Gym']",5.16,1,13733745.49
P91549,Mumbai,Independent House,2426,1,3,10,21,12,Fully Furnished,"['Club House', 'Swimming Pool', 'Wi-Fi']",7.37,8,47710020.2
P79597,Bangalore,Villa,4973,5,1,19,10,0,Unfurnished,"['Parking', 'Gym', 'Power Backup', 'Elevator']",2.65,1,38400939.98
P37621,Ahmedabad,Apartment,3253,1,4,14,27,8,Fully Furnished,"['Elevator', 'Power Backup', 'Club House', 'Gym', 'Wi-Fi']",8.04,8,11904733.15
P87521,Kolkata,Apartment,4794,3,3,19,14,8,Semi Furnished,"['Gym', 'Wi-Fi', 'Garden', 'Power Backup', 'Security', 'Elevator']",2.57,9,23604162.86
P60015,Mumbai,Apartment,1643,1,3,5,27,16,Semi Furnished,"['Power Backup', 'Wi-Fi', 'Elevator', 'Gym']",9.42,8,8279113.02
P88969,Pune,Studio,3212,1,1,11,24,14,Unfurnished,"['Security', 'Swimming Pool', 'Elevator']",9.89,7,37080518.25
P46609,Kolkata,Apartment,1387,2,4,16,18,8,Semi Furnished,"['Gym', 'Club House', 'Swimming Pool', 'Wi-Fi', 'Security']",3.84,2,30223040.94
P40561,Hyderabad,Independent House,2780,4,2,7,18,19,Unfurnished,"['Garden', 'Gym', 'Swimming Pool', 'Parking', 'Elevator', 'Wi-Fi']",2.86,9,45591072.75
P85300,Chandigarh,Duplex,2309,1,3,1,23,14,Fully Furnished,"['Power Backup', 'Security', 'Gym', 'Wi-Fi']",5.73,8,13074391.4
P31429,Pune,Apartment,1995,4,3,19,6,10,Semi Furnished,"['Elevator', 'Garden', 'Club House']",3.75,10,48633312.53
P96334,Kolkata,Duplex,3498,1,2,10,10,9,Semi Furnished,"['Garden', 'Swimming Pool', 'Wi-Fi', 'Parking']",3.65,5,47247408.22
P106467,Jaipur,Apartment,2519,3,1,14,14,1,Unfurnished,"['Parking', 'Gym', 'Swimming Pool', 'Elevator']",5.81,10,14209813.55
P45870,Chandigarh,Studio,3668,1,3,3,19,13,Unfurnished,"['Garden', 'Swimming Pool', 'Club House', 'Security']",1.13,6,11862364.37
P102771,Ahmedabad,Penthouse,1696,2,1,13,11,4,Semi Furnished,"['Power Backup', 'Parking', 'Swimming Pool', 'Elevator', 'Club House']",9.4,9,24788457.94
P77835,Mumbai,Duplex,2415,3,2,3,6,18,Fully Furnished,"['Wi-Fi', 'Power Backup', 'Security', 'Swimming Pool', 'Club House', 'Parking']",9.48,1,27998428.18
P60205,Kolkata,Studio,3427,4,1,8,12,17,Semi Furnished,"['Swimming Pool', 'Elevator', 'Security', 'Power Backup']",5.44,1,7704567.68
P105735,Kolkata,Independent House,3375,4,1,14,7,14,Semi Furnished,"['Power Backup', 'Elevator', 'Club House', 'Security', 'Swimming Pool', 'Wi-Fi']",3.88,2,23829966.67
P96842,Pune,Independent House,784,1,4,19,21,20,Semi Furnished,"['Security', 'Swimming Pool', 'Parking', 'Wi-Fi', 'Power Backup']",4.29,5,33268891.08
P96547,Kolkata,Independent House,1926,5,1,11,20,15,Semi Furnished,"['Parking', 'Security', 'Gym', 'Elevator', 'Club House', 'Garden']",6.59,6,31116937.09
P14743,Hyderabad,Penthouse,672,5,4,1,29,11,Semi Furnished,"['Security', 'Garden', 'Club House', 'Power Backup', 'Parking', 'Wi-Fi']",5.18,9,28550393.87
P70466,Delhi,Villa,2371,1,2,20,8,4,Fully Furnished,"['Elevator', 'Garden', 'Power Backup', 'Swimming Pool']",4.31,5,38700756.14
P61963,Pune,Penthouse,3200,2,3,16,28,13,Fully Furnished,"['Security', 'Club House', 'Power Backup', 'Garden', 'Gym']",7.66,10,30141780.34
P93978,Ahmedabad,Villa,2544,4,4,12,22,3,Semi Furnished,"['Security', 'Gym', 'Power Backup', 'Garden']",9.23,10,37519454.75
P60739,Hyderabad,Duplex,1706,3,3,17,18,10,Unfurnished,"['Garden', 'Parking', 'Elevator', 'Gym']",9.11,7,43822207.82
P66946,Bangalore,Apartment,3899,3,4,14,8,18,Fully Furnished,"['Wi-Fi', 'Garden', 'Power Backup', 'Gym', 'Swimming Pool', 'Security']",9.12,8,39578140.44
P64802,Jaipur,Villa,4511,3,2,8,29,20,Semi Furnished,"['Parking', 'Wi-Fi', 'Gym', 'Elevator', 'Security']",8.7,5,7250636.96
P57953,Delhi,Apartment,4991,5,2,16,11,0,Fully Furnished,"['Power Backup', 'Garden', 'Parking', 'Security', 'Wi-Fi', 'Swimming Pool']",7.13,10,10153519.32
P23258,Pune,Apartment,1255,3,3,11,25,0,Semi Furnished,"['Security', 'Swimming Pool', 'Power Backup', 'Club House', 'Gym']",1.36,3,23768556.92
P55295,Chandigarh,Apartment,2508,3,4,14,19,20,Semi Furnished,"['Garden', 'Swimming Pool', 'Security', 'Parking', 'Wi-Fi', 'Gym']",5.27,10,35813149.09
P50250,Ahmedabad,Independent House,4898,5,4,15,15,10,Unfurnished,"['Security', 'Club House', 'Swimming Pool', 'Elevator', 'Wi-Fi']",0.94,7,27838648.52
P82132,Pune,Villa,2753,2,1,7,7,3,Fully Furnished,"['Club House', 'Parking', 'Swimming Pool', 'Elevator', 'Power Backup', 'Security']",1.87,7,39634190.42
P97607,Chandigarh,Studio,638,2,1,9,7,11,Semi Furnished,"['Security', 'Wi-Fi', 'Gym']",9.57,10,49106106.87
P85507,Delhi,Villa,3766,3,4,5,20,14,Fully Furnished,"['Parking', 'Club House', 'Wi-Fi', 'Swimming Pool', 'Security', 'Power Backup']",2.92,7,28183527.92
P67435,Delhi,Apartment,1699,1,1,19,7,6,Unfurnished,"['Swimming Pool', 'Parking', 'Security', 'Gym', 'Wi-Fi']",4.87,8,41194702.49
P93191,Jaipur,Studio,2972,3,3,2,5,6,Semi Furnished,"['Power Backup', 'Garden', 'Club House']",7.79,9,25948414.17
P47016,Hyderabad,Duplex,3810,4,3,15,18,8,Semi Furnished,"['Security', 'Club House', 'Swimming Pool', 'Parking']",7.5,6,27804618.08
P85043,Pune,Penthouse,991,5,3,8,19,9,Semi Furnished,"['Power Backup', 'Garden', 'Club House', 'Swimming Pool', 'Security', 'Elevator']",2.22,2,21142430.19
P21719,Kolkata,Independent House,3758,2,2,6,21,8,Fully Furnished,"['Security', 'Gym', 'Wi-Fi']",7.11,8,41257061.87
P23720,Pune,Independent House,4025,2,3,9,12,4,Fully Furnished,"['Wi-Fi', 'Swimming Pool', 'Security', 'Club House', 'Parking', 'Gym']",8.3,5,15899665.41
P12450,Jaipur,Duplex,4584,4,3,19,7,10,Fully Furnished,"['Parking', 'Club House', 'Power Backup', 'Swimming Pool', 'Security', 'Garden']",7.49,9,25668343.64
P71541,Delhi,Villa,1077,4,2,11,13,13,Fully Furnished,"['Swimming Pool', 'Gym', 'Elevator', 'Garden']",1.42,6,1650674.34
P70479,Chennai,Penthouse,1594,1,2,2,8,17,Semi Furnished,"['Garden', 'Power Backup', 'Elevator']",9.51,8,40296613.73
P26890,Bangalore,Duplex,3315,5,1,1,12,2,Semi Furnished,"['Parking', 'Elevator', 'Wi-Fi']",1.21,4,47200775.69
P96412,Pune,Independent House,3272,5,3,7,30,3,Unfurnished,"['Wi-Fi', 'Parking', 'Security', 'Club House', 'Gym', 'Garden']",7.45,3,41234346.69
P18059,Hyderabad,Villa,3024,5,1,1,7,11,Semi Furnished,"['Garden', 'Wi-Fi', 'Power Backup', 'Gym']",5.96,8,14444718.22
P78016,Ahmedabad,Villa,825,4,3,12,5,6,Semi Furnished,"['Garden', 'Wi-Fi', 'Swimming Pool', 'Power Backup', 'Security']",3.41,4,3410829.24
P11518,Jaipur,Apartment,4489,4,2,5,9,0,Unfurnished,"['Elevator', 'Club House', 'Swimming Pool', 'Security', 'Wi-Fi', 'Garden']",6.77,10,35651742.26
P80852,Chandigarh,Independent House,3407,2,1,5,14,14,Semi Furnished,"['Gym', 'Elevator', 'Wi-Fi', 'Security', 'Garden', 'Parking']",1.03,3,43533731.65
P97799,Ahmedabad,Studio,3788,3,4,4,13,9,Unfurnished,"['Garden', 'Power Backup', 'Club House', 'Wi-Fi', 'Elevator']",3.91,6,47555314.31
P39219,Mumbai,Independent House,1873,3,2,5,20,2,Semi Furnished,"['Swimming Pool', 'Security', 'Parking', 'Power Backup', 'Wi-Fi']",4.83,9,18243478.06
P17742,Pune,Studio,4561,1,2,7,23,8,Fully Furnished,"['Elevator', 'Power Backup', 'Wi-Fi']",5.55,6,36607909.25
P24856,Jaipur,Duplex,1034,1,3,10,15,11,Semi Furnished,"['Parking', 'Wi-Fi', 'Security']",8.19,6,29676608.38
P40846,Jaipur,Studio,3536,3,1,2,13,13,Fully Furnished,"['Power Backup', 'Security', 'Elevator', 'Garden', 'Wi-Fi']",7.56,2,31152534.45
P47664,Chennai,Independent House,1617,2,4,19,10,0,Fully Furnished,"['Gym', 'Power Backup', 'Security', 'Swimming Pool', 'Wi-Fi']",8.24,9,21941149.62
P33887,Chennai,Apartment,1578,3,1,1,13,6,Fully Furnished,"['Garden', 'Gym', 'Club House']",7.66,2,22738844.04
P55093,Chennai,Independent House,4783,4,3,5,23,7,Semi Furnished,"['Wi-Fi', 'Elevator', 'Club House', 'Garden', 'Security']",9.04,9,21842388.95
P25232,Pune,Villa,1022,3,3,20,25,9,Semi Furnished,"['Gym', 'Security', 'Club House', 'Elevator']",2.06,1,27531715.01
P103215,Pune,Independent House,2177,4,2,13,28,10,Unfurnished,"['Swimming Pool', 'Club House', 'Garden']",2.93,10,30816608.74
P84891,Kolkata,Apartment,4804,1,1,5,17,20,Semi Furnished,"['Wi-Fi', 'Security', 'Elevator']",4.21,1,24621407.09
P14841,Bangalore,Studio,1692,3,1,20,20,0,Semi Furnished,"['Club House', 'Gym', 'Parking', 'Security', 'Garden', 'Wi-Fi']",5.12,7,20572418.5
P105643,Hyderabad,Penthouse,3746,3,1,14,11,9,Fully Furnished,"['Wi-Fi', 'Swimming Pool', 'Power Backup', 'Parking', 'Gym']",8.85,9,29477260.09
P55643,Bangalore,Apartment,3862,1,2,13,15,18,Unfurnished,"['Swimming Pool', 'Club House', 'Gym', 'Power Backup', 'Elevator']",7.96,9,18872331.5
P17969,Hyderabad,Studio,2871,5,2,14,20,10,Unfurnished,"['Power Backup', 'Security', 'Parking']",5.15,4,34440104.68
P32990,Jaipur,Duplex,2504,4,2,20,19,11,Unfurnished,"['Power Backup', 'Elevator', 'Security']",9.31,5,7171754.51
P49950,Bangalore,Studio,1259,2,3,4,9,19,Semi Furnished,"['Parking', 'Power Backup', 'Gym', 'Garden', 'Wi-Fi']",6.5,7,26773577.16
P86499,Hyderabad,Studio,517,1,3,11,20,11,Semi Furnished,"['Club House', 'Wi-Fi', 'Security', 'Parking', 'Gym', 'Power Backup']",8.95,9,7927746.66
P60966,Delhi,Apartment,2010,5,2,15,26,7,Unfurnished,"['Gym', 'Elevator', 'Security']",5.21,1,11588195.84
P78973,Jaipur,Apartment,2606,3,1,8,19,1,Fully Furnished,"['Wi-Fi', 'Security', 'Power Backup', 'Parking', 'Elevator', 'Club House']",5.66,5,42536642.28
P39908,Mumbai,Independent House,2157,2,1,20,23,15,Fully Furnished,"['Parking', 'Elevator', 'Gym', 'Swimming Pool', 'Garden', 'Power Backup']",6.41,8,31460442.68
P65966,Jaipur,Villa,3465,1,3,13,11,5,Semi Furnished,"['Power Backup', 'Wi-Fi', 'Garden', 'Elevator', 'Security', 'Club House']",8.12,2,21503231.84
P12878,Hyderabad,Apartment,3011,4,1,7,29,6,Fully Furnished,"['Wi-Fi', 'Gym', 'Elevator', 'Swimming Pool']",5.88,2,2596698.95
P29513,Kolkata,Independent House,1540,1,1,2,10,4,Semi Furnished,"['Garden', 'Wi-Fi', 'Swimming Pool', 'Elevator', 'Parking', 'Club House']",5.86,9,46933419.11
P40460,Delhi,Villa,1007,3,1,8,29,17,Semi Furnished,"['Elevator', 'Parking', 'Security']",8.96,5,16049302.17
P20093,Pune,Independent House,3730,5,4,1,30,1,Unfurnished,"['Power Backup', 'Wi-Fi', 'Club House', 'Garden', 'Gym', 'Security']",8.33,8,9226525.88
P13605,Chennai,Penthouse,4162,5,3,11,22,14,Unfurnished,"['Parking', 'Gym', 'Power Backup']",5.65,9,47219364.51
P109323,Pune,Villa,3543,5,1,10,17,1,Semi Furnished,"['Security', 'Wi-Fi', 'Swimming Pool', 'Club House']",8.03,4,37699530.21
P106213,Bangalore,Apartment,4379,4,4,19,11,4,Unfurnished,"['Power Backup', 'Parking', 'Garden', 'Swimming Pool', 'Gym', 'Security']",0.78,4,44900409.55
P51560,Bangalore,Studio,3461,2,1,7,17,3,Fully Furnished,"['Gym', 'Power Backup', 'Security', 'Elevator']",7.29,7,17554193.8
P13713,Mumbai,Apartment,1019,4,2,19,9,18,Unfurnished,"['Gym', 'Power Backup', 'Security', 'Garden', 'Elevator', 'Swimming Pool']",3.15,3,16480027.99
P64196,Chandigarh,Studio,2406,4,1,12,20,1,Semi Furnished,"['Security', 'Gym', 'Parking', 'Garden', 'Elevator']",7.39,10,38146507.64
P49409,Ahmedabad,Duplex,2810,2,1,7,10,12,Semi Furnished,"['Security', 'Wi-Fi', 'Parking', 'Swimming Pool', 'Garden']",8.38,6,39100710.25
P56022,Bangalore,Independent House,3985,1,3,15,23,15,Unfurnished,"['Gym', 'Club House', 'Security', 'Swimming Pool']",9.53,4,6425494.22
P73654,Jaipur,Apartment,4835,2,3,14,18,8,Unfurnished,"['Elevator', 'Power Backup', 'Wi-Fi', 'Club House', 'Gym']",7.8,5,49006433.79
P90633,Bangalore,Studio,4312,3,2,12,27,1,Semi Furnished,"['Gym', 'Wi-Fi', 'Parking', 'Club House', 'Swimming Pool']",5.59,6,5879988.44
P45661,Mumbai,Apartment,2364,2,1,9,19,3,Unfurnished,"['Elevator', 'Swimming Pool', 'Gym', 'Power Backup', 'Wi-Fi', 'Garden']",4.33,7,30707139.36
P17099,Jaipur,Penthouse,825,2,3,16,22,11,Fully Furnished,"['Gym', 'Power Backup', 'Wi-Fi']",3.19,7,38239152.63
P13254,Bangalore,Villa,3272,4,4,10,21,16,Fully Furnished,"['Wi-Fi', 'Elevator', 'Garden', 'Security', 'Gym', 'Power Backup']",7.74,4,43217669.39
P74449,Chandigarh,Penthouse,3935,5,4,3,6,12,Semi Furnished,"['Gym', 'Security', 'Elevator']",4.14,2,31046691.75
P73101,Jaipur,Apartment,506,5,1,14,9,17,Semi Furnished,"['Wi-Fi', 'Parking', 'Club House']",7.56,7,2142615.22
P90157,Mumbai,Villa,638,3,3,11,17,9,Unfurnished,"['Club House', 'Elevator', 'Power Backup', 'Parking', 'Wi-Fi']",6.49,9,28402744.9
P45290,Chandigarh,Villa,2137,3,4,12,20,15,Unfurnished,"['Elevator', 'Security', 'Gym', 'Wi-Fi', 'Swimming Pool']",6.1,3,49340422.24
P70739,Delhi,Villa,2640,5,4,20,9,2,Fully Furnished,"['Wi-Fi', 'Security', 'Elevator', 'Parking', 'Gym', 'Swimming Pool']",6.33,3,48098454.87
P42286,Bangalore,Duplex,1837,4,2,5,17,7,Fully Furnished,"['Elevator', 'Gym', 'Power Backup', 'Security']",2.31,6,18447267.36
P103094,Hyderabad,Penthouse,4285,5,4,9,15,10,Fully Furnished,"['Wi-Fi', 'Security', 'Swimming Pool', 'Club House']",5.98,2,46593446.77
P56615,Chandigarh,Independent House,3642,4,4,5,18,6,Fully Furnished,"['Wi-Fi', 'Power Backup', 'Garden', 'Elevator', 'Gym', 'Parking']",2.51,2,12120463.63
P25316,Jaipur,Independent House,3036,5,2,7,24,5,Unfurnished,"['Security', 'Parking', 'Garden', 'Elevator', 'Gym', 'Club House']",8.68,7,8829445.8
P31463,Jaipur,Independent House,730,1,1,16,17,3,Fully Furnished,"['Parking', 'Power Backup', 'Elevator']",0.9,3,49289404.46
P69899,Chandigarh,Independent House,1353,2,2,20,22,17,Unfurnished,"['Parking', 'Swimming Pool', 'Power Backup']",6.43,7,9961926.97
P27863,Hyderabad,Apartment,3272,2,2,5,8,0,Unfurnished,"['Security', 'Gym', 'Garden']",10,8,10434520.41
P87573,Delhi,Duplex,3177,5,4,9,20,8,Unfurnished,"['Garden', 'Wi-Fi', 'Club House']",4.61,9,42108583.91
P54228,Hyderabad,Independent House,2280,2,4,1,15,6,Semi Furnished,"['Swimming Pool', 'Garden', 'Elevator', 'Security']",2.67,3,41138086.98
P14029,Jaipur,Villa,712,5,4,20,6,7,Semi Furnished,"['Parking', 'Wi-Fi', 'Garden']",0.78,7,18801694.99
P88275,Jaipur,Apartment,1631,2,1,12,28,16,Unfurnished,"['Wi-Fi', 'Garden', 'Swimming Pool', 'Parking']",6.18,4,21173140.94
P46708,Chandigarh,Apartment,3754,3,4,6,13,13,Semi Furnished,"['Elevator', 'Wi-Fi', 'Garden', 'Parking', 'Power Backup', 'Swimming Pool']",3.17,6,48304937.68
P75316,Kolkata,Duplex,4549,1,2,18,11,6,Unfurnished,"['Elevator', 'Garden', 'Power Backup', 'Wi-Fi']",6.03,9,7947071.01
P69503,Chennai,Independent House,2732,2,2,19,29,13,Semi Furnished,"['Garden', 'Parking', 'Power Backup', 'Swimming Pool']",6.55,5,33130756.44
P18109,Chennai,Duplex,3059,4,2,7,25,20,Unfurnished,"['Club House', 'Wi-Fi', 'Swimming Pool', 'Elevator', 'Parking', 'Garden']",8.38,6,24370923.49
P91540,Kolkata,Penthouse,3333,2,1,8,26,15,Fully Furnished,"['Club House', 'Gym', 'Parking', 'Security', 'Garden', 'Power Backup']",6.87,1,48092919.22
P58406,Ahmedabad,Villa,2341,3,3,19,25,2,Fully Furnished,"['Wi-Fi', 'Garden', 'Power Backup', 'Security', 'Parking', 'Elevator']",9.4,1,7604417.76
P34989,Kolkata,Penthouse,3006,1,3,15,25,12,Unfurnished,"['Elevator', 'Parking', 'Club House', 'Wi-Fi', 'Garden']",9.88,9,18082393.6
P45631,Pune,Penthouse,3299,5,4,2,14,5,Unfurnished,"['Wi-Fi', 'Club House', 'Garden', 'Parking', 'Swimming Pool']",5.22,6,21357144.68
P55172,Chennai,Independent House,1837,2,1,20,17,7,Semi Furnished,"['Elevator', 'Power Backup', 'Wi-Fi', 'Club House']",6.13,1,35894553.17
P20297,Jaipur,Independent House,4911,1,1,4,11,13,Semi Furnished,"['Club House', 'Garden', 'Parking']",9.51,10,8585164.5
P93082,Delhi,Apartment,1867,4,1,8,10,11,Semi Furnished,"['Power Backup', 'Garden', 'Gym', 'Swimming Pool', 'Elevator', 'Parking']",3.2,6,6103276.8
P36572,Mumbai,Independent House,3365,5,1,4,24,8,Unfurnished,"['Security', 'Elevator', 'Gym', 'Wi-Fi', 'Power Backup', 'Parking']",5.83,5,9544745.49
P21821,Jaipur,Independent House,2785,1,2,19,24,3,Unfurnished,"['Club House', 'Power Backup', 'Garden', 'Gym', 'Swimming Pool', 'Parking']",3.77,8,12101127.97
P93327,Kolkata,Penthouse,3480,3,4,13,27,10,Semi Furnished,"['Club House', 'Security', 'Elevator', 'Parking', 'Gym']",6.2,10,22024490.25
P68858,Jaipur,Apartment,2656,4,4,13,15,18,Fully Furnished,"['Security', 'Power Backup', 'Elevator']",2,6,2421563.46
P86751,Delhi,Villa,2434,2,1,14,11,7,Semi Furnished,"['Club House', 'Security', 'Parking']",6.81,10,43717275.44
P57749,Jaipur,Penthouse,706,1,2,19,7,12,Semi Furnished,"['Wi-Fi', 'Swimming Pool', 'Club House']",3.42,3,39280927.5
P31532,Mumbai,Penthouse,4010,5,1,15,18,14,Unfurnished,"['Parking', 'Swimming Pool', 'Club House', 'Garden', 'Security']",7.08,1,42048086.24
P32722,Pune,Villa,3443,4,2,16,8,18,Fully Furnished,"['Elevator', 'Garden', 'Security', 'Power Backup', 'Wi-Fi']",1.87,6,30294926.71
P45665,Kolkata,Villa,3670,1,3,15,19,2,Unfurnished,"['Wi-Fi', 'Security', 'Parking', 'Gym', 'Garden']",3.97,2,9440558.19
P26700,Kolkata,Villa,4590,4,3,20,15,12,Unfurnished,"['Power Backup', 'Elevator', 'Wi-Fi']",6.39,3,46803571.7
P13935,Chandigarh,Independent House,2038,3,3,2,18,13,Semi Furnished,"['Wi-Fi', 'Garden', 'Club House']",5.91,10,3582355.4
P23540,Chennai,Apartment,4536,4,3,14,8,10,Unfurnished,"['Parking', 'Power Backup', 'Wi-Fi', 'Elevator']",8.48,9,16270210.31
P34567,Chennai,Villa,665,1,1,19,12,19,Unfurnished,"['Wi-Fi', 'Club House', 'Gym', 'Security']",9.97,4,34334128.68
P52420,Hyderabad,Penthouse,2352,5,2,18,25,7,Fully Furnished,"['Garden', 'Parking', 'Swimming Pool', 'Gym', 'Power Backup']",1.65,3,887517.21
P66402,Chennai,Independent House,1739,1,3,9,16,17,Semi Furnished,"['Security', 'Swimming Pool', 'Garden', 'Elevator', 'Club House']",5.99,8,42993011.78
P90585,Chandigarh,Apartment,1798,3,2,13,19,18,Semi Furnished,"['Swimming Pool', 'Wi-Fi', 'Club House']",5.98,7,16293466.65
P78348,Bangalore,Duplex,3972,5,4,8,7,6,Fully Furnished,"['Swimming Pool', 'Gym', 'Power Backup']",3.24,7,14787295.76
P42110,Kolkata,Apartment,4527,5,3,4,25,10,Unfurnished,"['Security', 'Garden', 'Swimming Pool', 'Power Backup']",4.25,2,9770699.87
P12980,Delhi,Apartment,1575,1,2,1,25,8,Fully Furnished,"['Club House', 'Security', 'Power Backup']",6.53,1,32298223.32
P18324,Pune,Independent House,2301,3,4,9,20,12,Unfurnished,"['Power Backup', 'Elevator', 'Club House', 'Security']",6.21,9,35413246.33
P26992,Bangalore,Independent House,4872,3,1,9,14,8,Unfurnished,"['Club House', 'Elevator', 'Security', 'Gym', 'Garden']",1.77,2,47739095.95
P54436,Kolkata,Independent House,3309,4,1,5,23,0,Unfurnished,"['Garden', 'Parking', 'Gym', 'Elevator', 'Power Backup', 'Wi-Fi']",5.39,2,4598762.54
P63714,Delhi,Apartment,2410,4,2,9,18,9,Unfurnished,"['Garden', 'Gym', 'Swimming Pool', 'Security', 'Power Backup', 'Parking']",6.34,5,43857075.69
P49064,Mumbai,Apartment,4944,4,1,15,14,10,Unfurnished,"['Gym', 'Swimming Pool', 'Club House']",9.93,7,37447580.93
P106393,Bangalore,Duplex,1560,2,3,8,16,13,Semi Furnished,"['Security', 'Swimming Pool', 'Garden', 'Wi-Fi', 'Elevator']",3.31,6,39691910.97
P73570,Chennai,Penthouse,2502,4,2,14,19,2,Unfurnished,"['Club House', 'Elevator', 'Gym', 'Power Backup', 'Wi-Fi']",0.78,2,535599.34
P93213,Bangalore,Studio,2292,5,4,18,28,9,Fully Furnished,"['Swimming Pool', 'Wi-Fi', 'Security', 'Elevator', 'Parking']",1.3,10,45323460.06
P84901,Bangalore,Penthouse,3363,3,3,11,22,0,Semi Furnished,"['Garden', 'Gym', 'Security', 'Power Backup', 'Wi-Fi', 'Elevator']",0.62,3,35980560.13
P93428,Hyderabad,Duplex,4964,3,3,11,23,17,Unfurnished,"['Garden', 'Wi-Fi', 'Swimming Pool', 'Security', 'Club House']",9.34,4,35238391.25
P71814,Jaipur,Apartment,3159,3,1,18,15,10,Fully Furnished,"['Security', 'Swimming Pool', 'Wi-Fi', 'Elevator', 'Power Backup']",4.61,6,28228290.13
P48884,Chandigarh,Villa,1981,1,2,2,26,12,Semi Furnished,"['Club House', 'Gym', 'Parking', 'Elevator', 'Swimming Pool', 'Wi-Fi']",1.32,3,11848571.22
P79651,Delhi,Studio,840,3,2,14,7,6,Fully Furnished,"['Power Backup', 'Elevator', 'Parking']",6.75,2,20263267.24
P97024,Ahmedabad,Duplex,2517,5,2,10,7,3,Fully Furnished,"['Elevator', 'Power Backup', 'Swimming Pool', 'Gym', 'Club House']",5.96,2,17483985.25
P85373,Chennai,Apartment,1487,4,2,7,27,4,Fully Furnished,"['Wi-Fi', 'Club House', 'Elevator']",4.56,10,27832112.88
P22495,Ahmedabad,Duplex,977,1,4,20,28,19,Fully Furnished,"['Club House', 'Power Backup', 'Parking']",6.94,2,16462761.02
P24270,Bangalore,Apartment,4835,5,4,14,27,16,Fully Furnished,"['Wi-Fi', 'Gym', 'Elevator']",6.41,10,10421515.9
P13065,Jaipur,Apartment,3712,2,1,16,6,19,Unfurnished,"['Security', 'Power Backup', 'Wi-Fi', 'Elevator']",3.88,5,7220979.21
P103097,Jaipur,Independent House,3136,3,4,1,30,9,Fully Furnished,"['Power Backup', 'Parking', 'Gym', 'Club House']",3.01,4,12499344.97
P104773,Chennai,Penthouse,3442,4,4,11,11,12,Fully Furnished,"['Swimming Pool', 'Elevator', 'Garden', 'Power Backup', 'Wi-Fi']",6.14,3,32679284.11
P56827,Kolkata,Studio,4095,1,4,11,16,3,Fully Furnished,"['Elevator', 'Security', 'Swimming Pool', 'Gym', 'Club House']",8.84,2,16096322.67
P30461,Ahmedabad,Apartment,1282,1,2,4,5,5,Semi Furnished,"['Security', 'Swimming Pool', 'Parking', 'Power Backup']",6.18,8,44327127.13
P49392,Chennai,Independent House,3141,4,1,16,7,18,Semi Furnished,"['Security', 'Elevator', 'Parking', 'Garden', 'Swimming Pool', 'Gym']",9.28,6,19169831.3
P104656,Chennai,Duplex,3076,1,4,8,5,18,Fully Furnished,"['Elevator', 'Parking', 'Garden', 'Power Backup']",3.55,2,20823709.51
P45214,Chennai,Duplex,2962,3,2,5,28,20,Semi Furnished,"['Club House', 'Elevator', 'Gym', 'Wi-Fi', 'Security']",2.81,9,41818929.42
P11814,Bangalore,Studio,2310,3,1,11,30,12,Fully Furnished,"['Power Backup', 'Swimming Pool', 'Wi-Fi']",9.26,3,3143964.44
P56275,Hyderabad,Duplex,2743,2,1,7,10,9,Unfurnished,"['Club House', 'Power Backup', 'Elevator']",8.09,4,47676911.12
P10774,Bangalore,Apartment,4881,4,3,2,25,11,Semi Furnished,"['Parking', 'Wi-Fi', 'Swimming Pool', 'Elevator', 'Club House', 'Security']",8.41,10,23347064.75
P18072,Jaipur,Villa,1851,4,1,5,12,18,Unfurnished,"['Garden', 'Club House', 'Wi-Fi', 'Gym', 'Elevator']",9.18,1,13932652.51
P76534,Bangalore,Independent House,3917,5,4,1,26,14,Semi Furnished,"['Gym', 'Elevator', 'Wi-Fi']",4.75,10,33778244.31
P59064,Jaipur,Studio,3745,1,4,9,30,1,Unfurnished,"['Security', 'Club House', 'Garden', 'Swimming Pool', 'Power Backup', 'Elevator']",7.41,10,4430025.87
P14301,Ahmedabad,Villa,2734,5,4,6,11,0,Unfurnished,"['Elevator', 'Swimming Pool', 'Wi-Fi', 'Garden', 'Power Backup', 'Security']",2.66,3,6418077.99
P56112,Kolkata,Independent House,1015,5,2,7,26,12,Fully Furnished,"['Security', 'Wi-Fi', 'Power Backup', 'Gym']",1.57,7,32508326.49
P42825,Chandigarh,Penthouse,3689,4,1,4,22,10,Fully Furnished,"['Garden', 'Power Backup', 'Club House', 'Gym', 'Wi-Fi']",3.37,8,45430130.95
P61954,Pune,Penthouse,4565,3,2,2,23,13,Semi Furnished,"['Elevator', 'Security', 'Swimming Pool']",8.53,3,41366429.41
P90757,Hyderabad,Independent House,3137,5,2,3,15,13,Fully Furnished,"['Club House', 'Garden', 'Security']",3.19,8,47666916.76
P17172,Bangalore,Villa,4904,1,4,16,26,8,Semi Furnished,"['Club House', 'Security', 'Gym', 'Elevator', 'Garden', 'Power Backup']",4.01,5,9080655.67
P78260,Mumbai,Independent House,1688,5,3,2,13,19,Fully Furnished,"['Elevator', 'Power Backup', 'Security', 'Wi-Fi']",8.31,8,40342897.43
P31700,Chennai,Independent House,1978,5,4,17,24,19,Semi Furnished,"['Elevator', 'Power Backup', 'Swimming Pool', 'Club House', 'Gym']",8.38,8,46749357.18
P34127,Mumbai,Penthouse,3023,3,4,3,5,8,Fully Furnished,"['Wi-Fi', 'Club House', 'Garden', 'Swimming Pool']",3.83,5,21475643.62
P93937,Chennai,Studio,1491,5,4,5,29,2,Fully Furnished,"['Power Backup', 'Club House', 'Security']",8.7,5,40227846.33
P86044,Hyderabad,Duplex,3897,1,2,9,7,15,Semi Furnished,"['Security', 'Gym', 'Garden', 'Wi-Fi']",6.04,7,6360698.51
P19867,Ahmedabad,Independent House,1617,3,3,12,20,17,Unfurnished,"['Power Backup', 'Wi-Fi', 'Garden', 'Gym', 'Elevator', 'Swimming Pool']",3.72,8,26981736.28
P21325,Mumbai,Villa,1511,1,3,15,24,19,Semi Furnished,"['Swimming Pool', 'Gym', 'Power Backup', 'Garden']",3.34,3,45550995.68
P104210,Hyderabad,Studio,3062,1,4,15,22,20,Unfurnished,"['Elevator', 'Swimming Pool', 'Security', 'Garden']",1.57,8,36347370.37
P61775,Kolkata,Studio,3801,3,4,20,11,12,Semi Furnished,"['Power Backup', 'Parking', 'Club House']",5.08,7,46114092.41
P79903,Hyderabad,Studio,610,1,4,10,30,4,Unfurnished,"['Security', 'Parking', 'Power Backup', 'Club House', 'Garden']",7.68,3,36849687.17
P68597,Chennai,Villa,1430,2,1,15,8,18,Semi Furnished,"['Security', 'Parking', 'Power Backup', 'Gym', 'Swimming Pool']",1.39,9,13840529.13
P59873,Ahmedabad,Penthouse,4051,3,4,19,9,5,Unfurnished,"['Wi-Fi', 'Security', 'Power Backup']",0.76,7,36061605.53
P14173,Delhi,Studio,3577,5,1,4,28,11,Semi Furnished,"['Parking', 'Security', 'Swimming Pool']",8.37,4,14524660.61
P74285,Kolkata,Villa,3460,1,4,19,8,16,Unfurnished,"['Parking', 'Swimming Pool', 'Security', 'Garden', 'Gym']",8.52,4,43451837.94
P18165,Ahmedabad,Villa,1520,1,4,19,23,16,Semi Furnished,"['Security', 'Gym', 'Parking']",5.33,4,11316273.3
P34783,Chandigarh,Independent House,2825,2,1,4,27,18,Unfurnished,"['Security', 'Parking', 'Wi-Fi', 'Swimming Pool']",3.44,7,27993724.88
P32935,Jaipur,Apartment,4963,4,1,18,20,6,Unfurnished,"['Security', 'Gym', 'Swimming Pool']",8.75,5,15123899.61
P44014,Kolkata,Duplex,1253,1,2,4,23,7,Semi Furnished,"['Wi-Fi', 'Elevator', 'Garden', 'Parking', 'Power Backup', 'Swimming Pool']",7.74,9,10455865.25
P74717,Kolkata,Penthouse,4258,5,1,6,15,18,Unfurnished,"['Elevator', 'Gym', 'Security', 'Power Backup', 'Club House', 'Parking']",1.31,7,4577791.24
P55150,Pune,Independent House,1197,1,1,6,28,18,Fully Furnished,"['Security', 'Garden', 'Power Backup', 'Swimming Pool']",6.72,9,11385451.25
P108140,Mumbai,Penthouse,2405,4,1,5,6,10,Fully Furnished,"['Parking', 'Garden', 'Wi-Fi', 'Security', 'Gym']",8.3,6,1606381
P20603,Jaipur,Studio,3418,5,1,17,7,3,Semi Furnished,"['Wi-Fi', 'Elevator', 'Swimming Pool', 'Power Backup', 'Security', 'Garden']",6.96,3,19758613.64
P31605,Delhi,Studio,1987,1,2,8,26,4,Fully Furnished,"['Power Backup', 'Parking', 'Security', 'Gym']",7.34,9,25540651.51
P16621,Chennai,Penthouse,4870,2,1,20,9,20,Semi Furnished,"['Gym', 'Power Backup', 'Elevator', 'Garden', 'Wi-Fi']",3.19,5,46305225.81
P42836,Chandigarh,Duplex,1626,1,4,19,15,7,Fully Furnished,"['Gym', 'Parking', 'Elevator', 'Club House']",7.61,8,40028715.91
P15737,Chennai,Villa,4694,2,4,13,9,15,Unfurnished,"['Gym', 'Garden', 'Swimming Pool']",8.25,1,42761352.68
P96195,Chennai,Villa,706,4,1,8,16,7,Fully Furnished,"['Security', 'Garden', 'Power Backup', 'Parking', 'Gym', 'Club House']",1.91,6,10965953.95
P68887,Pune,Apartment,4366,2,2,3,28,19,Unfurnished,"['Gym', 'Garden', 'Club House']",2.69,8,2419540.84
P11065,Delhi,Villa,3763,1,4,9,18,17,Semi Furnished,"['Gym', 'Club House', 'Wi-Fi']",1.04,3,21611866.8
P78456,Chennai,Studio,4621,3,1,17,11,11,Semi Furnished,"['Security', 'Garden', 'Parking']",7.88,1,27768841.28
P91169,Ahmedabad,Apartment,4288,1,2,15,5,18,Fully Furnished,"['Gym', 'Garden', 'Swimming Pool', 'Elevator', 'Parking', 'Wi-Fi']",3.93,2,21877512.6
P13314,Ahmedabad,Apartment,2868,4,1,5,8,0,Unfurnished,"['Club House', 'Gym', 'Parking', 'Power Backup', 'Elevator']",7.96,4,6203940.02
P100044,Chandigarh,Penthouse,1193,2,4,7,15,9,Semi Furnished,"['Club House', 'Power Backup', 'Elevator', 'Garden', 'Swimming Pool', 'Parking']",5.25,8,13687768.99
P52183,Jaipur,Studio,2646,5,3,10,24,1,Unfurnished,"['Elevator', 'Gym', 'Power Backup']",1.24,6,14236368.75
P83923,Jaipur,Villa,2814,2,3,3,18,7,Unfurnished,"['Elevator', 'Club House', 'Power Backup', 'Security']",7.24,5,43922664.6
P22208,Bangalore,Apartment,3213,2,4,4,9,12,Semi Furnished,"['Club House', 'Parking', 'Security', 'Elevator', 'Wi-Fi']",4.23,3,14611342.17
P49005,Ahmedabad,Independent House,2156,2,1,14,26,20,Fully Furnished,"['Power Backup', 'Parking', 'Swimming Pool', 'Elevator', 'Gym', 'Wi-Fi']",9.68,3,14275215.8
P64709,Ahmedabad,Independent House,4903,3,4,15,24,14,Fully Furnished,"['Power Backup', 'Security', 'Wi-Fi', 'Garden', 'Gym', 'Parking']",9.69,9,18588465.41
P40954,Ahmedabad,Villa,4610,5,1,2,9,15,Fully Furnished,"['Wi-Fi', 'Power Backup', 'Elevator']",9.59,2,30279097.48
P33579,Chandigarh,Duplex,1379,3,3,9,23,19,Unfurnished,"['Parking', 'Power Backup', 'Garden']",6.15,3,12588835.45
P106059,Jaipur,Villa,4753,3,2,5,9,3,Fully Furnished,"['Swimming Pool', 'Wi-Fi', 'Elevator', 'Power Backup', 'Garden', 'Club House']",8.84,2,13109922.08
P49100,Mumbai,Apartment,2452,5,1,12,5,13,Unfurnished,"['Garden', 'Elevator', 'Swimming Pool', 'Club House']",6.32,7,4144518.95
P87493,Hyderabad,Apartment,1586,2,1,16,28,14,Semi Furnished,"['Garden', 'Security', 'Elevator', 'Gym', 'Swimming Pool']",5.27,8,25337865.26
P42950,Mumbai,Penthouse,4418,1,2,16,26,1,Unfurnished,"['Power Backup', 'Security', 'Gym', 'Garden']",7.24,5,18109400.95
P69203,Delhi,Independent House,1691,1,2,17,9,16,Unfurnished,"['Power Backup', 'Swimming Pool', 'Parking']",7.82,1,7262120.26
P42867,Mumbai,Villa,1795,1,3,3,18,10,Unfurnished,"['Swimming Pool', 'Gym', 'Parking', 'Wi-Fi', 'Security']",3.93,1,4967130.81
P66441,Jaipur,Independent House,2353,2,2,6,16,2,Unfurnished,"['Security', 'Parking', 'Elevator', 'Wi-Fi']",4.25,7,11309574.65
P44308,Mumbai,Duplex,945,1,1,12,10,9,Semi Furnished,"['Security', 'Swimming Pool', 'Parking', 'Elevator', 'Wi-Fi']",1.39,5,44332034.06
P77045,Chennai,Penthouse,1618,5,4,8,8,14,Unfurnished,"['Power Backup', 'Security', 'Swimming Pool', 'Garden']",1.77,7,18631697.45
P36838,Chandigarh,Studio,706,2,4,19,15,7,Fully Furnished,"['Gym', 'Security', 'Parking', 'Elevator']",2.2,4,9521732.4
P28598,Ahmedabad,Independent House,1707,3,4,20,26,2,Fully Furnished,"['Swimming Pool', 'Power Backup', 'Elevator']",2.93,2,38492291.88
P102990,Chennai,Independent House,3124,4,3,3,6,0,Semi Furnished,"['Security', 'Swimming Pool', 'Garden', 'Power Backup', 'Gym', 'Club House']",9.04,10,14366474.72
P94098,Chennai,Apartment,4273,1,2,12,26,1,Semi Furnished,"['Swimming Pool', 'Garden', 'Power Backup', 'Gym', 'Elevator', 'Club House']",9.76,8,48197348.2
P107238,Jaipur,Studio,2438,2,3,15,28,12,Semi Furnished,"['Club House', 'Wi-Fi', 'Power Backup', 'Garden']",1.84,7,35430996.24
P43189,Jaipur,Penthouse,3641,3,2,9,17,1,Semi Furnished,"['Wi-Fi', 'Swimming Pool', 'Security', 'Garden']",1.52,1,18121037.77
P14313,Delhi,Duplex,4441,1,2,9,16,0,Semi Furnished,"['Power Backup', 'Swimming Pool', 'Gym', 'Security']",2.3,9,6354624.86
P82940,Kolkata,Duplex,4804,5,3,19,6,16,Unfurnished,"['Gym', 'Swimming Pool', 'Elevator', 'Power Backup', 'Wi-Fi', 'Club House']",9.44,8,40822524.9
P70598,Mumbai,Penthouse,2379,1,2,4,29,0,Semi Furnished,"['Gym', 'Club House', 'Garden']",0.83,6,19558629.73
P65649,Hyderabad,Apartment,2873,1,3,19,8,7,Fully Furnished,"['Parking', 'Security', 'Wi-Fi', 'Garden', 'Club House']",6.32,7,6096159.86
P30360,Mumbai,Villa,3305,1,4,2,21,17,Unfurnished,"['Power Backup', 'Wi-Fi', 'Garden', 'Club House', 'Parking']",8,7,20311522.76
P70046,Delhi,Independent House,4227,5,4,1,26,8,Semi Furnished,"['Swimming Pool', 'Wi-Fi', 'Garden', 'Power Backup']",4.04,10,13573816.84
P30917,Hyderabad,Apartment,1180,2,3,15,18,8,Unfurnished,"['Security', 'Gym', 'Parking']",6.3,3,33165826.22
P59543,Hyderabad,Penthouse,4425,5,1,4,29,6,Semi Furnished,"['Wi-Fi', 'Elevator', 'Garden', 'Power Backup']",9.77,4,2871906.87
P33697,Chandigarh,Independent House,1809,1,4,10,22,19,Semi Furnished,"['Garden', 'Elevator', 'Club House', 'Swimming Pool', 'Gym', 'Wi-Fi']",8.49,5,23826428.26
P38577,Hyderabad,Penthouse,3736,4,3,12,14,2,Unfurnished,"['Wi-Fi', 'Club House', 'Gym', 'Elevator', 'Power Backup']",9.58,10,3721489.96
P91350,Kolkata,Studio,4300,4,1,16,5,1,Fully Furnished,"['Parking', 'Swimming Pool', 'Elevator']",9.79,5,30195151.12
P41430,Kolkata,Penthouse,3561,5,3,19,10,3,Unfurnished,"['Swimming Pool', 'Power Backup', 'Wi-Fi', 'Garden', 'Elevator', 'Gym']",3.34,6,30523122.08
P38759,Bangalore,Penthouse,1979,4,1,16,15,9,Semi Furnished,"['Garden', 'Club House', 'Swimming Pool']",4.32,6,47468411.62
P10314,Hyderabad,Studio,710,3,2,19,5,11,Fully Furnished,"['Gym', 'Parking', 'Elevator', 'Power Backup']",5.38,9,7346476.3
P49814,Chandigarh,Independent House,1534,4,4,15,26,0,Unfurnished,"['Garden', 'Swimming Pool', 'Wi-Fi', 'Power Backup', 'Parking']",2.2,9,36122273.59
P52326,Jaipur,Villa,4708,4,1,10,22,13,Unfurnished,"['Security', 'Swimming Pool', 'Club House', 'Power Backup', 'Garden', 'Wi-Fi']",2.01,1,47184130.5
P22739,Kolkata,Penthouse,1190,5,2,15,5,4,Fully Furnished,"['Wi-Fi', 'Club House', 'Elevator', 'Security']",1.24,6,1021809.71
P65714,Pune,Penthouse,1717,4,2,4,7,15,Unfurnished,"['Elevator', 'Garden', 'Security', 'Power Backup', 'Parking']",7.22,5,1185103.5
P38602,Chennai,Penthouse,1439,5,4,3,5,1,Fully Furnished,"['Wi-Fi', 'Parking', 'Power Backup', 'Elevator']",9.13,8,45788772.73
P82191,Chennai,Villa,4803,5,3,9,18,5,Unfurnished,"['Swimming Pool', 'Wi-Fi', 'Gym', 'Security', 'Parking']",5.76,1,14716239.86
P43678,Bangalore,Duplex,3237,1,2,15,7,18,Unfurnished,"['Wi-Fi', 'Garden', 'Swimming Pool', 'Parking', 'Gym', 'Security']",8.59,5,30644489.03
P105047,Bangalore,Apartment,1595,5,1,18,17,9,Semi Furnished,"['Swimming Pool', 'Security', 'Parking', 'Power Backup', 'Elevator', 'Wi-Fi']",8.07,3,29260171.14
P32355,Kolkata,Penthouse,1768,1,3,20,20,13,Unfurnished,"['Swimming Pool', 'Garden', 'Parking', 'Club House', 'Gym']",5.09,10,833806.8
P53351,Delhi,Duplex,4297,5,3,1,9,7,Semi Furnished,"['Garden', 'Club House', 'Elevator', 'Security', 'Power Backup']",3.74,5,47645177.62
P88941,Mumbai,Apartment,2841,1,4,17,10,8,Semi Furnished,"['Wi-Fi', 'Swimming Pool', 'Elevator', 'Club House']",2.56,10,9422209.88
P21445,Delhi,Penthouse,3848,2,2,19,29,2,Unfurnished,"['Parking', 'Elevator', 'Club House', 'Garden', 'Power Backup', 'Wi-Fi']",2.5,5,7381681.36
P48156,Pune,Studio,1293,5,3,20,22,15,Fully Furnished,"['Wi-Fi', 'Swimming Pool', 'Club House', 'Power Backup', 'Elevator', 'Parking']",4.64,4,10478912.11
P78589,Kolkata,Villa,1286,5,4,16,21,9,Semi Furnished,"['Parking', 'Garden', 'Power Backup', 'Swimming Pool', 'Elevator', 'Wi-Fi']",5.05,3,39407657.24
P28308,Mumbai,Penthouse,1402,4,1,13,9,13,Fully Furnished,"['Garden', 'Parking', 'Security']",1.36,1,34488927.38
P103320,Kolkata,Studio,3903,2,2,13,9,2,Semi Furnished,"['Parking', 'Power Backup', 'Gym', 'Security']",1.64,8,24461022.75
P48243,Bangalore,Independent House,4394,3,4,11,23,16,Fully Furnished,"['Swimming Pool', 'Security', 'Garden', 'Power Backup', 'Wi-Fi', 'Parking']",2.31,1,43471050.07
P57733,Jaipur,Studio,4362,3,4,17,20,20,Fully Furnished,"['Garden', 'Power Backup', 'Wi-Fi', 'Gym', 'Parking']",4.15,6,22683018.72
P25165,Ahmedabad,Penthouse,1572,1,3,20,6,10,Fully Furnished,"['Parking', 'Elevator', 'Security', 'Club House', 'Garden', 'Gym']",8.31,6,24819636.86
P85433,Chennai,Duplex,529,1,2,17,5,16,Fully Furnished,"['Wi-Fi', 'Swimming Pool', 'Gym', 'Elevator', 'Security', 'Club House']",6.95,2,17443002.85
P79159,Delhi,Apartment,4840,5,3,13,20,16,Fully Furnished,"['Swimming Pool', 'Gym', 'Club House', 'Elevator']",4.85,2,18662585.22
P52421,Kolkata,Penthouse,620,5,1,8,28,9,Fully Furnished,"['Swimming Pool', 'Security', 'Elevator', 'Power Backup', 'Parking']",8.35,2,3987196.46
P90121,Delhi,Studio,921,5,3,17,6,18,Unfurnished,"['Gym', 'Power Backup', 'Parking', 'Wi-Fi']",2.39,10,36828771.82
P26017,Chennai,Independent House,1932,4,3,16,29,17,Fully Furnished,"['Wi-Fi', 'Parking', 'Garden', 'Gym']",6.76,4,15579312.43
P25138,Jaipur,Duplex,4166,1,2,13,25,13,Unfurnished,"['Parking', 'Wi-Fi', 'Gym', 'Club House', 'Power Backup']",9.94,8,33520100.68
P36498,Hyderabad,Penthouse,1285,4,4,8,8,1,Unfurnished,"['Swimming Pool', 'Gym', 'Garden', 'Power Backup']",7.74,6,3687859.58
P51942,Mumbai,Independent House,1661,4,2,14,6,0,Semi Furnished,"['Elevator', 'Parking', 'Club House']",5.62,6,25109300.23
P52951,Hyderabad,Apartment,3555,1,1,8,5,19,Fully Furnished,"['Security', 'Wi-Fi', 'Parking']",6.17,3,21339476.47
P73784,Mumbai,Villa,1122,2,3,9,29,16,Unfurnished,"['Club House', 'Parking', 'Power Backup']",2.41,4,20624183.92
P82009,Pune,Independent House,3699,4,2,6,9,11,Semi Furnished,"['Gym', 'Garden', 'Wi-Fi', 'Security', 'Club House']",3.24,5,37913166.62
P37346,Mumbai,Studio,920,3,1,5,30,3,Semi Furnished,"['Club House', 'Wi-Fi', 'Power Backup', 'Security']",8.35,10,15353099.36
P107273,Chandigarh,Villa,3305,3,4,13,20,3,Semi Furnished,"['Gym', 'Power Backup', 'Garden']",9.54,5,32067582.93
P44962,Jaipur,Apartment,4928,4,1,4,25,4,Unfurnished,"['Wi-Fi', 'Garden', 'Power Backup', 'Gym', 'Security', 'Swimming Pool']",8.28,5,21404723.02
P15850,Bangalore,Independent House,1158,5,2,11,25,8,Semi Furnished,"['Security', 'Garden', 'Elevator', 'Parking']",8.94,1,35831745.97
P53796,Hyderabad,Apartment,2188,1,1,11,27,20,Fully Furnished,"['Wi-Fi', 'Parking', 'Power Backup', 'Security']",7.57,2,9833363.37
P56951,Kolkata,Duplex,1964,5,3,19,29,9,Fully Furnished,"['Gym', 'Parking', 'Wi-Fi', 'Garden', 'Power Backup', 'Club House']",1.11,8,20792429.19
P107691,Chandigarh,Independent House,2646,4,3,9,17,7,Semi Furnished,"['Garden', 'Swimming Pool', 'Wi-Fi']",1.17,5,41964697.88
P75059,Mumbai,Duplex,1280,1,1,2,16,13,Fully Furnished,"['Parking', 'Garden', 'Security', 'Club House']",2.86,1,24315047.18
P103071,Delhi,Villa,3811,2,3,11,20,14,Unfurnished,"['Power Backup', 'Garden', 'Swimming Pool', 'Elevator', 'Club House']",6.26,10,31967141.8
P13515,Hyderabad,Villa,1713,1,4,16,26,11,Unfurnished,"['Parking', 'Garden', 'Elevator', 'Club House', 'Power Backup', 'Gym']",6.36,3,30412654.85
P22531,Hyderabad,Apartment,4155,5,1,15,10,0,Unfurnished,"['Power Backup', 'Parking', 'Swimming Pool', 'Gym', 'Wi-Fi', 'Elevator']",6.34,7,2777337.33
P89888,Delhi,Apartment,1917,3,1,20,20,2,Semi Furnished,"['Parking', 'Club House', 'Swimming Pool', 'Power Backup', 'Garden']",9.23,3,12169132.87
P109253,Delhi,Duplex,2487,4,3,19,23,9,Semi Furnished,"['Wi-Fi', 'Elevator', 'Garden', 'Club House']",4.24,2,14327195.25
P54344,Pune,Duplex,2130,4,3,15,8,12,Semi Furnished,"['Wi-Fi', 'Club House', 'Garden', 'Security', 'Power Backup', 'Gym']",1.12,7,27295403.29
P100871,Kolkata,Studio,2063,1,1,13,15,3,Fully Furnished,"['Security', 'Wi-Fi', 'Parking']",8.35,5,4097539.76
P11314,Pune,Independent House,1125,2,4,5,6,1,Fully Furnished,"['Club House', 'Elevator', 'Swimming Pool', 'Security', 'Garden']",7.15,6,43506571.75
P22778,Pune,Duplex,1800,1,3,14,23,12,Fully Furnished,"['Wi-Fi', 'Elevator', 'Swimming Pool']",9.87,8,16623656.49
P68644,Chandigarh,Duplex,4305,1,1,14,8,8,Unfurnished,"['Garden', 'Power Backup', 'Club House', 'Gym', 'Security', 'Elevator']",4.78,3,4855854.15
P79207,Chennai,Apartment,3857,1,3,4,26,4,Semi Furnished,"['Security', 'Club House', 'Parking']",0.78,6,41565661.63
P79811,Jaipur,Studio,2238,3,2,17,26,6,Semi Furnished,"['Security', 'Parking', 'Club House', 'Elevator', 'Swimming Pool', 'Gym']",9.48,2,34980011.9
P37968,Jaipur,Studio,2881,4,3,20,15,19,Semi Furnished,"['Wi-Fi', 'Club House', 'Parking', 'Power Backup', 'Swimming Pool', 'Gym']",6.66,10,41651876.99
P37513,Hyderabad,Studio,2237,4,3,9,22,18,Unfurnished,"['Security', 'Swimming Pool', 'Gym']",3.51,3,33967306.16
P79984,Chennai,Apartment,725,4,1,11,17,19,Fully Furnished,"['Parking', 'Elevator', 'Security', 'Garden', 'Club House']",9.13,6,11727280.82
P29416,Pune,Apartment,4031,1,1,6,17,13,Fully Furnished,"['Garden', 'Wi-Fi', 'Swimming Pool', 'Power Backup', 'Elevator']",2.38,8,15965848.52
P18902,Delhi,Penthouse,1686,5,4,19,24,3,Fully Furnished,"['Power Backup', 'Swimming Pool', 'Gym', 'Elevator']",0.91,10,34665491.13
P81127,Chandigarh,Apartment,4293,1,3,17,26,10,Unfurnished,"['Elevator', 'Garden', 'Power Backup', 'Wi-Fi']",9.16,5,17491691.3
P26308,Chennai,Duplex,2126,4,1,5,22,1,Semi Furnished,"['Swimming Pool', 'Parking', 'Power Backup', 'Wi-Fi', 'Club House']",8.02,1,46269304.81
P105507,Ahmedabad,Penthouse,1225,3,4,11,7,10,Unfurnished,"['Garden', 'Elevator', 'Club House']",5.63,3,17014131.02
P22818,Chandigarh,Villa,4522,3,1,4,12,20,Unfurnished,"['Gym', 'Garden', 'Power Backup', 'Wi-Fi']",6.31,5,9133023.1
P80467,Chandigarh,Independent House,4585,5,2,11,10,6,Semi Furnished,"['Gym', 'Club House', 'Wi-Fi', 'Elevator']",2.76,2,49254709.93
P20903,Mumbai,Villa,2262,4,2,14,15,16,Unfurnished,"['Elevator', 'Security', 'Gym']",7.44,9,47883940.33
P57210,Kolkata,Penthouse,1105,3,3,7,15,2,Unfurnished,"['Garden', 'Wi-Fi', 'Club House']",4.39,1,42784551.56
P52050,Chennai,Studio,3682,2,3,3,24,15,Fully Furnished,"['Wi-Fi', 'Security', 'Elevator']",3.57,3,42695551.95
P25516,Hyderabad,Independent House,3821,1,3,1,24,15,Semi Furnished,"['Garden', 'Elevator', 'Club House', 'Wi-Fi']",5.19,1,2190900.69
P74664,Ahmedabad,Duplex,3115,3,1,17,30,14,Semi Furnished,"['Garden', 'Wi-Fi', 'Parking', 'Elevator']",7.8,10,5202285.61
P107863,Chandigarh,Studio,4264,3,4,3,27,16,Semi Furnished,"['Gym', 'Garden', 'Security', 'Wi-Fi', 'Elevator']",6.33,9,20902108.73
P77413,Bangalore,Duplex,4242,5,1,1,10,0,Fully Furnished,"['Gym', 'Club House', 'Parking']",0.95,7,46899009.6
P93107,Hyderabad,Villa,3647,4,4,8,19,14,Semi Furnished,"['Club House', 'Security', 'Parking', 'Power Backup', 'Wi-Fi']",8.58,1,31885328.78
P70816,Mumbai,Penthouse,3778,1,3,13,13,15,Unfurnished,"['Swimming Pool', 'Club House', 'Parking', 'Wi-Fi', 'Garden']",0.76,10,25817918.44
P107368,Mumbai,Penthouse,3150,2,4,18,7,9,Fully Furnished,"['Swimming Pool', 'Gym', 'Security', 'Wi-Fi', 'Club House', 'Elevator']",5.07,1,35639508.82
P33731,Mumbai,Penthouse,1279,1,2,5,22,7,Fully Furnished,"['Club House', 'Gym', 'Power Backup']",8.32,3,16719006.09
P67901,Delhi,Studio,3946,2,3,12,24,0,Unfurnished,"['Gym', 'Wi-Fi', 'Parking', 'Swimming Pool', 'Power Backup']",8.25,2,48320069.61
P98755,Mumbai,Villa,2972,1,2,15,23,15,Fully Furnished,"['Parking', 'Gym', 'Elevator', 'Club House']",8.7,10,15772454.85
P12193,Bangalore,Apartment,1149,2,1,9,15,18,Fully Furnished,"['Wi-Fi', 'Club House', 'Parking', 'Power Backup', 'Swimming Pool']",1.42,2,49185380.53
P67298,Kolkata,Studio,2167,2,3,5,17,19,Semi Furnished,"['Security', 'Garden', 'Gym', 'Power Backup']",7.5,4,20556484.82
P55033,Jaipur,Independent House,4314,2,1,20,29,7,Unfurnished,"['Power Backup', 'Swimming Pool', 'Elevator', 'Security', 'Garden']",1.86,1,5019795.95
P55341,Bangalore,Villa,2672,4,2,14,25,14,Semi Furnished,"['Security', 'Club House', 'Gym', 'Wi-Fi']",2.98,5,2107035.68
P35789,Hyderabad,Villa,1695,5,3,9,22,6,Unfurnished,"['Elevator', 'Security', 'Swimming Pool', 'Gym', 'Wi-Fi']",9.94,2,30016712.02
P62386,Bangalore,Independent House,1362,4,4,11,22,3,Fully Furnished,"['Swimming Pool', 'Gym', 'Club House', 'Parking', 'Wi-Fi', 'Power Backup']",1.97,10,37004630.08
P106078,Chandigarh,Studio,3542,4,2,9,16,4,Fully Furnished,"['Power Backup', 'Parking', 'Garden', 'Swimming Pool']",1.78,3,45113549.45
P53838,Hyderabad,Apartment,2983,5,2,6,25,6,Unfurnished,"['Wi-Fi', 'Swimming Pool', 'Power Backup', 'Parking', 'Club House']",4.06,7,533595.02
P48242,Pune,Penthouse,3472,4,4,13,13,17,Fully Furnished,"['Gym', 'Elevator', 'Wi-Fi', 'Garden', 'Club House', 'Swimming Pool']",5.59,1,31836948.24
P108672,Chennai,Apartment,4321,5,2,20,13,18,Unfurnished,"['Elevator', 'Gym', 'Garden']",1.94,3,7070257.79
P71875,Ahmedabad,Penthouse,4614,1,4,2,24,13,Fully Furnished,"['Elevator', 'Wi-Fi', 'Swimming Pool', 'Club House', 'Security']",3.67,9,39875474.96
P27006,Kolkata,Independent House,2508,1,3,15,5,9,Fully Furnished,"['Club House', 'Power Backup', 'Gym']",2.07,7,6762982.95
P36110,Ahmedabad,Independent House,4148,1,4,16,7,11,Fully Furnished,"['Power Backup', 'Parking', 'Swimming Pool']",8.84,10,46547620.3
P87425,Mumbai,Studio,4177,4,3,4,24,9,Unfurnished,"['Swimming Pool', 'Gym', 'Parking', 'Garden', 'Security']",1.53,3,15939825.79
P25554,Ahmedabad,Apartment,2490,4,1,16,11,4,Unfurnished,"['Parking', 'Gym', 'Security', 'Wi-Fi']",7.24,1,29111505.67
P18549,Pune,Duplex,4799,1,4,4,7,15,Fully Furnished,"['Garden', 'Elevator', 'Power Backup']",6.99,7,46555009.19
P21540,Ahmedabad,Penthouse,954,5,4,15,13,15,Unfurnished,"['Swimming Pool', 'Elevator', 'Power Backup', 'Garden', 'Club House', 'Wi-Fi']",7.39,10,48487981.52
P24237,Chennai,Penthouse,3599,2,4,14,6,14,Semi Furnished,"['Parking', 'Swimming Pool', 'Club House']",2.3,5,12267836.87
P99380,Mumbai,Apartment,1110,2,4,19,13,4,Semi Furnished,"['Parking', 'Swimming Pool', 'Wi-Fi', 'Power Backup', 'Elevator']",7.72,10,14896292.99
P42635,Bangalore,Penthouse,1100,5,1,19,22,11,Unfurnished,"['Garden', 'Power Backup', 'Wi-Fi']",2.99,2,14033085.64
P103804,Kolkata,Apartment,3642,4,4,12,10,2,Unfurnished,"['Power Backup', 'Elevator', 'Swimming Pool', 'Club House', 'Gym']",2.93,9,30040107.56
P98464,Kolkata,Penthouse,3329,3,1,10,7,8,Semi Furnished,"['Gym', 'Power Backup', 'Garden', 'Wi-Fi', 'Elevator']",9.93,3,23978775.67
P37088,Mumbai,Penthouse,4717,2,3,2,14,14,Fully Furnished,"['Parking', 'Elevator', 'Swimming Pool', 'Club House', 'Gym', 'Garden']",8.45,5,9117661.34
P41549,Jaipur,Villa,2277,3,3,4,6,20,Semi Furnished,"['Garden', 'Parking', 'Elevator', 'Power Backup', 'Gym']",9.04,5,33849591.62
P79880,Hyderabad,Penthouse,2765,2,1,17,10,18,Unfurnished,"['Parking', 'Power Backup', 'Garden', 'Wi-Fi']",5.58,6,36807080.78
P14055,Hyderabad,Penthouse,4483,5,4,5,25,0,Fully Furnished,"['Security', 'Club House', 'Elevator', 'Garden', 'Wi-Fi', 'Gym']",7.27,2,19044621.77
P56473,Bangalore,Independent House,4174,4,1,9,7,11,Unfurnished,"['Wi-Fi', 'Security', 'Elevator', 'Club House', 'Swimming Pool', 'Parking']",3.64,6,7774320.41
P19840,Delhi,Duplex,4830,4,3,18,13,2,Unfurnished,"['Swimming Pool', 'Power Backup', 'Security', 'Gym', 'Wi-Fi', 'Garden']",7.84,3,12459520.12
P94250,Chandigarh,Villa,3898,3,2,12,10,13,Semi Furnished,"['Parking', 'Swimming Pool', 'Security', 'Club House', 'Power Backup', 'Elevator']",3.45,3,33540910.84
P36316,Jaipur,Penthouse,3878,1,1,19,29,12,Semi Furnished,"['Club House', 'Security', 'Gym', 'Parking', 'Power Backup', 'Swimming Pool']",6.32,8,15531067.46
P47235,Mumbai,Duplex,4983,3,1,15,28,18,Semi Furnished,"['Security', 'Power Backup', 'Club House', 'Wi-Fi']",7.57,2,8429383.29
P24596,Chandigarh,Penthouse,3740,2,4,15,20,12,Semi Furnished,"['Power Backup', 'Security', 'Garden', 'Club House', 'Swimming Pool']",4.45,9,28962595.34
P40456,Pune,Apartment,2244,3,1,7,6,5,Fully Furnished,"['Elevator', 'Gym', 'Power Backup', 'Wi-Fi', 'Club House', 'Parking']",7.32,10,8948298.97
P109346,Delhi,Independent House,2875,2,4,2,7,2,Unfurnished,"['Gym', 'Power Backup', 'Security']",5.07,9,12562371.64
P42363,Kolkata,Independent House,3877,2,1,14,22,16,Semi Furnished,"['Gym', 'Swimming Pool', 'Security']",3.9,10,13898948.4
P58457,Bangalore,Villa,3430,3,1,15,20,15,Semi Furnished,"['Swimming Pool', 'Elevator', 'Garden']",6.65,9,38585621.5
P109175,Kolkata,Studio,2231,4,2,20,20,18,Fully Furnished,"['Gym', 'Elevator', 'Parking', 'Power Backup', 'Wi-Fi']",7.41,5,13784259.86
P35058,Bangalore,Apartment,4432,5,4,2,19,15,Semi Furnished,"['Swimming Pool', 'Elevator', 'Parking', 'Wi-Fi', 'Power Backup', 'Club House']",6.3,10,25347474.65
P19945,Chennai,Studio,3571,2,4,8,14,8,Semi Furnished,"['Swimming Pool', 'Garden', 'Club House']",5.04,7,35560354.69
P77022,Mumbai,Penthouse,1695,2,1,17,24,15,Unfurnished,"['Wi-Fi', 'Parking', 'Security']",1.52,10,30083655.37
P73864,Kolkata,Studio,4761,3,4,4,23,10,Fully Furnished,"['Wi-Fi', 'Garden', 'Security', 'Power Backup', 'Elevator', 'Club House']",2.86,4,3450435.12
P67781,Mumbai,Villa,1670,2,1,12,13,7,Fully Furnished,"['Swimming Pool', 'Parking', 'Garden']",8.09,4,9786176.18
P28232,Ahmedabad,Penthouse,4392,2,2,12,13,19,Unfurnished,"['Garden', 'Security', 'Swimming Pool']",9.05,7,44885371.57
P100888,Kolkata,Studio,4533,5,4,20,24,6,Semi Furnished,"['Security', 'Parking', 'Garden', 'Elevator']",9.36,2,8039335.22
P41838,Chandigarh,Studio,2905,3,2,10,17,17,Fully Furnished,"['Security', 'Wi-Fi', 'Parking', 'Elevator', 'Swimming Pool']",5.48,6,34891208.65
P67974,Chandigarh,Independent House,4718,1,4,2,9,18,Unfurnished,"['Security', 'Elevator', 'Parking']",1.01,7,16681241.02
P31172,Bangalore,Independent House,1637,3,4,18,5,4,Unfurnished,"['Swimming Pool', 'Security', 'Power Backup', 'Parking', 'Garden']",0.54,1,43453953.25
P59313,Bangalore,Independent House,2549,5,2,16,14,15,Fully Furnished,"['Gym', 'Parking', 'Club House']",8.38,4,4977804.29
P95794,Delhi,Studio,4261,1,3,4,20,9,Fully Furnished,"['Security', 'Elevator', 'Garden', 'Wi-Fi', 'Swimming Pool', 'Power Backup']",1.71,8,41448196.44
P101544,Mumbai,Villa,1940,3,3,14,13,1,Unfurnished,"['Wi-Fi', 'Parking', 'Elevator', 'Club House']",9.45,6,47312958.22
P64796,Jaipur,Studio,3032,4,1,20,21,17,Unfurnished,"['Club House', 'Power Backup', 'Garden', 'Swimming Pool', 'Security']",5.43,4,12091321.68
P68326,Mumbai,Villa,1569,4,2,6,19,11,Unfurnished,"['Security', 'Gym', 'Club House', 'Wi-Fi', 'Parking']",5.83,8,46432660.77
P35765,Chandigarh,Independent House,2601,3,1,4,15,2,Unfurnished,"['Club House', 'Parking', 'Security', 'Power Backup', 'Elevator', 'Garden']",9.24,9,22736806.84
P27261,Ahmedabad,Duplex,771,1,4,4,23,8,Fully Furnished,"['Power Backup', 'Gym', 'Security', 'Wi-Fi', 'Swimming Pool']",6.54,9,27912720.22
P57960,Chennai,Penthouse,605,2,3,10,26,10,Semi Furnished,"['Security', 'Wi-Fi', 'Parking', 'Swimming Pool']",5.65,5,12068617.45
P15802,Delhi,Studio,588,5,1,12,16,15,Fully Furnished,"['Swimming Pool', 'Club House', 'Parking']",3.65,2,23969731.07
P70131,Pune,Independent House,3945,3,3,14,9,20,Unfurnished,"['Elevator', 'Swimming Pool', 'Parking', 'Power Backup', 'Wi-Fi', 'Garden']",5.37,4,25038312.59
P88358,Chandigarh,Studio,4009,4,3,11,10,16,Unfurnished,"['Garden', 'Club House', 'Swimming Pool', 'Power Backup', 'Parking']",2.11,8,3497148.73
P101014,Jaipur,Penthouse,1382,1,3,2,17,16,Semi Furnished,"['Power Backup', 'Parking', 'Gym', 'Swimming Pool', 'Club House']",6.35,2,44512465.41
P108987,Kolkata,Penthouse,4766,2,2,10,20,10,Fully Furnished,"['Elevator', 'Garden', 'Swimming Pool', 'Gym']",1.69,1,24068080.05
P27061,Bangalore,Studio,1139,1,4,6,25,16,Semi Furnished,"['Wi-Fi', 'Security', 'Gym', 'Swimming Pool', 'Club House', 'Parking']",7.02,1,42331743.84
P39718,Chandigarh,Villa,4696,3,4,7,18,20,Fully Furnished,"['Parking', 'Club House', 'Swimming Pool']",4.84,5,46852917.21
P16363,Ahmedabad,Villa,1404,5,2,20,8,8,Unfurnished,"['Elevator', 'Parking', 'Club House', 'Swimming Pool']",3.91,5,39491613.73
P40204,Pune,Apartment,751,4,4,12,23,4,Fully Furnished,"['Elevator', 'Security', 'Power Backup', 'Club House']",7.91,9,35720185.23
P11838,Pune,Independent House,587,2,1,2,11,6,Semi Furnished,"['Elevator', 'Swimming Pool', 'Club House', 'Garden', 'Power Backup', 'Security']",2.52,3,45006378.28
P66467,Kolkata,Independent House,1988,3,3,14,5,2,Fully Furnished,"['Club House', 'Elevator', 'Power Backup', 'Wi-Fi', 'Swimming Pool', 'Garden']",2.47,3,24586415.12
P104650,Hyderabad,Independent House,4235,3,4,9,6,0,Unfurnished,"['Power Backup', 'Club House', 'Wi-Fi']",3.13,4,2133597.39
P102199,Bangalore,Duplex,3604,5,3,16,18,9,Semi Furnished,"['Parking', 'Club House', 'Gym', 'Power Backup', 'Security', 'Garden']",0.89,2,5068895.6
P107006,Jaipur,Penthouse,1752,2,3,8,24,14,Unfurnished,"['Club House', 'Elevator', 'Wi-Fi', 'Swimming Pool']",0.73,9,16344841.22
P74347,Kolkata,Apartment,2829,3,2,10,11,10,Unfurnished,"['Security', 'Elevator', 'Wi-Fi', 'Club House']",0.96,9,8173258.05
P35899,Pune,Apartment,4365,4,4,19,6,15,Unfurnished,"['Club House', 'Power Backup', 'Parking', 'Garden', 'Swimming Pool']",1.1,1,31933591.88
P55110,Jaipur,Independent House,2554,3,4,12,6,16,Unfurnished,"['Wi-Fi', 'Club House', 'Power Backup']",7.72,7,23169729.91
P27997,Mumbai,Duplex,1090,4,1,5,23,4,Unfurnished,"['Parking', 'Swimming Pool', 'Elevator', 'Wi-Fi']",5.46,7,38960455.74
P48251,Mumbai,Studio,2937,2,3,20,24,15,Semi Furnished,"['Parking', 'Power Backup', 'Security', 'Garden', 'Elevator']",4.16,7,46280412.03
P47911,Mumbai,Penthouse,506,1,4,1,14,1,Semi Furnished,"['Elevator', 'Security', 'Parking', 'Gym']",8.99,5,15288002.88
P74287,Bangalore,Studio,846,4,2,12,6,4,Semi Furnished,"['Power Backup', 'Parking', 'Club House', 'Garden']",5.08,2,6270456.25
P67412,Mumbai,Apartment,3013,4,4,16,16,19,Unfurnished,"['Gym', 'Swimming Pool', 'Security', 'Wi-Fi']",5.89,6,10225183.7
P63846,Delhi,Duplex,4780,3,2,16,9,8,Semi Furnished,"['Power Backup', 'Swimming Pool', 'Club House']",6.27,1,18700135.15
P37300,Chandigarh,Penthouse,3281,3,4,13,10,18,Fully Furnished,"['Gym', 'Club House', 'Parking', 'Security', 'Elevator']",5.26,10,46715952.93
P97086,Delhi,Duplex,1795,2,4,9,15,3,Unfurnished,"['Wi-Fi', 'Garden', 'Parking', 'Swimming Pool']",8.24,7,44219359.94
P45253,Bangalore,Villa,3897,4,2,19,24,9,Fully Furnished,"['Swimming Pool', 'Elevator', 'Gym']",1.21,5,29838296.65
P52398,Hyderabad,Duplex,3944,4,1,16,24,11,Unfurnished,"['Swimming Pool', 'Parking', 'Garden', 'Gym', 'Wi-Fi', 'Club House']",6.3,9,3687170.57
P99727,Kolkata,Villa,1499,1,1,14,27,16,Semi Furnished,"['Power Backup', 'Wi-Fi', 'Elevator']",6.9,3,17472069.73
P51445,Bangalore,Studio,2700,4,1,16,7,8,Fully Furnished,"['Security', 'Wi-Fi', 'Gym']",6.97,1,2808309.55
P97698,Mumbai,Duplex,554,4,2,20,14,16,Fully Furnished,"['Swimming Pool', 'Gym', 'Security', 'Power Backup']",7.19,8,551659.99
P79606,Mumbai,Duplex,2992,4,2,7,8,11,Unfurnished,"['Swimming Pool', 'Elevator', 'Parking', 'Power Backup', 'Security']",7.51,1,4879418.52
P72114,Jaipur,Penthouse,4835,5,4,1,13,10,Unfurnished,"['Security', 'Wi-Fi', 'Club House', 'Elevator', 'Power Backup', 'Gym']",7.66,9,37465551.78
P107136,Jaipur,Villa,2074,1,3,3,30,13,Fully Furnished,"['Swimming Pool', 'Garden', 'Elevator', 'Club House', 'Parking']",2.65,10,4018541.8
P22849,Pune,Villa,2211,3,2,15,22,20,Unfurnished,"['Club House', 'Gym', 'Swimming Pool', 'Wi-Fi', 'Power Backup', 'Garden']",1.2,2,37944140.33
P86667,Pune,Apartment,1916,5,3,20,29,15,Unfurnished,"['Power Backup', 'Garden', 'Wi-Fi', 'Swimming Pool', 'Security']",2.21,5,9225011.31
P75873,Chandigarh,Studio,2501,4,4,19,28,15,Fully Furnished,"['Elevator', 'Wi-Fi', 'Parking']",9.27,5,8246111.15
P13544,Ahmedabad,Penthouse,2574,2,2,1,18,5,Fully Furnished,"['Swimming Pool', 'Security', 'Power Backup', 'Parking']",6.67,9,35626083.94
P33798,Kolkata,Independent House,1450,3,4,17,24,11,Fully Furnished,"['Power Backup', 'Club House', 'Security', 'Gym', 'Parking']",8.72,8,24747396.35
P15791,Chennai,Villa,1899,4,3,1,14,1,Fully Furnished,"['Gym', 'Power Backup', 'Elevator', 'Security', 'Swimming Pool', 'Parking']",4.76,3,43915879.97
P99078,Chennai,Apartment,3818,2,3,11,16,12,Fully Furnished,"['Garden', 'Wi-Fi', 'Gym']",7.84,2,33260489.1
P18579,Kolkata,Studio,3767,5,3,10,21,19,Semi Furnished,"['Elevator', 'Wi-Fi', 'Swimming Pool', 'Club House', 'Power Backup', 'Garden']",3.94,9,49771470.87
P69007,Chennai,Studio,2148,2,1,16,13,3,Unfurnished,"['Parking', 'Garden', 'Gym']",9.49,1,25620656.29
P92839,Mumbai,Apartment,3501,2,4,7,29,1,Unfurnished,"['Club House', 'Power Backup', 'Swimming Pool', 'Garden']",9.85,2,3988279.6
P26756,Kolkata,Duplex,1851,3,1,7,18,8,Fully Furnished,"['Parking', 'Security', 'Garden', 'Power Backup']",9.02,7,34459184.2
P47999,Hyderabad,Duplex,2510,1,3,17,15,1,Semi Furnished,"['Club House', 'Power Backup', 'Garden', 'Gym', 'Parking']",2.17,9,26495341.58
P82008,Chandigarh,Villa,1131,2,3,6,28,19,Semi Furnished,"['Garden', 'Power Backup', 'Swimming Pool', 'Gym', 'Parking', 'Club House']",3.48,2,37526010.71
P72216,Chennai,Villa,1614,4,2,6,12,9,Semi Furnished,"['Club House', 'Security', 'Power Backup', 'Wi-Fi', 'Parking']",4.62,1,19467082.85
P75769,Delhi,Independent House,2728,5,3,15,7,8,Fully Furnished,"['Garden', 'Wi-Fi', 'Parking']",9.31,1,39463103.22
P57930,Chandigarh,Penthouse,4268,2,1,1,21,11,Unfurnished,"['Gym', 'Parking', 'Wi-Fi', 'Club House']",0.9,1,39143118.06
P14475,Jaipur,Studio,4043,4,2,16,18,20,Fully Furnished,"['Power Backup', 'Garden', 'Gym', 'Wi-Fi']",5.03,7,37833614.5
P66613,Kolkata,Penthouse,1661,4,1,6,30,15,Fully Furnished,"['Parking', 'Security', 'Gym', 'Wi-Fi']",2.25,10,7891248.7
P48981,Chandigarh,Studio,3934,3,2,18,6,16,Unfurnished,"['Parking', 'Gym', 'Elevator']",0.98,10,43217133.87
P10973,Chennai,Independent House,3228,2,4,11,5,17,Unfurnished,"['Garden', 'Security', 'Power Backup', 'Parking', 'Gym', 'Wi-Fi']",7.35,4,11642736.53
P12331,Mumbai,Apartment,2097,5,4,3,14,8,Fully Furnished,"['Power Backup', 'Elevator', 'Gym', 'Garden']",7.99,9,8209480.61
P48530,Mumbai,Penthouse,1263,3,1,18,7,1,Fully Furnished,"['Parking', 'Elevator', 'Wi-Fi', 'Security', 'Power Backup']",5.25,8,46263067.25
P89730,Ahmedabad,Duplex,719,2,2,19,20,12,Semi Furnished,"['Wi-Fi', 'Swimming Pool', 'Power Backup', 'Club House', 'Elevator', 'Parking']",7.4,2,13862738.16
P82401,Delhi,Independent House,4859,5,4,7,6,18,Fully Furnished,"['Security', 'Gym', 'Swimming Pool', 'Wi-Fi']",7.69,8,17870748.44
P68376,Jaipur,Apartment,2907,1,3,15,27,14,Semi Furnished,"['Wi-Fi', 'Swimming Pool', 'Parking', 'Garden']",3.95,7,39851894.65
P98620,Delhi,Independent House,1218,1,4,6,24,6,Semi Furnished,"['Garden', 'Power Backup', 'Club House', 'Gym']",2.57,5,24383173.87
P80288,Jaipur,Duplex,873,5,2,6,25,1,Fully Furnished,"['Wi-Fi', 'Elevator', 'Garden']",7.63,9,26933037.89
P106000,Pune,Apartment,3172,3,4,16,13,16,Unfurnished,"['Gym', 'Club House', 'Garden', 'Elevator', 'Security', 'Power Backup']",0.92,10,25903661.07
P84656,Jaipur,Apartment,2452,4,1,20,21,6,Fully Furnished,"['Garden', 'Swimming Pool', 'Security', 'Gym']",9.67,7,18973463.72
P13086,Chennai,Studio,4335,1,2,17,18,14,Unfurnished,"['Gym', 'Swimming Pool', 'Parking', 'Wi-Fi', 'Power Backup']",3.91,9,17571631.16
P79529,Mumbai,Studio,4191,5,1,7,24,3,Unfurnished,"['Security', 'Club House', 'Garden']",7.98,9,20694715.16
P109193,Pune,Villa,2909,1,2,6,28,9,Unfurnished,"['Swimming Pool', 'Elevator', 'Power Backup', 'Gym']",4.97,2,15851355.77
P91609,Ahmedabad,Independent House,2807,2,1,12,14,20,Fully Furnished,"['Club House', 'Elevator', 'Power Backup', 'Wi-Fi']",6.36,4,41118429.26
P53998,Pune,Studio,2483,1,3,15,24,15,Fully Furnished,"['Swimming Pool', 'Club House', 'Wi-Fi', 'Parking']",6.71,4,2077875.11
P24010,Chennai,Independent House,1072,1,2,18,13,18,Unfurnished,"['Swimming Pool', 'Power Backup', 'Security', 'Gym', 'Club House', 'Garden']",9.93,10,49592235.29
P51163,Jaipur,Apartment,605,1,4,7,26,5,Unfurnished,"['Security', 'Power Backup', 'Garden', 'Club House', 'Elevator']",5.69,4,19111098.22
P71715,Delhi,Independent House,1103,2,3,3,25,1,Fully Furnished,"['Power Backup', 'Security', 'Garden', 'Gym', 'Elevator']",6.58,5,26113361.03
P15408,Delhi,Studio,4237,5,1,20,17,11,Fully Furnished,"['Elevator', 'Security', 'Power Backup', 'Parking']",8.98,9,16573180.26
P35436,Pune,Villa,548,3,2,9,17,0,Semi Furnished,"['Security', 'Parking', 'Power Backup', 'Elevator', 'Gym']",2.57,10,18902648.39
P81679,Ahmedabad,Apartment,2278,2,4,20,12,8,Fully Furnished,"['Swimming Pool', 'Wi-Fi', 'Gym']",1.06,1,33484685.21
P28485,Bangalore,Villa,991,1,1,8,22,8,Unfurnished,"['Club House', 'Swimming Pool', 'Power Backup']",5.1,7,31130271.91
P40289,Ahmedabad,Villa,4651,1,1,20,19,5,Semi Furnished,"['Garden', 'Club House', 'Power Backup', 'Wi-Fi', 'Parking']",1.78,7,21128421.01
P70345,Delhi,Apartment,2249,3,1,16,19,2,Fully Furnished,"['Swimming Pool', 'Wi-Fi', 'Gym', 'Club House', 'Security']",2.22,3,4570214.72
P69109,Kolkata,Apartment,1954,5,2,5,26,3,Unfurnished,"['Gym', 'Club House', 'Parking']",8.74,5,566032.76
P74861,Kolkata,Duplex,2593,1,2,10,20,1,Semi Furnished,"['Garden', 'Parking', 'Gym']",0.9,9,5279528.96
P98328,Chandigarh,Studio,3621,2,1,9,19,4,Semi Furnished,"['Power Backup', 'Swimming Pool', 'Security', 'Elevator', 'Gym']",6.98,9,17864188.61
P77458,Pune,Studio,1907,1,4,4,25,1,Semi Furnished,"['Elevator', 'Swimming Pool', 'Garden', 'Wi-Fi']",6.01,5,20976247.59
P13760,Chandigarh,Villa,4826,5,1,17,8,2,Unfurnished,"['Garden', 'Gym', 'Parking']",6.94,1,32173635.16
P56674,Bangalore,Independent House,783,1,3,10,29,12,Semi Furnished,"['Security', 'Wi-Fi', 'Swimming Pool', 'Power Backup', 'Gym']",3.17,5,28195271.77
P87683,Pune,Apartment,3326,4,4,15,12,10,Fully Furnished,"['Gym', 'Garden', 'Elevator']",3.58,5,20840593.5
P49593,Pune,Studio,4327,3,4,13,19,19,Semi Furnished,"['Power Backup', 'Elevator', 'Garden', 'Security', 'Parking', 'Wi-Fi']",9.09,9,13306373.39
P102993,Chandigarh,Apartment,1690,5,4,9,25,18,Semi Furnished,"['Garden', 'Gym', 'Club House', 'Power Backup', 'Parking']",4.37,4,18751345.54
P106201,Chennai,Apartment,4475,2,1,20,27,4,Fully Furnished,"['Power Backup', 'Garden', 'Club House']",3.91,8,6321449.92
P23050,Mumbai,Villa,582,5,4,15,29,10,Semi Furnished,"['Security', 'Garden', 'Parking', 'Club House', 'Power Backup', 'Elevator']",9.02,7,5136844.66
P18500,Bangalore,Duplex,936,2,4,2,18,7,Semi Furnished,"['Garden', 'Wi-Fi', 'Parking', 'Power Backup']",1.93,7,46747054.67
P77329,Delhi,Independent House,4422,4,4,6,12,19,Fully Furnished,"['Wi-Fi', 'Gym', 'Parking']",6.35,4,33534384.4
P22615,Pune,Duplex,3698,4,3,20,7,19,Unfurnished,"['Garden', 'Swimming Pool', 'Elevator', 'Parking', 'Power Backup', 'Club House']",1.92,5,2243955.94
P60088,Pune,Duplex,1084,5,2,5,9,2,Fully Furnished,"['Parking', 'Elevator', 'Power Backup', 'Swimming Pool', 'Gym']",8.4,10,10780364.22
P34151,Jaipur,Independent House,2566,1,3,20,26,14,Semi Furnished,"['Gym', 'Power Backup', 'Wi-Fi', 'Garden']",5.19,3,8753774.3
P103286,Hyderabad,Duplex,1624,1,4,3,21,3,Fully Furnished,"['Parking', 'Gym', 'Wi-Fi', 'Swimming Pool', 'Power Backup', 'Club House']",1.98,5,33565419.72
P97710,Mumbai,Independent House,2984,3,1,13,6,3,Semi Furnished,"['Power Backup', 'Parking', 'Wi-Fi', 'Garden', 'Elevator', 'Gym']",9.36,9,34405331.07
P104452,Delhi,Duplex,4011,3,1,16,7,8,Semi Furnished,"['Wi-Fi', 'Club House', 'Elevator', 'Garden']",9.31,7,37391760.56
P94659,Jaipur,Apartment,1256,2,1,19,13,18,Unfurnished,"['Garden', 'Elevator', 'Gym', 'Club House', 'Swimming Pool', 'Wi-Fi']",6.88,3,6453770.79
P102385,Kolkata,Duplex,3852,1,2,18,25,16,Fully Furnished,"['Gym', 'Parking', 'Club House', 'Elevator', 'Swimming Pool', 'Security']",2,5,8106837.73
P31797,Chandigarh,Villa,2532,3,1,1,27,3,Semi Furnished,"['Security', 'Gym', 'Club House']",8.78,1,49430312.11
P101668,Bangalore,Apartment,1382,5,3,3,14,7,Semi Furnished,"['Power Backup', 'Swimming Pool', 'Club House', 'Elevator']",8.01,8,29542343.14
P27365,Bangalore,Independent House,2138,1,4,4,28,18,Semi Furnished,"['Power Backup', 'Club House', 'Parking', 'Elevator', 'Swimming Pool', 'Security']",4.88,4,29731398.81
P84598,Bangalore,Penthouse,4126,2,1,18,25,17,Semi Furnished,"['Club House', 'Gym', 'Garden', 'Power Backup', 'Swimming Pool', 'Wi-Fi']",8.61,3,27161312.87
P109300,Chandigarh,Independent House,948,2,3,18,5,13,Semi Furnished,"['Parking', 'Power Backup', 'Gym', 'Garden', 'Security', 'Elevator']",7.57,7,31179340.39
P87377,Chennai,Studio,3662,4,2,1,11,10,Semi Furnished,"['Swimming Pool', 'Power Backup', 'Security', 'Parking', 'Club House', 'Garden']",4.57,3,46406646.64
P36616,Jaipur,Independent House,3577,3,3,11,15,5,Semi Furnished,"['Parking', 'Club House', 'Power Backup', 'Wi-Fi', 'Garden', 'Security']",6.62,8,48425063.78
P69401,Chennai,Independent House,4313,1,2,3,15,10,Semi Furnished,"['Parking', 'Garden', 'Swimming Pool', 'Gym', 'Security']",6.37,2,38221688.42
P65627,Hyderabad,Duplex,2590,1,4,4,15,9,Fully Furnished,"['Security', 'Power Backup', 'Garden', 'Elevator', 'Wi-Fi', 'Club House']",1.1,1,15580435.32
P17590,Pune,Duplex,3112,4,2,14,5,4,Fully Furnished,"['Gym', 'Power Backup', 'Parking']",4.86,2,36299392.74
P100699,Mumbai,Duplex,1690,5,1,2,18,8,Semi Furnished,"['Club House', 'Gym', 'Parking']",6.98,4,3621571.68
P30542,Mumbai,Villa,1898,1,2,1,21,16,Semi Furnished,"['Swimming Pool', 'Club House', 'Parking', 'Garden', 'Wi-Fi', 'Gym']",8.41,2,27777546.3
P49269,Mumbai,Studio,1897,2,2,11,26,2,Fully Furnished,"['Wi-Fi', 'Gym', 'Club House']",1.27,8,26757370.92
P93182,Chennai,Studio,3751,3,1,9,7,5,Fully Furnished,"['Parking', 'Swimming Pool', 'Club House', 'Garden', 'Wi-Fi', 'Power Backup']",3.19,1,16392378.92
P54302,Hyderabad,Villa,3460,4,2,15,14,5,Semi Furnished,"['Garden', 'Security', 'Swimming Pool', 'Parking', 'Elevator', 'Gym']",2.12,8,33476384.89
P84658,Mumbai,Penthouse,2005,5,1,4,17,12,Semi Furnished,"['Elevator', 'Power Backup', 'Garden', 'Wi-Fi']",4.7,4,16232750.17
P47816,Delhi,Apartment,3238,5,3,10,27,9,Unfurnished,"['Elevator', 'Parking', 'Wi-Fi', 'Swimming Pool', 'Garden']",1.27,8,14341734.54
P85447,Chennai,Penthouse,1906,4,1,16,24,11,Fully Furnished,"['Power Backup', 'Garden', 'Swimming Pool']",4.35,10,13181610.63
P29514,Hyderabad,Villa,4117,2,1,4,23,0,Semi Furnished,"['Garden', 'Gym', 'Swimming Pool', 'Wi-Fi', 'Security', 'Elevator']",4.87,4,4848905.94
P22043,Delhi,Independent House,4339,4,3,19,15,11,Semi Furnished,"['Security', 'Power Backup', 'Garden']",8.47,3,31617306.3
P29649,Delhi,Villa,4897,5,3,11,6,12,Semi Furnished,"['Parking', 'Garden', 'Elevator']",0.76,10,49310782.08
P65878,Ahmedabad,Studio,2644,3,4,13,27,11,Unfurnished,"['Gym', 'Garden', 'Parking', 'Power Backup', 'Wi-Fi']",1.96,7,34504948.97
P72211,Chennai,Duplex,1944,5,1,17,16,14,Fully Furnished,"['Swimming Pool', 'Parking', 'Wi-Fi', 'Club House', 'Garden', 'Power Backup']",2.31,9,39185964.39
P83681,Chandigarh,Penthouse,1376,4,4,4,13,1,Fully Furnished,"['Parking', 'Wi-Fi', 'Gym', 'Club House']",1.06,6,42035405.18
P25321,Jaipur,Penthouse,739,3,4,9,19,19,Fully Furnished,"['Elevator', 'Wi-Fi', 'Power Backup', 'Club House', 'Gym']",1.29,8,46650856.47
P106100,Jaipur,Duplex,3407,1,1,10,10,9,Fully Furnished,"['Security', 'Elevator', 'Garden']",7.28,5,1157786.52
P28978,Jaipur,Penthouse,2457,5,2,18,30,3,Unfurnished,"['Swimming Pool', 'Wi-Fi', 'Elevator']",1.12,10,29564858.31
P77577,Delhi,Apartment,1708,1,4,5,19,11,Fully Furnished,"['Swimming Pool', 'Parking', 'Power Backup', 'Security', 'Garden', 'Gym']",0.97,4,40210511.06
P17462,Delhi,Apartment,1145,4,2,5,23,10,Fully Furnished,"['Swimming Pool', 'Elevator', 'Club House']",0.7,6,17396113.97
P59863,Bangalore,Studio,4736,5,2,4,6,0,Semi Furnished,"['Power Backup', 'Wi-Fi', 'Swimming Pool', 'Gym']",7.09,3,30825638.85
P86342,Ahmedabad,Villa,3889,3,1,12,20,19,Semi Furnished,"['Club House', 'Wi-Fi', 'Swimming Pool']",7.7,6,38930587.68
P85068,Delhi,Apartment,4837,4,3,11,29,2,Semi Furnished,"['Garden', 'Gym', 'Parking']",7.79,8,30584225.64
P71775,Mumbai,Villa,4338,4,4,12,5,13,Semi Furnished,"['Swimming Pool', 'Security', 'Elevator', 'Garden', 'Parking', 'Club House']",6.27,3,19295161.13
P10922,Ahmedabad,Studio,4433,2,1,8,5,16,Fully Furnished,"['Security', 'Garden', 'Wi-Fi']",7.89,4,28867587.26
P58742,Chandigarh,Duplex,506,5,1,19,15,18,Semi Furnished,"['Wi-Fi', 'Club House', 'Security', 'Power Backup']",6.31,7,522439.25
P50838,Ahmedabad,Studio,3652,3,1,20,11,11,Semi Furnished,"['Elevator', 'Wi-Fi', 'Security', 'Gym']",0.64,10,46615301.61
P44289,Kolkata,Independent House,888,2,2,20,9,6,Unfurnished,"['Parking', 'Power Backup', 'Elevator', 'Wi-Fi', 'Swimming Pool']",8.84,10,41345971.41
P21472,Delhi,Penthouse,3643,1,3,11,6,20,Fully Furnished,"['Wi-Fi', 'Garden', 'Swimming Pool', 'Club House', 'Parking']",1.41,5,19109438.08
P38321,Ahmedabad,Apartment,664,3,3,14,9,9,Fully Furnished,"['Parking', 'Swimming Pool', 'Security', 'Elevator']",2.76,3,16570264.98
P11175,Kolkata,Penthouse,2574,4,3,4,27,16,Unfurnished,"['Wi-Fi', 'Club House', 'Elevator', 'Gym', 'Parking', 'Power Backup']",5.56,1,37145087.45
P105150,Kolkata,Apartment,1351,1,3,6,9,18,Unfurnished,"['Gym', 'Club House', 'Wi-Fi', 'Security', 'Parking', 'Swimming Pool']",8.83,2,32253407.12
P49292,Ahmedabad,Studio,2357,5,1,19,8,2,Semi Furnished,"['Club House', 'Swimming Pool', 'Security', 'Garden', 'Parking', 'Power Backup']",3.23,6,48856929.7
P84933,Chandigarh,Independent House,4588,3,2,12,15,12,Unfurnished,"['Wi-Fi', 'Swimming Pool', 'Elevator', 'Security']",7.77,5,4311137.62
P54986,Bangalore,Apartment,2156,1,3,15,9,1,Fully Furnished,"['Power Backup', 'Parking', 'Garden', 'Wi-Fi', 'Gym', 'Elevator']",0.64,10,33104068.47
P33304,Jaipur,Studio,2502,1,1,19,13,2,Unfurnished,"['Wi-Fi', 'Security', 'Power Backup', 'Gym', 'Elevator']",3.3,10,31914687.38
P103862,Chennai,Independent House,823,4,4,13,27,6,Fully Furnished,"['Club House', 'Security', 'Parking']",4.91,5,39256275.61
P92780,Bangalore,Duplex,1791,1,3,17,28,17,Unfurnished,"['Security', 'Power Backup', 'Wi-Fi', 'Swimming Pool', 'Club House', 'Gym']",9.61,9,36804314.28
P27401,Chandigarh,Penthouse,1507,2,2,10,6,13,Fully Furnished,"['Garden', 'Security', 'Wi-Fi']",2.1,2,29371775.82
P53269,Jaipur,Villa,1360,2,2,17,14,12,Unfurnished,"['Parking', 'Wi-Fi', 'Gym']",6.31,10,32467463.91
P77618,Chennai,Penthouse,4378,1,2,16,30,16,Semi Furnished,"['Garden', 'Parking', 'Swimming Pool', 'Wi-Fi', 'Club House', 'Security']",1.63,8,5459805.91
P19538,Chennai,Penthouse,4212,2,2,20,13,9,Semi Furnished,"['Power Backup', 'Swimming Pool', 'Garden', 'Parking']",6.67,3,27287861.17
P41126,Delhi,Apartment,2946,5,1,1,24,5,Unfurnished,"['Garden', 'Parking', 'Security', 'Gym']",1.86,9,15885567.26
P89611,Pune,Penthouse,1466,5,1,14,19,14,Semi Furnished,"['Security', 'Club House', 'Wi-Fi', 'Power Backup']",3.92,2,15340338.36
P106565,Ahmedabad,Apartment,3697,1,1,5,12,16,Semi Furnished,"['Garden', 'Club House', 'Swimming Pool']",1.48,8,33375926.67
P25729,Bangalore,Independent House,1691,1,4,12,25,13,Semi Furnished,"['Elevator', 'Power Backup', 'Gym']",9.91,1,4259001.73
P99460,Ahmedabad,Apartment,4971,3,4,11,25,15,Fully Furnished,"['Security', 'Power Backup', 'Garden', 'Swimming Pool', 'Club House', 'Parking']",3.81,4,34034631.1
P40693,Pune,Villa,4732,1,3,3,20,9,Semi Furnished,"['Garden', 'Elevator', 'Power Backup', 'Gym']",6.63,6,26482322.63
P46878,Bangalore,Duplex,532,5,4,4,13,14,Fully Furnished,"['Elevator', 'Gym', 'Parking', 'Power Backup']",2.6,1,23932125.13
P63437,Hyderabad,Apartment,2546,1,4,7,28,1,Unfurnished,"['Security', 'Club House', 'Parking']",2.82,8,18202212.62
P108502,Pune,Apartment,3928,2,4,16,11,7,Fully Furnished,"['Gym', 'Swimming Pool', 'Security', 'Parking', 'Garden']",2.89,2,44635968.11
P102574,Chennai,Penthouse,1113,1,3,13,17,20,Fully Furnished,"['Swimming Pool', 'Club House', 'Security', 'Power Backup', 'Gym', 'Garden']",4.58,6,21396515.54
P75287,Mumbai,Apartment,2524,3,1,11,26,9,Fully Furnished,"['Swimming Pool', 'Gym', 'Wi-Fi', 'Parking', 'Elevator', 'Power Backup']",6.46,7,11004513.83
P11660,Kolkata,Studio,3225,2,2,1,23,16,Semi Furnished,"['Club House', 'Elevator', 'Parking', 'Gym', 'Garden']",3.96,1,39769108.3
P58280,Kolkata,Duplex,3958,1,4,19,24,5,Semi Furnished,"['Garden', 'Power Backup', 'Wi-Fi', 'Security']",7.78,1,20680065.66
P36506,Jaipur,Studio,1154,1,2,10,28,16,Semi Furnished,"['Wi-Fi', 'Security', 'Swimming Pool', 'Gym', 'Club House']",3.67,10,10159204.01
P29820,Ahmedabad,Penthouse,985,4,1,9,20,4,Semi Furnished,"['Wi-Fi', 'Parking', 'Swimming Pool']",4.43,6,37223487.64
P10281,Hyderabad,Studio,2586,5,1,20,11,16,Semi Furnished,"['Power Backup', 'Swimming Pool', 'Security']",7.18,5,26682817.64
P13612,Chennai,Apartment,3714,3,1,18,13,19,Semi Furnished,"['Wi-Fi', 'Parking', 'Garden', 'Swimming Pool', 'Elevator']",8.66,10,8569238.3
P98599,Bangalore,Penthouse,1182,4,4,13,14,2,Fully Furnished,"['Gym', 'Security', 'Swimming Pool', 'Power Backup', 'Club House']",5.27,2,8163010.93
P13087,Jaipur,Independent House,2387,3,4,5,28,0,Semi Furnished,"['Gym', 'Security', 'Wi-Fi', 'Swimming Pool', 'Parking']",0.92,4,19825948.04
P32125,Delhi,Duplex,2027,1,4,1,8,16,Semi Furnished,"['Parking', 'Wi-Fi', 'Gym']",3.21,1,24184139.64
P13169,Pune,Duplex,3160,4,4,11,23,19,Fully Furnished,"['Elevator', 'Gym', 'Wi-Fi', 'Power Backup', 'Swimming Pool']",2.29,1,27706591.3
P106135,Delhi,Penthouse,2261,4,4,15,17,20,Fully Furnished,"['Swimming Pool', 'Gym', 'Club House', 'Security', 'Elevator', 'Parking']",9.03,1,35959098.83
P14928,Mumbai,Independent House,4799,2,4,14,28,18,Fully Furnished,"['Garden', 'Security', 'Club House']",3.61,8,49387809.22
P35325,Bangalore,Penthouse,1546,1,2,12,28,15,Unfurnished,"['Swimming Pool', 'Parking', 'Wi-Fi', 'Gym', 'Elevator']",0.84,9,22655980.91
P56236,Mumbai,Apartment,3259,5,2,1,27,20,Semi Furnished,"['Garden', 'Power Backup', 'Club House', 'Wi-Fi', 'Security']",6.09,1,7491560.17
P27966,Chennai,Duplex,932,2,3,6,25,4,Unfurnished,"['Security', 'Elevator', 'Gym', 'Club House', 'Swimming Pool', 'Power Backup']",5.76,7,2374801.68
P48293,Delhi,Villa,3708,1,1,7,24,11,Semi Furnished,"['Wi-Fi', 'Gym', 'Elevator']",9.63,6,23594218.78
P90532,Ahmedabad,Duplex,2346,2,2,15,14,3,Semi Furnished,"['Garden', 'Swimming Pool', 'Parking', 'Gym']",5.64,5,22182330.23
P105607,Pune,Villa,786,1,1,13,27,3,Unfurnished,"['Parking', 'Club House', 'Security', 'Power Backup', 'Gym', 'Elevator']",4.94,7,28973292.27
P42924,Chennai,Independent House,1082,4,2,3,6,4,Semi Furnished,"['Power Backup', 'Wi-Fi', 'Parking', 'Garden', 'Security']",3.92,8,15314742.41
P77752,Jaipur,Duplex,3302,5,1,2,19,1,Unfurnished,"['Parking', 'Club House', 'Elevator']",2.15,1,4631724.84
P85343,Chandigarh,Duplex,3188,4,4,18,14,16,Unfurnished,"['Gym', 'Wi-Fi', 'Security', 'Club House']",4.8,10,22892250.98
P13613,Jaipur,Apartment,3446,5,1,3,12,13,Unfurnished,"['Security', 'Club House', 'Wi-Fi', 'Gym', 'Power Backup']",2.21,7,35083439.02
P80569,Kolkata,Independent House,930,1,1,18,29,11,Semi Furnished,"['Swimming Pool', 'Garden', 'Parking', 'Elevator', 'Club House', 'Security']",8.95,9,12932497.74
P79087,Chandigarh,Villa,2689,3,1,17,15,2,Unfurnished,"['Garden', 'Swimming Pool', 'Gym', 'Club House', 'Power Backup']",9.67,7,48478872.07
P88201,Bangalore,Duplex,3027,2,4,15,29,8,Fully Furnished,"['Garden', 'Gym', 'Power Backup', 'Elevator', 'Security', 'Club House']",2.67,6,41079369.92
P32056,Hyderabad,Duplex,4389,5,4,19,23,18,Fully Furnished,"['Security', 'Power Backup', 'Elevator', 'Swimming Pool']",8.7,9,5819192.13
P57442,Delhi,Penthouse,1336,3,3,11,30,4,Unfurnished,"['Swimming Pool', 'Security', 'Club House']",1.58,3,25861763
P89439,Mumbai,Studio,2578,1,4,7,16,8,Unfurnished,"['Wi-Fi', 'Parking', 'Power Backup', 'Swimming Pool', 'Gym', 'Security']",1.51,5,16758171.35
P94183,Pune,Studio,2852,3,1,11,22,17,Fully Furnished,"['Club House', 'Garden', 'Swimming Pool', 'Elevator']",2.26,1,18108232.08
P64187,Mumbai,Studio,3105,4,1,9,21,10,Fully Furnished,"['Garden', 'Swimming Pool', 'Wi-Fi', 'Power Backup']",6.5,9,28287434.93
P92248,Delhi,Apartment,989,5,4,19,7,0,Unfurnished,"['Security', 'Club House', 'Wi-Fi', 'Garden', 'Swimming Pool', 'Power Backup']",8.84,4,36627318.99
P54830,Delhi,Independent House,513,4,3,2,9,12,Fully Furnished,"['Swimming Pool', 'Power Backup', 'Gym', 'Parking', 'Club House', 'Garden']",8.45,8,7128129.4
P57465,Bangalore,Villa,4692,3,1,1,9,16,Semi Furnished,"['Elevator', 'Wi-Fi', 'Parking', 'Garden', 'Security', 'Gym']",7.44,4,9892536.51
P79443,Mumbai,Penthouse,4576,4,1,5,7,14,Semi Furnished,"['Security', 'Wi-Fi', 'Garden', 'Elevator', 'Gym']",2.84,8,22262136.59
P93312,Chandigarh,Villa,2182,3,2,7,28,17,Unfurnished,"['Security', 'Gym', 'Power Backup', 'Swimming Pool']",9.07,4,9547255.65
P21350,Bangalore,Villa,4608,1,3,13,6,19,Semi Furnished,"['Parking', 'Wi-Fi', 'Club House', 'Security', 'Elevator']",4.57,2,2780788.99
P81159,Bangalore,Penthouse,4486,4,1,7,12,17,Unfurnished,"['Swimming Pool', 'Gym', 'Garden', 'Elevator', 'Club House', 'Security']",6.94,4,33658277.76
P61284,Bangalore,Duplex,3737,5,1,9,11,8,Fully Furnished,"['Garden', 'Gym', 'Security']",5.61,8,18763392.95
P68035,Bangalore,Villa,1211,1,1,9,15,3,Semi Furnished,"['Wi-Fi', 'Elevator', 'Swimming Pool']",6.1,1,20819671.03
P98630,Chennai,Apartment,2940,5,1,1,27,17,Fully Furnished,"['Security', 'Elevator', 'Club House', 'Swimming Pool', 'Power Backup']",8.59,3,47121194.83
P92913,Bangalore,Independent House,1480,4,4,13,12,6,Semi Furnished,"['Elevator', 'Power Backup', 'Swimming Pool']",7.69,4,35842895.33
P38288,Kolkata,Penthouse,1141,3,3,17,5,8,Fully Furnished,"['Wi-Fi', 'Elevator', 'Power Backup', 'Gym', 'Club House', 'Swimming Pool']",9.15,8,33401792.91
P22632,Jaipur,Independent House,2937,2,4,8,22,7,Semi Furnished,"['Club House', 'Swimming Pool', 'Garden']",3.79,2,49774264.57
P97714,Chandigarh,Independent House,4530,5,2,18,30,6,Semi Furnished,"['Swimming Pool', 'Club House', 'Gym', 'Security', 'Parking', 'Power Backup']",5.46,4,29324454.2
P59733,Pune,Villa,2922,2,3,2,21,4,Semi Furnished,"['Security', 'Wi-Fi', 'Swimming Pool', 'Garden', 'Elevator', 'Club House']",5.93,5,34951576.82
P79241,Hyderabad,Studio,3444,2,2,19,17,4,Fully Furnished,"['Gym', 'Swimming Pool', 'Elevator', 'Security', 'Wi-Fi', 'Club House']",6.23,4,10286121.02
P108996,Kolkata,Duplex,1881,1,1,2,17,17,Unfurnished,"['Club House', 'Gym', 'Garden', 'Parking', 'Swimming Pool', 'Elevator']",8.91,5,6987608.7
P65251,Kolkata,Independent House,1435,3,2,11,29,0,Fully Furnished,"['Gym', 'Elevator', 'Power Backup']",9.64,6,25867375.56
P96088,Pune,Apartment,4804,2,2,12,6,9,Semi Furnished,"['Club House', 'Gym', 'Swimming Pool', 'Power Backup', 'Wi-Fi']",8.09,1,39632766.17
P108594,Bangalore,Penthouse,1048,4,2,15,26,3,Unfurnished,"['Security', 'Club House', 'Wi-Fi']",6.6,8,44144329.92
P73504,Ahmedabad,Duplex,4423,4,3,2,6,7,Unfurnished,"['Wi-Fi', 'Swimming Pool', 'Gym', 'Parking', 'Elevator']",1.48,5,11798418.5
P54803,Chennai,Penthouse,2931,2,1,10,7,9,Unfurnished,"['Garden', 'Power Backup', 'Swimming Pool', 'Elevator', 'Security', 'Wi-Fi']",2.66,7,10547416.51
P38445,Mumbai,Studio,751,5,2,7,11,12,Semi Furnished,"['Parking', 'Club House', 'Wi-Fi', 'Power Backup', 'Swimming Pool', 'Security']",6.37,6,9159851.26
P79250,Mumbai,Villa,4159,5,2,7,13,5,Unfurnished,"['Swimming Pool', 'Wi-Fi', 'Security']",1.32,6,18252422.59
P48277,Jaipur,Duplex,4281,4,1,7,5,18,Fully Furnished,"['Wi-Fi', 'Gym', 'Garden', 'Parking', 'Elevator', 'Security']",8.71,3,21655824.18
P102887,Jaipur,Apartment,1424,4,2,19,13,7,Unfurnished,"['Elevator', 'Swimming Pool', 'Security', 'Wi-Fi']",9.63,6,21758548.61
P55953,Pune,Duplex,1608,3,1,16,26,15,Unfurnished,"['Club House', 'Power Backup', 'Elevator', 'Wi-Fi']",8.85,5,11643593.71
P58582,Mumbai,Studio,3027,5,4,10,27,18,Fully Furnished,"['Gym', 'Power Backup', 'Elevator', 'Club House', 'Wi-Fi']",4.49,5,24129886.97
P67589,Chennai,Penthouse,3845,3,4,10,10,11,Semi Furnished,"['Power Backup', 'Parking', 'Wi-Fi', 'Club House', 'Garden', 'Elevator']",6.1,6,7587628.32
P77473,Jaipur,Villa,691,3,2,16,25,6,Semi Furnished,"['Parking', 'Security', 'Gym', 'Wi-Fi', 'Power Backup', 'Club House']",1.41,4,30064118.69
P92050,Ahmedabad,Apartment,2431,5,1,7,17,5,Semi Furnished,"['Parking', 'Wi-Fi', 'Gym']",5.79,5,7153220.16
P49602,Bangalore,Independent House,3820,3,2,19,30,15,Unfurnished,"['Security', 'Power Backup', 'Wi-Fi', 'Club House', 'Garden']",9.35,7,44099246.99
P61097,Jaipur,Studio,4318,4,1,4,16,20,Unfurnished,"['Parking', 'Wi-Fi', 'Club House', 'Power Backup']",0.98,8,9098382.26
P82941,Hyderabad,Duplex,4879,1,2,8,12,1,Fully Furnished,"['Elevator', 'Parking', 'Wi-Fi', 'Club House', 'Swimming Pool']",8.74,9,4641382.08
P71718,Chennai,Duplex,2520,5,3,18,12,15,Unfurnished,"['Club House', 'Security', 'Wi-Fi', 'Garden', 'Elevator', 'Swimming Pool']",4.23,10,19139998.19
P64200,Ahmedabad,Independent House,4789,5,3,3,24,1,Fully Furnished,"['Wi-Fi', 'Gym', 'Elevator', 'Club House', 'Swimming Pool']",8.23,10,42341674.13
P11483,Ahmedabad,Duplex,2024,4,3,3,20,12,Fully Furnished,"['Wi-Fi', 'Security', 'Elevator', 'Garden']",5.41,6,25090393.69
P22031,Kolkata,Villa,3989,5,2,15,5,10,Unfurnished,"['Gym', 'Security', 'Club House', 'Garden', 'Parking', 'Elevator']",6.32,5,11213689.89
P71807,Pune,Duplex,3926,1,1,5,25,10,Unfurnished,"['Elevator', 'Security', 'Garden', 'Club House']",3.06,1,12165726.16
P102093,Ahmedabad,Villa,4373,4,1,13,10,6,Semi Furnished,"['Gym', 'Swimming Pool', 'Club House']",8.74,8,35625709.97
P39066,Mumbai,Independent House,3569,2,3,11,10,18,Unfurnished,"['Security', 'Club House', 'Garden', 'Parking']",7.22,4,48093054.94
P67311,Kolkata,Apartment,659,1,2,4,20,4,Unfurnished,"['Gym', 'Club House', 'Elevator', 'Power Backup', 'Garden', 'Parking']",1.59,10,9045947.95
P31347,Chennai,Penthouse,717,5,3,5,20,2,Semi Furnished,"['Elevator', 'Security', 'Swimming Pool', 'Garden']",7.94,10,22768164.1
P34580,Mumbai,Independent House,3483,1,1,9,30,2,Unfurnished,"['Security', 'Gym', 'Club House', 'Swimming Pool']",3.34,5,38256393.77
P31818,Chennai,Studio,3937,2,3,3,27,6,Unfurnished,"['Gym', 'Wi-Fi', 'Garden', 'Swimming Pool', 'Parking']",0.76,6,2220877.7
P62115,Delhi,Apartment,1838,2,2,11,9,6,Semi Furnished,"['Security', 'Power Backup', 'Gym', 'Elevator', 'Garden']",2.24,8,47164329.5
P31895,Chennai,Penthouse,2079,1,3,10,10,12,Semi Furnished,"['Club House', 'Elevator', 'Security', 'Garden']",6.61,1,21445455.05
P88808,Ahmedabad,Studio,2313,5,3,9,17,0,Unfurnished,"['Wi-Fi', 'Club House', 'Garden', 'Elevator', 'Swimming Pool', 'Power Backup']",5.2,1,31499135.93
P26047,Ahmedabad,Penthouse,3391,3,3,6,18,16,Unfurnished,"['Power Backup', 'Security', 'Elevator', 'Parking', 'Gym', 'Wi-Fi']",7.26,1,8990344.88
P84754,Jaipur,Duplex,3160,3,1,3,25,1,Semi Furnished,"['Club House', 'Security', 'Swimming Pool', 'Power Backup', 'Parking']",1.13,5,42426872.06
P63993,Ahmedabad,Villa,4593,1,2,13,29,17,Semi Furnished,"['Parking', 'Power Backup', 'Security', 'Gym', 'Garden', 'Swimming Pool']",8.19,4,8251141.04
P35117,Hyderabad,Apartment,3179,5,2,4,14,6,Unfurnished,"['Wi-Fi', 'Swimming Pool', 'Garden', 'Parking', 'Security']",4.11,9,34929062.5
P59177,Bangalore,Independent House,3165,1,1,13,10,13,Semi Furnished,"['Swimming Pool', 'Gym', 'Garden']",7.01,8,45299421.66
P66365,Jaipur,Duplex,2279,3,1,15,15,8,Fully Furnished,"['Security', 'Parking', 'Garden']",7.33,6,5117812.6
P93714,Pune,Penthouse,4807,5,4,16,24,3,Semi Furnished,"['Wi-Fi', 'Parking', 'Security', 'Power Backup', 'Club House']",6.98,8,26893787.88
P11862,Mumbai,Independent House,624,5,2,9,28,5,Fully Furnished,"['Security', 'Power Backup', 'Gym', 'Garden', 'Swimming Pool', 'Club House']",2.82,6,41427657.18
P11865,Chennai,Villa,3918,2,4,12,10,20,Fully Furnished,"['Elevator', 'Swimming Pool', 'Gym', 'Parking', 'Garden']",6.09,8,8054181.67
P37374,Pune,Duplex,2412,1,1,8,26,5,Fully Furnished,"['Parking', 'Gym', 'Club House']",0.51,4,47531148.93
P90474,Kolkata,Penthouse,618,4,1,7,29,2,Unfurnished,"['Garden', 'Elevator', 'Security', 'Club House']",6.27,2,26769708.47
P66931,Delhi,Duplex,1207,2,1,16,16,13,Unfurnished,"['Wi-Fi', 'Garden', 'Power Backup', 'Security', 'Club House', 'Parking']",2.21,10,41158877.24
P30924,Kolkata,Studio,4789,1,2,12,9,10,Unfurnished,"['Parking', 'Garden', 'Gym', 'Club House']",6.85,2,22647980.75
P44666,Chennai,Independent House,847,5,4,2,21,18,Semi Furnished,"['Power Backup', 'Elevator', 'Swimming Pool', 'Security']",6.97,7,14697387.67
P24581,Pune,Penthouse,1569,3,4,18,26,19,Fully Furnished,"['Wi-Fi', 'Club House', 'Security']",5.62,7,31322123.08
P90429,Bangalore,Studio,2120,5,4,5,28,4,Fully Furnished,"['Elevator', 'Security', 'Power Backup']",2.67,5,24460538
P33586,Hyderabad,Apartment,4172,2,4,14,8,4,Unfurnished,"['Elevator', 'Parking', 'Power Backup', 'Garden', 'Security']",5.61,10,10135839.49
P73151,Kolkata,Penthouse,885,2,1,19,28,3,Unfurnished,"['Gym', 'Wi-Fi', 'Garden']",8.52,2,30180898.63
P89415,Hyderabad,Independent House,2688,4,4,14,17,3,Fully Furnished,"['Wi-Fi', 'Garden', 'Club House', 'Security', 'Gym', 'Swimming Pool']",9.64,3,38615113.47
P43519,Delhi,Apartment,4731,4,3,1,7,19,Unfurnished,"['Elevator', 'Garden', 'Gym', 'Club House', 'Power Backup', 'Parking']",8.51,2,45932348.16
P99487,Hyderabad,Penthouse,851,1,1,12,30,8,Semi Furnished,"['Power Backup', 'Parking', 'Gym', 'Elevator', 'Swimming Pool']",2.35,6,28172085.48
P49967,Bangalore,Duplex,943,5,3,5,22,16,Semi Furnished,"['Security', 'Parking', 'Gym', 'Garden', 'Wi-Fi']",3.4,10,2641269.39
P76074,Mumbai,Independent House,3317,5,4,11,21,19,Fully Furnished,"['Swimming Pool', 'Wi-Fi', 'Elevator', 'Power Backup', 'Gym']",1.39,6,30928303.11
P42677,Mumbai,Duplex,3251,2,2,7,25,17,Unfurnished,"['Wi-Fi', 'Security', 'Garden']",6.26,6,2506952.23
P65316,Chandigarh,Duplex,1649,1,1,13,28,5,Semi Furnished,"['Garden', 'Club House', 'Parking']",4.44,8,27889393.31
P61141,Pune,Studio,1762,1,1,12,18,17,Unfurnished,"['Garden', 'Gym', 'Swimming Pool']",2.9,1,12602838.82
P99283,Ahmedabad,Duplex,4149,4,4,15,17,8,Unfurnished,"['Security', 'Club House', 'Swimming Pool']",7.06,4,26724140.37
P100350,Mumbai,Villa,2059,3,4,19,11,3,Fully Furnished,"['Club House', 'Power Backup', 'Swimming Pool', 'Elevator', 'Gym']",0.9,1,22548741.99
P107454,Pune,Villa,3371,3,3,1,18,0,Unfurnished,"['Elevator', 'Club House', 'Parking', 'Security', 'Wi-Fi', 'Swimming Pool']",3.6,8,8887769.05
P50621,Ahmedabad,Duplex,968,4,2,18,7,8,Fully Furnished,"['Elevator', 'Power Backup', 'Parking', 'Garden', 'Wi-Fi', 'Gym']",7.35,5,16006412.47
P48757,Hyderabad,Apartment,1690,3,1,6,9,16,Fully Furnished,"['Wi-Fi', 'Garden', 'Swimming Pool', 'Security', 'Elevator', 'Parking']",3.83,10,48784025.77
P13264,Bangalore,Villa,2543,1,4,15,27,0,Semi Furnished,"['Gym', 'Garden', 'Security', 'Wi-Fi']",1.46,10,27255469.02
P91017,Pune,Penthouse,2895,1,2,1,19,5,Unfurnished,"['Wi-Fi', 'Garden', 'Gym', 'Power Backup']",6.59,3,12574998.32
P79728,Delhi,Penthouse,3945,2,2,20,9,10,Semi Furnished,"['Club House', 'Swimming Pool', 'Security', 'Gym', 'Parking', 'Power Backup']",9.94,3,9569805.49
P16081,Hyderabad,Studio,1330,2,4,14,30,4,Unfurnished,"['Parking', 'Wi-Fi', 'Elevator', 'Swimming Pool', 'Gym', 'Security']",7.23,8,48789468.35
P40309,Mumbai,Apartment,4501,4,1,18,9,3,Fully Furnished,"['Club House', 'Garden', 'Elevator', 'Wi-Fi']",9.53,3,12232446.22
P84612,Mumbai,Independent House,3736,1,2,20,21,19,Fully Furnished,"['Wi-Fi', 'Parking', 'Garden', 'Power Backup', 'Gym']",6.37,7,41107976.64
P17073,Jaipur,Penthouse,1732,2,4,10,17,14,Unfurnished,"['Power Backup', 'Elevator', 'Security']",3.21,1,33938620.79
P96512,Bangalore,Duplex,4656,1,4,18,16,11,Fully Furnished,"['Parking', 'Elevator', 'Security']",8.64,9,10009494.7
P16879,Pune,Apartment,2149,5,4,6,27,18,Semi Furnished,"['Club House', 'Wi-Fi', 'Power Backup']",4.33,10,24358790.1
P77417,Mumbai,Penthouse,3366,1,4,14,24,4,Unfurnished,"['Power Backup', 'Garden', 'Security', 'Parking']",6.02,3,12171577.47
P67701,Kolkata,Penthouse,3155,5,2,5,7,8,Unfurnished,"['Garden', 'Wi-Fi', 'Elevator']",6.2,7,18092872.38
P78533,Jaipur,Studio,4546,1,4,16,18,15,Semi Furnished,"['Gym', 'Club House', 'Garden', 'Elevator', 'Security']",2.54,7,16271026.92
P36155,Ahmedabad,Villa,4609,5,2,6,15,2,Unfurnished,"['Club House', 'Garden', 'Power Backup']",1.9,10,36035677.15
P91383,Kolkata,Penthouse,4653,1,4,7,22,11,Semi Furnished,"['Security', 'Club House', 'Swimming Pool', 'Wi-Fi', 'Gym']",4.9,9,17032521.8
P75339,Chennai,Studio,3328,4,2,5,14,17,Fully Furnished,"['Security', 'Power Backup', 'Garden', 'Parking', 'Club House', 'Swimming Pool']",4.68,6,17657248.41
P85877,Hyderabad,Duplex,4518,3,3,18,14,14,Semi Furnished,"['Elevator', 'Security', 'Wi-Fi', 'Gym', 'Swimming Pool']",3.44,9,8569017.79
P96158,Chennai,Penthouse,2735,3,3,12,30,9,Semi Furnished,"['Garden', 'Power Backup', 'Wi-Fi', 'Parking', 'Elevator', 'Gym']",3.9,1,21399885.89
P53050,Pune,Villa,859,4,4,6,26,4,Semi Furnished,"['Power Backup', 'Swimming Pool', 'Wi-Fi', 'Parking', 'Security']",7.87,7,23540643.09
P100713,Pune,Penthouse,4227,3,4,18,13,5,Semi Furnished,"['Power Backup', 'Wi-Fi', 'Swimming Pool', 'Security', 'Parking', 'Elevator']",2.28,10,24867782.77
P17851,Mumbai,Apartment,4434,2,4,12,7,17,Unfurnished,"['Power Backup', 'Club House', 'Wi-Fi', 'Parking', 'Security']",4.16,2,48428612.11
P57510,Chandigarh,Studio,2290,5,4,8,9,7,Unfurnished,"['Garden', 'Power Backup', 'Security', 'Club House', 'Swimming Pool']",9.64,2,20024923.62
P86467,Hyderabad,Duplex,1174,4,1,14,29,3,Fully Furnished,"['Garden', 'Gym', 'Club House', 'Security']",8.29,8,36719060.64
P91765,Kolkata,Duplex,1566,1,2,12,22,16,Unfurnished,"['Wi-Fi', 'Club House', 'Swimming Pool', 'Elevator']",4.28,1,28434188.34
P76822,Kolkata,Duplex,2140,3,1,1,18,14,Semi Furnished,"['Parking', 'Wi-Fi', 'Swimming Pool', 'Garden', 'Power Backup', 'Elevator']",7.49,4,6621933.45
P31881,Bangalore,Villa,1953,5,1,9,13,18,Fully Furnished,"['Security', 'Club House', 'Wi-Fi', 'Power Backup', 'Swimming Pool', 'Elevator']",7.89,2,24359440.15
P18386,Delhi,Independent House,3416,4,1,10,19,10,Fully Furnished,"['Wi-Fi', 'Garden', 'Gym']",0.8,3,10038211.68
P95153,Mumbai,Villa,2971,1,1,20,17,7,Unfurnished,"['Club House', 'Wi-Fi', 'Power Backup', 'Parking', 'Garden', 'Gym']",2.71,4,32056082.54
P12093,Ahmedabad,Apartment,3087,3,2,19,25,1,Unfurnished,"['Security', 'Parking', 'Swimming Pool', 'Gym', 'Elevator', 'Wi-Fi']",4.16,1,44568957.15
P17735,Delhi,Villa,2051,2,1,3,25,10,Semi Furnished,"['Club House', 'Parking', 'Power Backup', 'Elevator']",7.18,7,22468226.5
P56060,Chandigarh,Duplex,2363,1,3,8,15,17,Semi Furnished,"['Security', 'Power Backup', 'Gym', 'Wi-Fi']",3.46,10,29967482.17
P66645,Ahmedabad,Villa,4831,4,4,3,11,18,Fully Furnished,"['Wi-Fi', 'Power Backup', 'Swimming Pool', 'Club House']",2.54,7,32884764.44
P28599,Hyderabad,Penthouse,912,1,1,18,26,9,Semi Furnished,"['Elevator', 'Security', 'Parking', 'Power Backup']",8.57,4,22145661.29
P75135,Pune,Duplex,2855,3,4,12,25,18,Semi Furnished,"['Swimming Pool', 'Parking', 'Garden', 'Elevator', 'Wi-Fi', 'Security']",0.81,5,43056268.27
P56330,Chennai,Studio,825,3,1,11,12,9,Unfurnished,"['Parking', 'Power Backup', 'Elevator', 'Club House', 'Security', 'Gym']",9.05,3,46572645.84
P22664,Ahmedabad,Apartment,2995,4,1,11,29,2,Unfurnished,"['Swimming Pool', 'Elevator', 'Power Backup']",5.04,2,18671659.29
P81323,Mumbai,Duplex,977,2,4,2,12,17,Semi Furnished,"['Swimming Pool', 'Club House', 'Security']",9.63,9,26619663.54
P58684,Jaipur,Apartment,1371,5,4,8,15,3,Fully Furnished,"['Wi-Fi', 'Garden', 'Elevator', 'Club House', 'Swimming Pool', 'Parking']",3.6,9,10903818.28
P39023,Kolkata,Duplex,3079,5,2,18,14,10,Unfurnished,"['Elevator', 'Security', 'Parking', 'Club House', 'Power Backup']",3.51,6,21121960.53
P64172,Mumbai,Penthouse,1540,4,3,20,21,2,Unfurnished,"['Club House', 'Security', 'Parking', 'Garden']",8.46,3,4663230.26
P21622,Jaipur,Studio,874,1,1,6,7,15,Unfurnished,"['Swimming Pool', 'Garden', 'Wi-Fi']",9.97,6,14074664.14
P22346,Jaipur,Penthouse,2883,3,4,19,23,6,Unfurnished,"['Garden', 'Club House', 'Power Backup', 'Wi-Fi', 'Elevator', 'Gym']",2.88,10,36757720.31
P28066,Hyderabad,Independent House,2400,5,3,20,30,17,Unfurnished,"['Parking', 'Garden', 'Swimming Pool']",3.04,10,27370846.06
P11059,Ahmedabad,Apartment,1734,5,1,5,19,13,Fully Furnished,"['Club House', 'Swimming Pool', 'Garden']",9.8,8,40146154.38
P62104,Chandigarh,Studio,4641,5,4,12,13,20,Unfurnished,"['Elevator', 'Garden', 'Power Backup']",4.66,5,9275981.38
P95692,Pune,Independent House,1510,4,1,6,16,8,Semi Furnished,"['Parking', 'Swimming Pool', 'Elevator', 'Wi-Fi']",6.85,1,40438471.68
P94011,Delhi,Duplex,4716,2,2,2,23,1,Semi Furnished,"['Security', 'Club House', 'Wi-Fi']",3.48,7,20611473.82
P59192,Pune,Apartment,1600,1,2,3,14,10,Fully Furnished,"['Gym', 'Security', 'Garden', 'Wi-Fi', 'Parking']",4.83,8,21096448.25
P46833,Jaipur,Penthouse,4712,4,3,20,23,20,Semi Furnished,"['Gym', 'Wi-Fi', 'Garden', 'Security', 'Club House']",2.98,3,1789194.25
P73957,Chennai,Penthouse,2149,1,2,16,6,5,Unfurnished,"['Parking', 'Gym', 'Garden']",2.95,6,43480406.16
P43712,Bangalore,Duplex,4510,5,1,6,28,16,Unfurnished,"['Swimming Pool', 'Security', 'Garden', 'Power Backup', 'Parking', 'Gym']",9.37,6,43218744.23
P68663,Kolkata,Independent House,989,5,2,19,18,5,Fully Furnished,"['Security', 'Power Backup', 'Wi-Fi', 'Elevator', 'Swimming Pool', 'Garden']",7.86,6,45351957.51
P72669,Hyderabad,Penthouse,4573,4,3,2,15,12,Semi Furnished,"['Wi-Fi', 'Garden', 'Parking', 'Swimming Pool', 'Power Backup']",8.88,4,10251211.55
P96151,Delhi,Duplex,4216,5,4,15,29,10,Semi Furnished,"['Parking', 'Gym', 'Garden', 'Swimming Pool', 'Security', 'Power Backup']",7.67,4,44112546.36
P43464,Hyderabad,Duplex,3611,2,2,14,10,12,Unfurnished,"['Club House', 'Security', 'Power Backup', 'Elevator']",3.88,10,3036851.58
P47761,Kolkata,Villa,2404,3,4,9,13,16,Semi Furnished,"['Swimming Pool', 'Security', 'Club House', 'Gym', 'Parking']",5.3,10,20637916.99
P22134,Bangalore,Independent House,4453,4,4,1,10,4,Semi Furnished,"['Power Backup', 'Swimming Pool', 'Club House']",3.49,10,21331709.41
P27115,Bangalore,Apartment,2594,3,3,15,22,15,Unfurnished,"['Elevator', 'Club House', 'Garden', 'Wi-Fi']",4.45,4,15790661.53
P63989,Pune,Independent House,4169,5,1,18,13,10,Fully Furnished,"['Gym', 'Elevator', 'Club House', 'Security', 'Parking']",5.98,4,40898091.82
P46359,Chandigarh,Penthouse,2522,4,2,4,24,0,Unfurnished,"['Swimming Pool', 'Parking', 'Club House', 'Gym']",8.59,5,28870491.67
P31325,Hyderabad,Villa,3290,5,1,8,29,11,Unfurnished,"['Parking', 'Gym', 'Swimming Pool', 'Security', 'Wi-Fi', 'Power Backup']",2.15,10,26069682.51
P54065,Chandigarh,Apartment,1601,2,4,13,5,19,Unfurnished,"['Wi-Fi', 'Garden', 'Gym', 'Power Backup', 'Swimming Pool']",4.33,7,15708057.52
P63038,Hyderabad,Duplex,4518,1,4,17,29,9,Unfurnished,"['Swimming Pool', 'Elevator', 'Security', 'Power Backup']",4.03,7,42291523.37
P99499,Mumbai,Studio,651,1,3,9,23,15,Semi Furnished,"['Gym', 'Garden', 'Elevator', 'Power Backup', 'Club House', 'Parking']",1.87,5,7352509.65
P85284,Kolkata,Duplex,2850,5,1,12,22,15,Unfurnished,"['Parking', 'Elevator', 'Swimming Pool', 'Security']",7.84,6,49102214.33
P62859,Mumbai,Duplex,2648,1,2,19,6,9,Unfurnished,"['Security', 'Swimming Pool', 'Elevator', 'Garden']",8.3,5,16090587.25
P77276,Bangalore,Studio,4941,5,1,1,24,14,Semi Furnished,"['Parking', 'Swimming Pool', 'Gym']",5.17,9,2572455.43
P18446,Chandigarh,Studio,5000,1,3,7,17,20,Fully Furnished,"['Wi-Fi', 'Swimming Pool', 'Elevator', 'Parking', 'Club House']",4.49,2,27485724.97
P53600,Mumbai,Duplex,4648,2,4,14,17,3,Semi Furnished,"['Parking', 'Swimming Pool', 'Power Backup', 'Elevator', 'Gym']",5.39,5,4979368.26
P29167,Jaipur,Studio,3447,1,3,3,8,2,Fully Furnished,"['Swimming Pool', 'Power Backup', 'Parking', 'Security']",3.36,5,12874936.15
P65701,Ahmedabad,Villa,3207,3,3,20,27,17,Fully Furnished,"['Security', 'Swimming Pool', 'Elevator', 'Club House', 'Garden']",1.29,9,27784802.22
P29713,Kolkata,Independent House,1590,2,3,18,22,6,Fully Furnished,"['Gym', 'Swimming Pool', 'Power Backup']",1.79,2,44261394.66
P74278,Hyderabad,Studio,2328,5,1,18,27,6,Unfurnished,"['Elevator', 'Garden', 'Parking', 'Swimming Pool']",3.39,2,42001062.2
P18370,Chandigarh,Duplex,812,4,1,10,25,20,Semi Furnished,"['Swimming Pool', 'Security', 'Elevator']",5.73,9,46232783.8
P36287,Bangalore,Apartment,2146,1,3,9,8,17,Unfurnished,"['Club House', 'Garden', 'Power Backup', 'Swimming Pool']",4.46,7,1346474.68
P78132,Bangalore,Penthouse,4732,4,4,17,22,6,Fully Furnished,"['Gym', 'Wi-Fi', 'Security', 'Swimming Pool', 'Club House', 'Parking']",2.24,9,3717958.03
P71280,Chandigarh,Duplex,3964,4,2,10,8,11,Semi Furnished,"['Power Backup', 'Club House', 'Garden', 'Wi-Fi', 'Security', 'Gym']",7.49,8,36680925.48
P37435,Hyderabad,Apartment,2565,2,2,9,13,0,Semi Furnished,"['Gym', 'Power Backup', 'Club House', 'Garden']",7.21,10,4751157.72
P72648,Ahmedabad,Apartment,2526,4,1,10,14,1,Fully Furnished,"['Power Backup', 'Gym', 'Wi-Fi', 'Elevator', 'Swimming Pool', 'Garden']",8.54,10,22036368.36
P17667,Chennai,Duplex,2336,3,1,2,26,0,Unfurnished,"['Power Backup', 'Parking', 'Security', 'Garden', 'Club House', 'Swimming Pool']",7.42,4,41012434.11
P48225,Bangalore,Duplex,2349,2,1,8,5,9,Semi Furnished,"['Swimming Pool', 'Elevator', 'Wi-Fi', 'Garden', 'Parking']",2.1,3,2061848.23
P38908,Chandigarh,Duplex,2934,1,1,13,9,20,Semi Furnished,"['Club House', 'Parking', 'Swimming Pool', 'Garden', 'Security', 'Gym']",8.69,6,22070150.65
P74548,Kolkata,Villa,1590,5,3,19,13,13,Semi Furnished,"['Parking', 'Security', 'Garden', 'Wi-Fi', 'Gym', 'Power Backup']",5.67,5,9021729.29
P67302,Chennai,Villa,2952,4,2,13,21,12,Unfurnished,"['Power Backup', 'Club House', 'Wi-Fi']",8.79,10,34600670.61
P24686,Pune,Independent House,4436,1,4,5,8,12,Fully Furnished,"['Club House', 'Power Backup', 'Elevator', 'Garden', 'Swimming Pool']",1.11,5,46787460.42
P108756,Jaipur,Penthouse,1552,4,2,3,28,16,Semi Furnished,"['Elevator', 'Club House', 'Parking', 'Garden', 'Swimming Pool']",5.26,2,18137660.41
P54257,Delhi,Independent House,1151,4,3,11,28,6,Unfurnished,"['Swimming Pool', 'Club House', 'Wi-Fi', 'Security']",4.15,5,20798536.91
P55317,Pune,Studio,1705,4,1,10,16,1,Fully Furnished,"['Club House', 'Power Backup', 'Parking', 'Garden', 'Wi-Fi']",2.29,2,7821353.78
P77583,Chandigarh,Villa,4232,5,4,9,25,11,Unfurnished,"['Gym', 'Parking', 'Club House']",1.82,2,13741975.6
P92663,Ahmedabad,Duplex,1283,4,2,4,10,15,Semi Furnished,"['Elevator', 'Power Backup', 'Parking', 'Garden', 'Club House']",1.51,8,13565647.92
P37319,Hyderabad,Duplex,4914,4,4,14,29,17,Semi Furnished,"['Gym', 'Garden', 'Elevator', 'Security', 'Parking', 'Club House']",5.64,7,31514304.4
P45782,Mumbai,Independent House,1106,4,4,15,6,19,Fully Furnished,"['Elevator', 'Club House', 'Parking', 'Garden']",1.71,3,43973644.47
P33086,Kolkata,Studio,1339,3,4,17,23,4,Unfurnished,"['Gym', 'Security', 'Parking', 'Swimming Pool', 'Garden', 'Club House']",5.53,10,24381644.02
P51365,Chandigarh,Villa,4474,4,2,18,6,15,Fully Furnished,"['Parking', 'Gym', 'Elevator', 'Security']",9.94,3,9338325.26
P39810,Bangalore,Penthouse,1339,1,3,17,8,4,Semi Furnished,"['Power Backup', 'Elevator', 'Wi-Fi', 'Parking', 'Club House']",8.45,3,7819974.53
P30393,Hyderabad,Penthouse,1125,2,4,16,10,20,Fully Furnished,"['Elevator', 'Swimming Pool', 'Parking', 'Garden', 'Gym']",7.3,5,9795932.85
P56906,Jaipur,Penthouse,1963,2,4,4,14,0,Semi Furnished,"['Gym', 'Elevator', 'Swimming Pool']",4.81,9,19810558.04
P56287,Mumbai,Studio,2818,4,1,8,28,0,Semi Furnished,"['Parking', 'Gym', 'Power Backup', 'Security', 'Club House']",3.71,3,45575762.02
P65177,Kolkata,Independent House,3754,1,2,6,13,14,Fully Furnished,"['Wi-Fi', 'Swimming Pool', 'Parking', 'Power Backup', 'Elevator', 'Club House']",2.19,4,8872436.23
P107277,Hyderabad,Independent House,4103,5,4,1,30,12,Semi Furnished,"['Parking', 'Security', 'Swimming Pool']",1.97,6,3567361.57
P67232,Ahmedabad,Apartment,1474,5,1,13,25,19,Fully Furnished,"['Power Backup', 'Security', 'Wi-Fi', 'Swimming Pool', 'Elevator']",5.14,9,15929635.18
P67002,Hyderabad,Duplex,2889,5,3,14,9,16,Unfurnished,"['Club House', 'Security', 'Power Backup', 'Gym']",0.94,3,46473843.8
P61235,Hyderabad,Penthouse,859,4,2,4,20,12,Unfurnished,"['Gym', 'Power Backup', 'Security', 'Parking', 'Swimming Pool']",9.78,1,33267587.16
P99601,Mumbai,Villa,3489,5,2,11,27,6,Fully Furnished,"['Club House', 'Parking', 'Power Backup', 'Security', 'Elevator']",3.66,3,48389462.58
P54998,Ahmedabad,Studio,4470,5,1,11,22,0,Fully Furnished,"['Security', 'Garden', 'Swimming Pool', 'Gym', 'Elevator', 'Parking']",6.06,6,25701545.15
P86322,Chennai,Villa,4195,5,3,6,23,10,Semi Furnished,"['Power Backup', 'Elevator', 'Security', 'Club House', 'Parking', 'Garden']",4.93,8,3849832.72
P18361,Pune,Studio,2909,4,3,11,14,14,Fully Furnished,"['Gym', 'Garden', 'Wi-Fi', 'Security']",6.24,2,776311
P67973,Hyderabad,Studio,2086,5,2,7,28,11,Fully Furnished,"['Parking', 'Power Backup', 'Gym', 'Elevator', 'Club House']",9.28,6,10724138.4
P54218,Mumbai,Villa,4962,3,1,14,28,17,Unfurnished,"['Security', 'Gym', 'Wi-Fi']",9.39,1,4373713.05
P52225,Kolkata,Apartment,3050,5,2,5,20,12,Unfurnished,"['Elevator', 'Security', 'Parking']",3.27,10,43645827.64
P71765,Jaipur,Penthouse,2221,4,2,12,9,10,Fully Furnished,"['Elevator', 'Garden', 'Security', 'Parking', 'Power Backup', 'Club House']",6.76,7,43094503.83
P68103,Ahmedabad,Duplex,1378,1,4,14,23,17,Fully Furnished,"['Wi-Fi', 'Garden', 'Gym', 'Club House', 'Swimming Pool', 'Parking']",4.49,1,21860848.43
P72849,Hyderabad,Duplex,4921,1,2,20,9,1,Fully Furnished,"['Garden', 'Security', 'Swimming Pool', 'Club House', 'Gym', 'Power Backup']",9.47,1,30851428.17
P23842,Chandigarh,Studio,2854,3,2,15,16,5,Fully Furnished,"['Garden', 'Power Backup', 'Swimming Pool', 'Club House', 'Security']",6.25,9,21717337.64
P35624,Chandigarh,Duplex,3169,5,2,12,20,2,Fully Furnished,"['Wi-Fi', 'Security', 'Elevator', 'Garden', 'Parking']",7.51,7,23286503.97
P26898,Pune,Studio,1452,2,2,6,27,19,Unfurnished,"['Elevator', 'Security', 'Parking', 'Power Backup', 'Wi-Fi', 'Garden']",9.03,1,37286030.11
P92738,Bangalore,Studio,3318,1,4,10,29,0,Unfurnished,"['Gym', 'Security', 'Swimming Pool']",1.58,3,37176713.31
P67357,Mumbai,Independent House,3086,5,4,10,8,19,Unfurnished,"['Club House', 'Parking', 'Power Backup', 'Gym', 'Security']",9.28,5,15459017.97
P107718,Hyderabad,Villa,4348,5,3,14,19,1,Semi Furnished,"['Elevator', 'Wi-Fi', 'Garden', 'Gym', 'Parking', 'Power Backup']",5.66,3,48656182
P85563,Bangalore,Villa,1635,2,3,10,6,1,Fully Furnished,"['Garden', 'Club House', 'Gym']",7.99,1,12299321.84
P66399,Jaipur,Duplex,4593,4,1,9,28,5,Unfurnished,"['Garden', 'Power Backup', 'Swimming Pool']",9.54,7,3608323.27
P85464,Jaipur,Independent House,3530,5,4,20,23,12,Unfurnished,"['Wi-Fi', 'Elevator', 'Power Backup', 'Security', 'Parking']",9.32,1,1287681.22
P55348,Jaipur,Duplex,1348,4,1,20,29,1,Fully Furnished,"['Power Backup', 'Parking', 'Elevator', 'Garden', 'Swimming Pool', 'Security']",1.58,2,2894059.06
P91584,Hyderabad,Villa,2808,5,1,19,6,11,Unfurnished,"['Wi-Fi', 'Parking', 'Swimming Pool', 'Club House', 'Power Backup', 'Gym']",6.38,3,16922531
P10411,Delhi,Duplex,2806,2,2,3,17,2,Fully Furnished,"['Garden', 'Parking', 'Swimming Pool', 'Gym', 'Club House']",7.98,3,47331511.32
P54370,Hyderabad,Duplex,3586,1,2,18,25,13,Fully Furnished,"['Parking', 'Swimming Pool', 'Wi-Fi', 'Elevator', 'Security']",3.39,6,33081370.56
P37115,Hyderabad,Studio,3542,4,3,11,12,0,Semi Furnished,"['Swimming Pool', 'Wi-Fi', 'Club House', 'Power Backup', 'Parking', 'Garden']",4.87,5,7024763.98
P40154,Chandigarh,Independent House,4571,2,3,12,10,5,Unfurnished,"['Garden', 'Wi-Fi', 'Security', 'Club House']",6.03,3,34470384
P79862,Delhi,Duplex,1592,3,4,7,14,7,Unfurnished,"['Swimming Pool', 'Security', 'Garden', 'Wi-Fi', 'Club House']",8.47,3,2555668.08
P80791,Kolkata,Villa,554,1,1,13,13,19,Semi Furnished,"['Parking', 'Gym', 'Club House']",5.29,4,17266932.84
P96070,Jaipur,Penthouse,1517,4,2,19,21,0,Semi Furnished,"['Club House', 'Wi-Fi', 'Swimming Pool']",2.21,1,49123460.89
P102755,Ahmedabad,Independent House,2277,2,4,15,7,17,Unfurnished,"['Security', 'Parking', 'Wi-Fi']",2.63,3,18489087.11
P96840,Bangalore,Independent House,3202,4,4,14,25,1,Semi Furnished,"['Swimming Pool', 'Wi-Fi', 'Parking']",7.75,5,49515298.7
P53080,Mumbai,Apartment,3827,1,1,19,30,10,Semi Furnished,"['Security', 'Gym', 'Wi-Fi', 'Elevator']",8.45,10,43369950.2
P85793,Hyderabad,Apartment,3743,5,4,9,25,11,Unfurnished,"['Power Backup', 'Parking', 'Club House']",1.86,7,1405020.94
P41300,Delhi,Apartment,4924,1,4,14,28,18,Semi Furnished,"['Swimming Pool', 'Garden', 'Security', 'Gym']",5.9,7,49656998.25
P73224,Jaipur,Villa,3974,2,4,16,24,15,Fully Furnished,"['Club House', 'Elevator', 'Parking', 'Swimming Pool', 'Gym', 'Security']",2.13,8,29303153.35
P33823,Chandigarh,Penthouse,1015,1,2,4,13,7,Unfurnished,"['Swimming Pool', 'Security', 'Garden']",2.98,3,32718558.36
P99271,Pune,Independent House,2840,5,3,13,16,8,Fully Furnished,"['Power Backup', 'Garden', 'Gym', 'Security', 'Swimming Pool']",2.6,4,21206954.21
P41530,Chennai,Duplex,1316,5,4,7,12,4,Fully Furnished,"['Swimming Pool', 'Power Backup', 'Wi-Fi', 'Elevator', 'Parking', 'Garden']",7.39,10,48140336.7
P85491,Ahmedabad,Apartment,3943,3,4,19,20,16,Unfurnished,"['Elevator', 'Parking', 'Club House', 'Gym', 'Security', 'Wi-Fi']",9.88,10,37748368.8
P66398,Kolkata,Studio,2218,1,3,12,13,7,Fully Furnished,"['Power Backup', 'Garden', 'Parking', 'Swimming Pool', 'Wi-Fi']",5.6,7,36882202.25
P79944,Delhi,Apartment,2323,2,4,5,6,1,Semi Furnished,"['Garden', 'Elevator', 'Club House', 'Gym']",5.67,7,11793625.42
P103115,Chennai,Studio,4116,4,1,4,6,12,Semi Furnished,"['Security', 'Wi-Fi', 'Gym']",9.16,1,24617692.48
P42643,Ahmedabad,Penthouse,3905,1,1,1,9,4,Fully Furnished,"['Garden', 'Parking', 'Elevator', 'Gym']",9.1,9,36313763.18
P53011,Kolkata,Duplex,851,5,3,5,28,11,Fully Furnished,"['Power Backup', 'Gym', 'Garden', 'Wi-Fi', 'Security', 'Club House']",8.45,6,6144800.73
P23623,Jaipur,Studio,2765,1,1,11,25,1,Semi Furnished,"['Gym', 'Security', 'Wi-Fi', 'Club House']",2.95,9,37156677.57
P76122,Delhi,Studio,3331,4,2,14,25,20,Semi Furnished,"['Club House', 'Security', 'Garden', 'Elevator']",5.84,5,48031565.74
P28266,Jaipur,Villa,2101,3,1,8,14,10,Unfurnished,"['Security', 'Elevator', 'Swimming Pool', 'Club House', 'Wi-Fi', 'Parking']",7.21,8,13429204.6
P100692,Delhi,Studio,2133,3,3,3,12,13,Fully Furnished,"['Parking', 'Elevator', 'Garden', 'Wi-Fi', 'Swimming Pool']",8.97,3,39609961.53
P95264,Hyderabad,Studio,960,3,2,1,19,11,Fully Furnished,"['Wi-Fi', 'Club House', 'Parking', 'Elevator', 'Power Backup', 'Gym']",4.61,4,45698820.98
P69127,Bangalore,Penthouse,3559,5,3,6,26,0,Semi Furnished,"['Club House', 'Security', 'Wi-Fi', 'Parking', 'Garden', 'Swimming Pool']",9.25,4,28448668.67
P54298,Kolkata,Independent House,668,1,4,9,28,7,Semi Furnished,"['Club House', 'Elevator', 'Garden']",7.02,10,5688590
P44829,Delhi,Villa,2493,4,3,18,21,15,Unfurnished,"['Power Backup', 'Swimming Pool', 'Gym', 'Club House', 'Security']",6.48,10,9671956.42
P99991,Pune,Duplex,2685,1,3,14,10,19,Semi Furnished,"['Power Backup', 'Elevator', 'Security', 'Club House', 'Swimming Pool', 'Gym']",7.65,8,29621630.53
P97506,Chennai,Apartment,2725,3,1,20,25,3,Semi Furnished,"['Gym', 'Parking', 'Wi-Fi', 'Club House', 'Power Backup']",7.05,1,12159109.87
P88179,Delhi,Villa,4859,4,2,15,10,1,Unfurnished,"['Wi-Fi', 'Parking', 'Elevator', 'Swimming Pool']",4.78,2,6563414.43
P53576,Mumbai,Duplex,3139,2,2,7,15,13,Semi Furnished,"['Power Backup', 'Gym', 'Swimming Pool', 'Club House']",7.26,3,6351284.67
P83143,Bangalore,Apartment,2230,4,4,20,7,2,Unfurnished,"['Swimming Pool', 'Parking', 'Gym']",7.59,4,19926563.17
P107411,Mumbai,Apartment,1177,2,2,15,18,12,Semi Furnished,"['Security', 'Power Backup', 'Club House']",6.26,6,11771769.21
P109817,Chennai,Villa,905,5,1,13,27,17,Semi Furnished,"['Gym', 'Security', 'Parking', 'Swimming Pool', 'Power Backup', 'Wi-Fi']",5.91,5,43408997.06
P101112,Delhi,Independent House,1863,5,4,10,14,11,Fully Furnished,"['Garden', 'Club House', 'Power Backup']",9.01,10,47085639.95
P109032,Kolkata,Penthouse,4481,1,3,7,7,11,Fully Furnished,"['Swimming Pool', 'Security', 'Wi-Fi']",7.72,3,48288279.64
P55588,Chandigarh,Villa,2222,3,2,4,8,12,Fully Furnished,"['Security', 'Garden', 'Power Backup', 'Elevator']",4.07,10,31489988.08
P19420,Mumbai,Villa,3410,2,3,12,23,17,Semi Furnished,"['Club House', 'Power Backup', 'Garden', 'Gym']",9.14,9,13225154.74
P48589,Chandigarh,Independent House,1730,3,4,14,14,11,Fully Furnished,"['Gym', 'Club House', 'Parking']",9.84,6,14169106.62
P41849,Hyderabad,Studio,2247,5,3,9,16,0,Fully Furnished,"['Power Backup', 'Swimming Pool', 'Club House', 'Security', 'Parking', 'Wi-Fi']",6.32,10,19210906.3
P90424,Mumbai,Studio,3846,3,3,20,9,11,Unfurnished,"['Wi-Fi', 'Gym', 'Swimming Pool', 'Elevator', 'Club House']",8.48,9,6076724.52
P37475,Chandigarh,Apartment,582,3,3,5,20,2,Semi Furnished,"['Elevator', 'Power Backup', 'Club House']",1.7,1,40078872.73
P26554,Bangalore,Villa,1141,3,4,5,7,1,Unfurnished,"['Wi-Fi', 'Power Backup', 'Swimming Pool', 'Garden', 'Parking', 'Gym']",3.37,2,35669096.48
P30078,Hyderabad,Studio,2679,4,3,20,12,8,Fully Furnished,"['Elevator', 'Wi-Fi', 'Parking', 'Garden']",2.27,1,30285948.97
P109304,Pune,Penthouse,2433,1,4,18,10,4,Semi Furnished,"['Parking', 'Wi-Fi', 'Gym', 'Swimming Pool']",7.61,4,48667920.59
P67396,Bangalore,Villa,4299,3,2,19,14,19,Unfurnished,"['Power Backup', 'Elevator', 'Parking', 'Security', 'Wi-Fi']",2.65,10,45161012.62
P34246,Chennai,Duplex,4898,3,1,1,5,2,Unfurnished,"['Wi-Fi', 'Security', 'Club House', 'Parking', 'Elevator', 'Gym']",3.8,9,28148380.49
P41472,Hyderabad,Apartment,2692,5,2,1,25,9,Fully Furnished,"['Elevator', 'Gym', 'Power Backup', 'Garden', 'Club House', 'Wi-Fi']",4.82,6,24919297.37
P80422,Pune,Apartment,2880,4,3,4,30,7,Fully Furnished,"['Wi-Fi', 'Swimming Pool', 'Parking', 'Gym', 'Club House', 'Security']",8.74,9,14435641.27
P105079,Mumbai,Apartment,1695,1,3,1,7,9,Unfurnished,"['Club House', 'Parking', 'Security']",4.75,4,21298838
P78342,Bangalore,Duplex,4308,5,1,6,22,1,Fully Furnished,"['Gym', 'Elevator', 'Wi-Fi', 'Swimming Pool']",7.55,3,39895949.46
P95511,Ahmedabad,Penthouse,1826,3,1,6,5,5,Semi Furnished,"['Gym', 'Security', 'Club House', 'Wi-Fi', 'Power Backup']",2.6,7,14398688.11
P64655,Hyderabad,Independent House,2251,4,1,6,24,9,Fully Furnished,"['Swimming Pool', 'Parking', 'Garden', 'Power Backup', 'Gym', 'Club House']",7.37,6,10080035.95
P19973,Bangalore,Villa,4370,4,2,15,27,5,Unfurnished,"['Gym', 'Power Backup', 'Elevator']",5.13,7,3459386.23
P80297,Pune,Villa,1491,4,1,17,12,7,Semi Furnished,"['Power Backup', 'Wi-Fi', 'Gym', 'Swimming Pool']",7.59,9,13453290.79
P68640,Ahmedabad,Duplex,2231,4,4,1,8,10,Semi Furnished,"['Power Backup', 'Parking', 'Elevator']",5.09,10,14128450.33
P46916,Hyderabad,Studio,1624,2,1,16,17,15,Semi Furnished,"['Club House', 'Wi-Fi', 'Parking', 'Elevator', 'Gym']",9.71,5,4069336.45
P100938,Hyderabad,Penthouse,2245,2,2,11,19,19,Semi Furnished,"['Power Backup', 'Gym', 'Garden', 'Wi-Fi', 'Parking', 'Elevator']",0.83,5,21189028.06
P86053,Chandigarh,Penthouse,2616,4,4,1,11,20,Semi Furnished,"['Wi-Fi', 'Gym', 'Parking', 'Club House', 'Garden']",0.89,9,1685356.43
P34582,Pune,Penthouse,4167,3,1,16,10,6,Semi Furnished,"['Security', 'Club House', 'Wi-Fi', 'Parking', 'Elevator']",8.72,7,24476262.72
P96796,Chennai,Penthouse,2526,4,2,15,9,0,Fully Furnished,"['Parking', 'Wi-Fi', 'Garden']",0.71,10,43376243.83
P65039,Ahmedabad,Duplex,1033,1,2,6,19,0,Unfurnished,"['Security', 'Parking', 'Power Backup']",8.64,5,23472660.9
P31112,Pune,Independent House,4332,1,3,17,30,19,Fully Furnished,"['Elevator', 'Club House', 'Wi-Fi', 'Power Backup', 'Swimming Pool']",1.82,8,20870715.21
P76506,Kolkata,Duplex,3253,3,4,7,5,12,Unfurnished,"['Parking', 'Garden', 'Club House', 'Power Backup', 'Wi-Fi']",8.85,3,19115397.73
P60908,Kolkata,Apartment,2202,5,2,6,11,3,Semi Furnished,"['Swimming Pool', 'Elevator', 'Wi-Fi']",0.97,2,24949077.44
P59738,Mumbai,Duplex,2959,5,3,9,11,8,Fully Furnished,"['Parking', 'Elevator', 'Club House']",3.65,5,7758707.94
P42361,Chandigarh,Independent House,3569,4,2,11,20,18,Fully Furnished,"['Parking', 'Elevator', 'Wi-Fi', 'Club House', 'Power Backup']",4.15,9,41519746.15
P99019,Hyderabad,Duplex,3294,5,4,16,9,11,Fully Furnished,"['Power Backup', 'Club House', 'Swimming Pool', 'Parking']",0.94,10,7783667.56
P75337,Delhi,Studio,2463,1,3,15,25,20,Fully Furnished,"['Security', 'Club House', 'Parking']",8.03,2,5172698.71
P59747,Chennai,Independent House,2179,1,1,12,24,18,Unfurnished,"['Wi-Fi', 'Garden', 'Swimming Pool', 'Gym']",3.44,8,37045364.96
P100041,Chandigarh,Villa,2587,3,3,14,25,6,Fully Furnished,"['Swimming Pool', 'Security', 'Parking', 'Garden']",6.41,4,20545704.94
P40725,Delhi,Villa,4050,5,1,5,7,11,Unfurnished,"['Elevator', 'Gym', 'Garden', 'Parking']",6.57,5,39600144.53
P39469,Chandigarh,Apartment,1808,2,3,17,29,12,Semi Furnished,"['Wi-Fi', 'Garden', 'Power Backup', 'Parking', 'Gym']",9.57,7,37085722.85
P84393,Pune,Apartment,4886,1,4,5,22,2,Fully Furnished,"['Club House', 'Gym', 'Garden', 'Elevator']",5.37,2,26930031.2
P62946,Chandigarh,Duplex,3074,3,2,2,14,16,Unfurnished,"['Garden', 'Elevator', 'Wi-Fi', 'Swimming Pool']",7.57,1,34895086.03
P51748,Delhi,Penthouse,4270,3,1,11,15,11,Unfurnished,"['Swimming Pool', 'Security', 'Wi-Fi', 'Power Backup', 'Club House']",1.78,9,6693070.8
P74950,Jaipur,Duplex,3164,1,4,20,7,13,Unfurnished,"['Club House', 'Garden', 'Power Backup']",1.1,6,13275898.12
P55359,Delhi,Studio,1986,3,4,16,9,11,Fully Furnished,"['Club House', 'Power Backup', 'Gym']",0.71,5,3533652.97
P88301,Delhi,Apartment,3258,3,4,20,21,12,Fully Furnished,"['Swimming Pool', 'Security', 'Elevator']",6.85,10,22059117.27
P85615,Chennai,Villa,3557,3,2,16,28,6,Fully Furnished,"['Parking', 'Gym', 'Power Backup', 'Elevator', 'Swimming Pool']",7.1,3,32561731.61
P55991,Chandigarh,Villa,3910,1,1,17,21,13,Fully Furnished,"['Club House', 'Elevator', 'Wi-Fi', 'Gym']",9.91,1,17763208.64
P90311,Jaipur,Apartment,3289,4,4,17,26,3,Unfurnished,"['Gym', 'Parking', 'Security', 'Swimming Pool', 'Wi-Fi']",4.83,6,22182988.54
P70447,Jaipur,Villa,2799,4,1,1,20,7,Fully Furnished,"['Club House', 'Garden', 'Wi-Fi', 'Power Backup', 'Parking']",4.84,8,12908802.14
P100909,Pune,Duplex,2978,4,1,15,13,13,Unfurnished,"['Club House', 'Wi-Fi', 'Swimming Pool']",1.13,1,37630600.78
P47878,Kolkata,Independent House,4253,5,2,19,30,9,Fully Furnished,"['Club House', 'Power Backup', 'Gym', 'Security']",3.95,1,30110476.97
P28263,Delhi,Duplex,1864,2,2,16,16,7,Fully Furnished,"['Gym', 'Swimming Pool', 'Club House']",1.37,2,28752532.95
P94388,Chennai,Penthouse,1619,1,2,16,30,13,Fully Furnished,"['Power Backup', 'Swimming Pool', 'Security', 'Wi-Fi', 'Parking', 'Gym']",4.73,10,49541406.27
P72132,Jaipur,Studio,2275,1,3,19,30,0,Fully Furnished,"['Garden', 'Parking', 'Club House']",6,7,24872254.39
P74223,Chennai,Studio,2068,4,1,6,20,4,Fully Furnished,"['Gym', 'Wi-Fi', 'Parking']",2.79,4,4612797.88
P21110,Chandigarh,Studio,686,5,2,15,16,0,Fully Furnished,"['Garden', 'Parking', 'Club House', 'Gym']",6.15,4,21706458.01
P101323,Pune,Independent House,879,2,4,4,20,1,Semi Furnished,"['Garden', 'Parking', 'Power Backup', 'Gym', 'Wi-Fi']",0.68,1,30152344.8
P95477,Jaipur,Villa,3461,2,4,9,10,20,Fully Furnished,"['Power Backup', 'Garden', 'Club House', 'Swimming Pool']",8.88,6,48061951.77
P40661,Chandigarh,Penthouse,3025,1,4,18,29,4,Unfurnished,"['Swimming Pool', 'Wi-Fi', 'Elevator']",6.36,9,35082415.05
P18605,Jaipur,Villa,2555,1,1,5,17,3,Unfurnished,"['Wi-Fi', 'Swimming Pool', 'Gym']",3.34,8,18021702.34
P53805,Bangalore,Penthouse,1278,1,2,16,9,5,Fully Furnished,"['Wi-Fi', 'Elevator', 'Garden', 'Parking', 'Swimming Pool']",4.95,8,5750147.66
P25905,Mumbai,Villa,4261,5,4,15,28,1,Semi Furnished,"['Club House', 'Gym', 'Power Backup']",1.47,4,28015009.26
P67731,Ahmedabad,Villa,2463,2,2,6,9,12,Unfurnished,"['Swimming Pool', 'Club House', 'Power Backup', 'Wi-Fi', 'Security']",5.29,6,4165245.83
P87049,Bangalore,Apartment,940,2,4,14,23,12,Unfurnished,"['Gym', 'Club House', 'Wi-Fi']",2.66,4,16869826.63
P92741,Chennai,Duplex,3396,2,2,15,28,6,Fully Furnished,"['Power Backup', 'Club House', 'Wi-Fi', 'Security', 'Parking', 'Gym']",2.69,8,21411970.93
P40153,Mumbai,Penthouse,1442,2,3,12,11,14,Unfurnished,"['Security', 'Gym', 'Club House', 'Swimming Pool', 'Parking']",9.79,4,5525505.98
P57208,Kolkata,Studio,2838,5,1,19,21,19,Fully Furnished,"['Parking', 'Swimming Pool', 'Club House', 'Gym', 'Garden']",5.33,9,35824658.71
P108294,Ahmedabad,Apartment,959,1,3,10,13,4,Fully Furnished,"['Wi-Fi', 'Elevator', 'Power Backup']",2.29,8,17741017.76
P13501,Pune,Penthouse,2686,3,2,6,17,19,Fully Furnished,"['Club House', 'Garden', 'Power Backup', 'Gym']",3.62,3,49159777.13
P43092,Chennai,Villa,3321,3,3,15,13,9,Unfurnished,"['Club House', 'Elevator', 'Security', 'Wi-Fi', 'Gym']",3.05,5,9426408.61
P37041,Bangalore,Independent House,2757,4,1,14,23,0,Semi Furnished,"['Security', 'Garden', 'Elevator']",4.68,4,15833187.78
P72065,Chandigarh,Apartment,4314,4,1,12,13,11,Fully Furnished,"['Club House', 'Power Backup', 'Parking']",6.44,9,23078773.24
P22643,Ahmedabad,Studio,3452,5,3,3,9,16,Unfurnished,"['Swimming Pool', 'Garden', 'Elevator', 'Gym']",1.56,2,9565496.88
P58267,Delhi,Studio,2831,2,4,4,21,0,Fully Furnished,"['Power Backup', 'Parking', 'Club House']",0.8,2,26403112.58
P67575,Chandigarh,Penthouse,2509,2,2,7,24,20,Unfurnished,"['Club House', 'Swimming Pool', 'Security', 'Power Backup']",9.66,6,26929110.18
P27640,Mumbai,Studio,1980,3,4,3,18,1,Unfurnished,"['Parking', 'Security', 'Club House', 'Wi-Fi']",2.3,7,37516774.05
P49237,Mumbai,Studio,3029,2,2,16,11,18,Fully Furnished,"['Wi-Fi', 'Garden', 'Swimming Pool', 'Club House']",1.14,5,9271157.74
P92457,Ahmedabad,Independent House,2141,4,4,1,24,16,Unfurnished,"['Power Backup', 'Parking', 'Elevator']",6.14,3,8629185.81
P97072,Mumbai,Villa,4469,2,2,2,30,20,Fully Furnished,"['Garden', 'Swimming Pool', 'Elevator', 'Wi-Fi']",3.99,4,6285515.28
P72946,Delhi,Villa,2798,2,3,18,13,9,Fully Furnished,"['Wi-Fi', 'Club House', 'Parking', 'Security']",3.61,2,18547415.26
P99061,Bangalore,Duplex,1715,2,2,15,23,3,Fully Furnished,"['Security', 'Parking', 'Elevator', 'Wi-Fi']",1.38,4,44401389.69
P64084,Ahmedabad,Studio,2652,4,2,19,28,16,Unfurnished,"['Wi-Fi', 'Club House', 'Gym', 'Parking']",0.73,2,49114180.4
P74856,Pune,Studio,3721,5,1,2,22,17,Fully Furnished,"['Parking', 'Elevator', 'Wi-Fi', 'Swimming Pool', 'Club House', 'Security']",5.28,8,14109599.81
P83667,Pune,Apartment,1370,1,2,19,9,12,Semi Furnished,"['Security', 'Power Backup', 'Garden']",7.45,9,39743258.25
P89125,Chennai,Studio,589,2,3,12,18,12,Fully Furnished,"['Wi-Fi', 'Security', 'Power Backup', 'Parking', 'Swimming Pool']",4.03,2,12673850.19
P67919,Bangalore,Independent House,4605,5,4,14,8,3,Unfurnished,"['Elevator', 'Swimming Pool', 'Club House', 'Parking']",4.18,1,1151681.68
P44305,Hyderabad,Duplex,1386,2,3,6,30,12,Semi Furnished,"['Elevator', 'Wi-Fi', 'Garden', 'Club House']",3.17,2,10314007.82
P95364,Chennai,Villa,3416,1,3,16,11,0,Semi Furnished,"['Parking', 'Wi-Fi', 'Club House', 'Garden', 'Power Backup', 'Swimming Pool']",3.32,5,30704633.77
P30513,Delhi,Duplex,3995,5,4,1,13,13,Unfurnished,"['Elevator', 'Security', 'Wi-Fi', 'Parking']",3.24,10,29204211.77
P63904,Chennai,Villa,2939,3,2,18,22,11,Unfurnished,"['Wi-Fi', 'Gym', 'Elevator', 'Power Backup', 'Garden']",7.51,6,26293513.67
P52054,Chennai,Independent House,2262,2,1,5,18,12,Unfurnished,"['Gym', 'Elevator', 'Wi-Fi', 'Parking', 'Power Backup', 'Security']",9.27,3,31503613.9
P23864,Pune,Independent House,1336,4,3,2,16,6,Fully Furnished,"['Garden', 'Club House', 'Elevator']",0.84,6,47284845.77
P62478,Mumbai,Apartment,1869,3,1,4,20,4,Fully Furnished,"['Gym', 'Wi-Fi', 'Parking', 'Elevator', 'Security', 'Swimming Pool']",2.14,8,48923260.41
P99752,Chennai,Duplex,1145,2,1,4,23,6,Unfurnished,"['Elevator', 'Garden', 'Club House', 'Swimming Pool', 'Security']",9.08,6,18772341.65
P46009,Bangalore,Penthouse,3059,4,4,2,30,19,Unfurnished,"['Gym', 'Wi-Fi', 'Garden']",3.64,7,29206093.91
P105259,Mumbai,Independent House,1699,2,1,6,22,14,Fully Furnished,"['Garden', 'Wi-Fi', 'Club House', 'Swimming Pool']",5.89,7,14915845.48
P27611,Hyderabad,Apartment,1631,5,2,15,15,18,Fully Furnished,"['Power Backup', 'Garden', 'Swimming Pool']",3.59,2,41368142.93
P60802,Kolkata,Duplex,4866,2,4,4,26,7,Unfurnished,"['Wi-Fi', 'Club House', 'Parking', 'Power Backup', 'Garden']",4.49,1,41642689.62
P69129,Hyderabad,Studio,1536,1,3,7,12,12,Fully Furnished,"['Security', 'Power Backup', 'Parking', 'Club House']",4.28,4,5101707.46
P44279,Chandigarh,Apartment,2894,5,2,14,14,7,Semi Furnished,"['Security', 'Power Backup', 'Parking', 'Elevator', 'Swimming Pool']",4.12,2,30537372.89
P25402,Chandigarh,Independent House,3282,4,1,20,28,12,Fully Furnished,"['Swimming Pool', 'Garden', 'Security', 'Gym', 'Power Backup', 'Wi-Fi']",4.02,4,9729556.04
P104386,Hyderabad,Villa,3135,1,2,4,6,1,Fully Furnished,"['Swimming Pool', 'Power Backup', 'Club House']",0.93,3,23909398.88
P11894,Hyderabad,Penthouse,4841,3,4,5,9,19,Fully Furnished,"['Club House', 'Power Backup', 'Security']",7.21,5,33231956.02
P45150,Chandigarh,Apartment,2083,2,2,5,27,3,Unfurnished,"['Club House', 'Wi-Fi', 'Elevator', 'Security']",4.35,4,3848147.43
P60431,Delhi,Independent House,2613,3,2,11,15,3,Unfurnished,"['Power Backup', 'Gym', 'Security']",7.23,1,26236201.13
P79996,Chennai,Duplex,2663,1,3,3,25,2,Unfurnished,"['Wi-Fi', 'Club House', 'Swimming Pool', 'Elevator']",5.55,1,29801762.08
P80094,Chennai,Villa,1065,3,3,9,5,0,Fully Furnished,"['Club House', 'Security', 'Power Backup']",3.37,4,30876302.04
P19599,Pune,Independent House,3636,5,3,8,23,11,Fully Furnished,"['Club House', 'Security', 'Elevator', 'Garden']",5.59,1,45366228.86
P14093,Kolkata,Penthouse,3062,5,3,14,25,19,Fully Furnished,"['Parking', 'Club House', 'Elevator', 'Swimming Pool']",3.07,1,29245178.69
P99395,Delhi,Apartment,3471,3,3,9,19,3,Unfurnished,"['Gym', 'Elevator', 'Power Backup', 'Security', 'Garden']",4.44,9,8598710.61
P65111,Pune,Apartment,3647,3,3,15,10,18,Fully Furnished,"['Swimming Pool', 'Security', 'Garden', 'Power Backup', 'Elevator', 'Wi-Fi']",8.8,2,870791.25
P78554,Bangalore,Duplex,2590,3,2,12,6,7,Unfurnished,"['Power Backup', 'Gym', 'Security']",9.53,6,5297884.45
P23514,Bangalore,Duplex,2703,4,2,11,11,19,Fully Furnished,"['Parking', 'Wi-Fi', 'Garden', 'Security', 'Swimming Pool']",7.58,1,11261538.81
P80397,Delhi,Penthouse,4485,5,2,8,14,15,Semi Furnished,"['Swimming Pool', 'Club House', 'Elevator', 'Wi-Fi', 'Power Backup', 'Security']",6.97,10,23857323.56
P26346,Bangalore,Independent House,4676,4,4,10,5,12,Unfurnished,"['Security', 'Swimming Pool', 'Power Backup', 'Gym']",5.57,10,46809005.07
P15932,Bangalore,Independent House,4122,2,3,1,16,11,Fully Furnished,"['Gym', 'Parking', 'Garden', 'Power Backup', 'Security']",8.32,6,24747362.65
P95401,Hyderabad,Apartment,3070,4,1,10,25,17,Unfurnished,"['Wi-Fi', 'Elevator', 'Security', 'Parking', 'Club House', 'Swimming Pool']",9.76,2,20717490.73
P86942,Mumbai,Apartment,2800,1,1,8,8,9,Semi Furnished,"['Security', 'Parking', 'Wi-Fi', 'Gym', 'Club House']",1.86,2,39367959.7
P36963,Delhi,Studio,932,1,4,10,5,2,Unfurnished,"['Parking', 'Security', 'Gym', 'Garden', 'Elevator']",3.36,10,49902583.61
P70204,Mumbai,Studio,2389,2,1,14,30,10,Semi Furnished,"['Elevator', 'Power Backup', 'Garden']",8.5,2,27169340.64
P18658,Pune,Independent House,3090,1,3,10,15,4,Unfurnished,"['Elevator', 'Security', 'Swimming Pool']",2.4,1,31203502.54
P101305,Pune,Villa,3613,3,4,8,5,11,Unfurnished,"['Swimming Pool', 'Parking', 'Gym']",1.29,6,27878211.4
P11351,Ahmedabad,Villa,3819,3,2,4,27,20,Semi Furnished,"['Gym', 'Power Backup', 'Parking', 'Wi-Fi', 'Elevator']",6.56,1,3225498.2
P90951,Chennai,Apartment,4225,5,3,11,7,10,Unfurnished,"['Garden', 'Parking', 'Swimming Pool', 'Security', 'Club House', 'Wi-Fi']",5.82,6,46904612.34
P77236,Kolkata,Studio,2795,5,1,16,11,5,Fully Furnished,"['Garden', 'Club House', 'Wi-Fi', 'Gym', 'Power Backup', 'Elevator']",9.06,5,11143444.74
P16968,Jaipur,Studio,1414,1,4,1,11,14,Fully Furnished,"['Parking', 'Elevator', 'Gym', 'Power Backup', 'Wi-Fi', 'Garden']",1.67,4,22844870.27
P28899,Chandigarh,Villa,3687,4,4,2,10,17,Fully Furnished,"['Swimming Pool', 'Elevator', 'Club House', 'Parking', 'Gym', 'Power Backup']",6.82,7,18293334.05
P93404,Jaipur,Penthouse,1967,1,3,18,7,15,Fully Furnished,"['Wi-Fi', 'Security', 'Gym', 'Swimming Pool', 'Garden']",1.98,4,44524705.83
P74918,Delhi,Independent House,4888,4,4,15,9,9,Semi Furnished,"['Power Backup', 'Parking', 'Swimming Pool']",8.19,8,40327955.24
P80720,Delhi,Villa,2520,1,4,6,7,0,Unfurnished,"['Swimming Pool', 'Parking', 'Club House', 'Wi-Fi', 'Power Backup']",4.14,5,37469653.37
P65640,Chennai,Studio,3772,2,1,18,14,15,Unfurnished,"['Garden', 'Parking', 'Swimming Pool', 'Security']",2.13,9,1036630.87
P52177,Delhi,Villa,2864,2,3,12,28,0,Fully Furnished,"['Club House', 'Parking', 'Elevator', 'Security', 'Power Backup', 'Wi-Fi']",6.57,5,29315569.57
P35998,Bangalore,Duplex,1944,5,1,4,22,19,Unfurnished,"['Power Backup', 'Club House', 'Wi-Fi', 'Garden', 'Gym']",8.1,2,5346460.75
P50807,Bangalore,Studio,4814,5,3,15,28,20,Fully Furnished,"['Power Backup', 'Swimming Pool', 'Garden', 'Elevator', 'Parking', 'Gym']",1.42,8,23209414.18
P98436,Jaipur,Duplex,3270,2,2,2,23,10,Semi Furnished,"['Wi-Fi', 'Security', 'Swimming Pool', 'Garden']",5.3,9,2144098.52
P31838,Chandigarh,Studio,2499,1,4,6,30,8,Fully Furnished,"['Garden', 'Parking', 'Wi-Fi', 'Club House', 'Gym', 'Swimming Pool']",2.07,4,9477458.46
P31637,Hyderabad,Apartment,1507,1,2,19,16,14,Semi Furnished,"['Garden', 'Gym', 'Swimming Pool']",7.05,9,8606639.6
P45865,Pune,Penthouse,2809,5,1,10,24,10,Unfurnished,"['Security', 'Wi-Fi', 'Power Backup', 'Club House']",2.71,3,30438058.19
P104376,Bangalore,Duplex,4290,4,4,20,27,4,Fully Furnished,"['Parking', 'Swimming Pool', 'Garden']",5.42,3,4610502.32
P33057,Ahmedabad,Penthouse,1529,2,2,7,11,17,Fully Furnished,"['Power Backup', 'Wi-Fi', 'Garden', 'Swimming Pool', 'Security', 'Parking']",8.72,7,38119486.96
P66122,Kolkata,Duplex,4577,1,1,14,30,1,Fully Furnished,"['Parking', 'Club House', 'Security', 'Elevator', 'Gym', 'Power Backup']",4.28,6,44595785.92
P87365,Pune,Studio,1021,5,2,16,16,9,Semi Furnished,"['Parking', 'Garden', 'Wi-Fi', 'Gym', 'Swimming Pool']",6.68,6,2733112.72
P42369,Chandigarh,Villa,1347,1,4,2,14,8,Unfurnished,"['Parking', 'Wi-Fi', 'Elevator', 'Gym']",0.93,3,23228475.59
P108100,Bangalore,Studio,2210,5,4,19,23,18,Unfurnished,"['Swimming Pool', 'Garden', 'Elevator', 'Gym']",9.41,3,22614795.98
P12844,Bangalore,Villa,1584,3,1,10,21,10,Fully Furnished,"['Garden', 'Gym', 'Security', 'Wi-Fi', 'Power Backup']",9.44,3,2560012.52
P45310,Kolkata,Penthouse,4468,2,1,18,22,4,Semi Furnished,"['Power Backup', 'Garden', 'Security', 'Swimming Pool', 'Gym', 'Club House']",5.78,7,6313774.94
P34985,Chandigarh,Villa,1810,2,2,14,21,3,Unfurnished,"['Power Backup', 'Elevator', 'Swimming Pool', 'Club House']",9.47,8,4318956.83
P83200,Delhi,Independent House,2259,3,3,7,16,9,Unfurnished,"['Elevator', 'Parking', 'Security', 'Gym', 'Power Backup', 'Garden']",7.87,5,33659256.66
P107668,Delhi,Independent House,2143,5,4,18,26,8,Fully Furnished,"['Club House', 'Garden', 'Parking']",5.74,10,22607063.8
P52939,Kolkata,Villa,3703,3,4,7,30,9,Semi Furnished,"['Power Backup', 'Parking', 'Club House', 'Garden', 'Gym']",7.08,8,21569797.97
P100524,Pune,Studio,2810,3,1,8,5,0,Fully Furnished,"['Security', 'Swimming Pool', 'Parking', 'Gym', 'Garden', 'Elevator']",7.52,6,6328751.11
P38863,Chandigarh,Independent House,4313,5,1,10,27,14,Fully Furnished,"['Security', 'Gym', 'Power Backup']",4.6,3,46643423.34
P76678,Kolkata,Penthouse,3989,5,1,16,11,11,Fully Furnished,"['Club House', 'Gym', 'Security', 'Parking', 'Elevator', 'Garden']",2.06,4,10609329.09
P50012,Bangalore,Penthouse,3019,1,3,17,25,14,Semi Furnished,"['Club House', 'Elevator', 'Garden', 'Swimming Pool']",8.06,2,20970320.64
P65137,Mumbai,Penthouse,2499,1,2,2,8,10,Unfurnished,"['Security', 'Power Backup', 'Elevator']",1.3,4,26472231.03
P17025,Chandigarh,Duplex,768,4,4,20,25,14,Unfurnished,"['Gym', 'Parking', 'Garden', 'Elevator', 'Wi-Fi']",1.57,6,5108449.26
P33718,Jaipur,Apartment,3759,5,2,9,20,19,Semi Furnished,"['Wi-Fi', 'Elevator', 'Club House']",5.55,1,35937297.23
P107180,Delhi,Villa,3706,4,4,15,25,0,Semi Furnished,"['Elevator', 'Parking', 'Garden', 'Security', 'Power Backup', 'Swimming Pool']",7.56,8,9128596.45
P18040,Ahmedabad,Penthouse,3420,5,1,12,28,4,Semi Furnished,"['Club House', 'Garden', 'Gym', 'Parking']",1.29,5,22465179.64
P97128,Jaipur,Penthouse,1123,2,2,14,20,10,Fully Furnished,"['Swimming Pool', 'Garden', 'Club House', 'Gym', 'Parking']",2.79,3,45341994.74
P103189,Jaipur,Duplex,3130,5,3,8,25,8,Fully Furnished,"['Garden', 'Security', 'Wi-Fi', 'Parking']",5.09,4,15471939.7
P47646,Ahmedabad,Apartment,2167,2,3,11,5,9,Semi Furnished,"['Parking', 'Wi-Fi', 'Security', 'Gym']",6.35,9,13336782.95
P83054,Kolkata,Duplex,3443,3,2,13,23,13,Semi Furnished,"['Parking', 'Elevator', 'Garden']",6.55,5,5955142.58
P100255,Kolkata,Penthouse,3882,5,4,19,12,6,Unfurnished,"['Wi-Fi', 'Swimming Pool', 'Gym', 'Garden', 'Power Backup']",0.6,9,28506688.26
P39444,Kolkata,Independent House,3949,5,3,16,20,6,Fully Furnished,"['Wi-Fi', 'Garden', 'Club House', 'Parking', 'Power Backup']",5.96,8,30625354.38
P103784,Pune,Duplex,2017,1,1,17,15,8,Semi Furnished,"['Elevator', 'Power Backup', 'Swimming Pool', 'Security']",2.64,3,17283351.06
P44940,Chandigarh,Independent House,907,5,1,14,5,7,Unfurnished,"['Security', 'Swimming Pool', 'Wi-Fi']",5.6,5,38844955.3
P95016,Bangalore,Penthouse,3942,3,1,2,28,17,Unfurnished,"['Wi-Fi', 'Power Backup', 'Garden', 'Security']",2.75,10,7274245.96
P63052,Mumbai,Penthouse,4306,4,2,4,24,20,Unfurnished,"['Parking', 'Power Backup', 'Garden', 'Club House', 'Wi-Fi', 'Security']",4.09,3,8110070.7
P96246,Ahmedabad,Independent House,3268,5,2,17,23,5,Unfurnished,"['Club House', 'Elevator', 'Wi-Fi', 'Security', 'Gym', 'Power Backup']",0.81,7,46722842.75
P56446,Chennai,Studio,1695,1,1,17,18,9,Unfurnished,"['Club House', 'Security', 'Parking', 'Swimming Pool']",1.04,8,49988921.4
P86590,Delhi,Apartment,3056,5,3,7,24,8,Semi Furnished,"['Swimming Pool', 'Wi-Fi', 'Power Backup']",4.27,6,40283723.89
P30003,Mumbai,Apartment,816,5,1,17,20,20,Fully Furnished,"['Power Backup', 'Swimming Pool', 'Garden']",8.39,4,38687652.11
P78608,Bangalore,Duplex,1946,3,4,11,23,11,Fully Furnished,"['Elevator', 'Wi-Fi', 'Power Backup', 'Gym', 'Garden', 'Parking']",5.03,7,43469417.08
P10158,Delhi,Studio,597,3,2,2,6,13,Unfurnished,"['Power Backup', 'Club House', 'Security', 'Elevator', 'Parking', 'Wi-Fi']",4.9,6,15307193.01
P60780,Chennai,Studio,2775,1,4,6,19,16,Fully Furnished,"['Elevator', 'Parking', 'Gym', 'Club House']",7.65,5,10900746.33
P55034,Ahmedabad,Independent House,2309,4,1,16,25,13,Unfurnished,"['Swimming Pool', 'Elevator', 'Parking', 'Security', 'Club House']",6.72,2,40736900.36
P57103,Ahmedabad,Independent House,3658,2,1,4,11,1,Fully Furnished,"['Swimming Pool', 'Club House', 'Power Backup']",6.26,9,46659211
P36518,Chandigarh,Apartment,4666,4,3,10,5,7,Unfurnished,"['Security', 'Swimming Pool', 'Garden', 'Elevator']",1.72,8,46884492.55
P28760,Delhi,Independent House,673,4,3,1,23,11,Unfurnished,"['Elevator', 'Club House', 'Gym', 'Wi-Fi']",5.22,1,31326590.1
P14357,Mumbai,Independent House,3774,1,2,8,24,15,Semi Furnished,"['Gym', 'Wi-Fi', 'Elevator', 'Garden', 'Club House', 'Parking']",7.22,8,12673540.77
P14010,Bangalore,Penthouse,2873,2,2,3,14,1,Unfurnished,"['Elevator', 'Swimming Pool', 'Wi-Fi', 'Power Backup', 'Club House', 'Security']",7.06,2,7578205.75
P28565,Bangalore,Studio,3339,3,1,13,9,19,Fully Furnished,"['Swimming Pool', 'Gym', 'Club House', 'Garden', 'Elevator']",2.92,5,36064942.57
P21900,Ahmedabad,Duplex,3304,5,3,18,19,18,Fully Furnished,"['Security', 'Elevator', 'Swimming Pool', 'Parking', 'Club House']",2.98,9,42143636.84
P33076,Delhi,Duplex,4481,4,2,6,12,6,Unfurnished,"['Swimming Pool', 'Club House', 'Garden', 'Security']",9.23,3,10050922.8
P97246,Mumbai,Studio,2173,4,4,3,9,19,Semi Furnished,"['Elevator', 'Parking', 'Security', 'Gym', 'Garden', 'Swimming Pool']",9.05,2,45010428.34
P40189,Mumbai,Villa,4440,5,3,4,13,20,Unfurnished,"['Gym', 'Elevator', 'Wi-Fi', 'Garden', 'Club House']",6.09,7,4104612.19
P98212,Kolkata,Studio,2603,1,3,20,24,11,Unfurnished,"['Security', 'Gym', 'Swimming Pool']",3.67,2,15498006.67
P29017,Chennai,Villa,3477,5,3,16,21,8,Unfurnished,"['Elevator', 'Gym', 'Garden']",9.15,1,13465632.99
P75310,Delhi,Duplex,545,5,2,1,15,10,Semi Furnished,"['Wi-Fi', 'Gym', 'Swimming Pool']",4.24,3,32550179.27
P70627,Hyderabad,Duplex,4821,5,2,10,19,0,Semi Furnished,"['Elevator', 'Gym', 'Parking', 'Security']",1.98,4,38680624.28
P31705,Delhi,Duplex,2467,5,2,16,12,17,Semi Furnished,"['Elevator', 'Garden', 'Security', 'Parking', 'Power Backup']",9.58,6,14222711.15
P43141,Hyderabad,Apartment,3662,4,4,11,28,19,Semi Furnished,"['Wi-Fi', 'Parking', 'Gym', 'Security']",5.5,7,5317235.07
P17848,Chandigarh,Apartment,3001,4,1,14,17,16,Semi Furnished,"['Garden', 'Swimming Pool', 'Power Backup', 'Security', 'Wi-Fi']",6.53,5,21293963.96
P106018,Jaipur,Independent House,2919,3,1,17,17,0,Fully Furnished,"['Power Backup', 'Swimming Pool', 'Parking', 'Gym']",1.69,5,32706609.93
P16843,Chandigarh,Apartment,4411,4,3,12,12,9,Unfurnished,"['Swimming Pool', 'Gym', 'Club House', 'Parking']",7.34,1,49435987.22
P77639,Chennai,Penthouse,1772,5,3,7,23,3,Fully Furnished,"['Power Backup', 'Garden', 'Gym']",8.84,4,14176475.01
P22850,Jaipur,Penthouse,1536,1,2,20,20,1,Unfurnished,"['Garden', 'Power Backup', 'Swimming Pool', 'Wi-Fi', 'Club House']",3.14,6,49986658.42
P34728,Ahmedabad,Penthouse,3989,5,4,5,23,7,Semi Furnished,"['Gym', 'Garden', 'Elevator', 'Power Backup', 'Wi-Fi']",7.81,4,18014325.7
P28883,Pune,Independent House,4370,1,3,13,23,2,Semi Furnished,"['Wi-Fi', 'Club House', 'Parking', 'Power Backup', 'Elevator']",2.23,1,39907970.12
P14197,Kolkata,Apartment,936,1,4,12,26,0,Semi Furnished,"['Swimming Pool', 'Club House', 'Parking', 'Security', 'Wi-Fi', 'Power Backup']",4.51,6,30976868.76
P18094,Pune,Penthouse,4596,1,4,11,12,2,Unfurnished,"['Gym', 'Parking', 'Power Backup']",3.72,5,34559632.94
P11284,Pune,Villa,3525,2,3,2,10,19,Semi Furnished,"['Power Backup', 'Parking', 'Elevator']",2.67,7,14830753.73
P78337,Hyderabad,Apartment,4419,3,4,4,12,10,Unfurnished,"['Security', 'Parking', 'Swimming Pool', 'Club House']",5.33,3,46919611.46
P104342,Bangalore,Villa,4173,4,1,9,25,19,Unfurnished,"['Security', 'Power Backup', 'Wi-Fi', 'Swimming Pool', 'Club House']",3.88,7,12474918.69
P67148,Delhi,Penthouse,4127,2,1,8,21,12,Unfurnished,"['Garden', 'Power Backup', 'Club House', 'Swimming Pool', 'Wi-Fi', 'Parking']",8.96,1,16274970.18
P106709,Kolkata,Penthouse,4194,5,2,1,29,12,Fully Furnished,"['Garden', 'Gym', 'Elevator']",7.51,9,25264577.67
P26005,Kolkata,Apartment,4393,4,3,11,25,8,Fully Furnished,"['Security', 'Power Backup', 'Parking']",4.01,10,49932946.35
P82822,Chandigarh,Villa,2684,2,2,9,20,9,Fully Furnished,"['Garden', 'Power Backup', 'Club House']",2.2,10,24113324.32
P44314,Ahmedabad,Independent House,4729,1,1,16,12,14,Unfurnished,"['Swimming Pool', 'Elevator', 'Club House', 'Gym']",5.53,9,4740539.46
P38866,Chennai,Penthouse,1131,1,3,18,11,10,Fully Furnished,"['Swimming Pool', 'Gym', 'Security', 'Garden', 'Wi-Fi', 'Club House']",9.48,7,35122294
P61932,Chennai,Duplex,1818,5,3,11,14,4,Fully Furnished,"['Club House', 'Parking', 'Elevator', 'Power Backup']",8.39,8,48375699.31
P66389,Hyderabad,Penthouse,4728,3,2,19,5,2,Fully Furnished,"['Swimming Pool', 'Security', 'Gym', 'Power Backup', 'Garden']",6.63,10,16636792.81
P70864,Chennai,Studio,2239,4,4,6,22,16,Semi Furnished,"['Swimming Pool', 'Garden', 'Elevator', 'Parking']",4.21,2,28858680.39
P52230,Pune,Villa,3377,2,4,1,9,18,Semi Furnished,"['Club House', 'Garden', 'Wi-Fi', 'Gym', 'Elevator']",1.78,4,39599085.64
P25426,Jaipur,Duplex,532,4,4,16,11,1,Fully Furnished,"['Garden', 'Club House', 'Gym', 'Security', 'Parking', 'Wi-Fi']",2.93,6,32054503.08
P83792,Jaipur,Apartment,1734,2,3,19,27,17,Semi Furnished,"['Garden', 'Gym', 'Security']",0.96,7,37862679.68
P84989,Chennai,Studio,3126,5,1,12,27,10,Fully Furnished,"['Wi-Fi', 'Swimming Pool', 'Elevator']",3.55,3,18923327.6
P48226,Ahmedabad,Villa,2498,1,2,16,19,13,Semi Furnished,"['Power Backup', 'Elevator', 'Club House', 'Garden']",3.9,3,31073935.31
P49863,Kolkata,Apartment,4659,5,4,6,24,12,Fully Furnished,"['Club House', 'Swimming Pool', 'Power Backup', 'Parking', 'Security']",5.65,3,11139879.6
P25612,Mumbai,Apartment,3234,1,1,14,13,15,Unfurnished,"['Club House', 'Security', 'Garden', 'Gym']",8.34,7,38877475.68
P83458,Jaipur,Apartment,1189,5,3,1,24,15,Fully Furnished,"['Club House', 'Power Backup', 'Elevator', 'Security', 'Parking']",1.56,6,20519103.5
P27827,Bangalore,Studio,2211,1,3,4,9,17,Unfurnished,"['Elevator', 'Swimming Pool', 'Power Backup', 'Garden', 'Parking']",6.18,8,14009919.3
P31107,Jaipur,Villa,695,2,4,16,16,6,Fully Furnished,"['Swimming Pool', 'Club House', 'Garden', 'Gym', 'Parking']",1.88,1,23163245.33
P55626,Hyderabad,Apartment,4388,2,4,13,5,14,Fully Furnished,"['Swimming Pool', 'Garden', 'Wi-Fi', 'Power Backup', 'Club House']",8.45,6,20759825.8
P68309,Jaipur,Duplex,2593,3,2,12,25,18,Fully Furnished,"['Wi-Fi', 'Garden', 'Power Backup', 'Elevator', 'Parking']",5.77,3,14205334.49
P14693,Bangalore,Villa,3234,3,3,12,14,0,Semi Furnished,"['Elevator', 'Wi-Fi', 'Power Backup', 'Parking']",6.12,5,38810401.94
P43098,Jaipur,Independent House,4432,2,1,18,24,14,Unfurnished,"['Parking', 'Garden', 'Security', 'Swimming Pool', 'Club House', 'Wi-Fi']",2.28,4,33801535.25
P86346,Pune,Independent House,890,2,1,20,25,13,Semi Furnished,"['Elevator', 'Parking', 'Wi-Fi']",0.63,6,24615266.16
P18977,Pune,Apartment,4683,4,4,2,29,5,Semi Furnished,"['Garden', 'Wi-Fi', 'Elevator', 'Gym', 'Parking', 'Power Backup']",5.53,6,27446639.53
P25999,Pune,Independent House,579,1,4,9,15,0,Semi Furnished,"['Club House', 'Elevator', 'Power Backup', 'Parking', 'Garden', 'Swimming Pool']",8.4,8,3732955.55
P49069,Mumbai,Penthouse,2365,5,3,6,17,20,Unfurnished,"['Garden', 'Security', 'Wi-Fi', 'Parking']",1.87,9,18532148.35
P83679,Delhi,Villa,1488,1,4,20,16,6,Fully Furnished,"['Elevator', 'Garden', 'Parking', 'Security', 'Swimming Pool', 'Wi-Fi']",2.54,3,17726800.17
P43493,Hyderabad,Apartment,4821,3,2,14,27,0,Unfurnished,"['Club House', 'Wi-Fi', 'Elevator', 'Security', 'Garden', 'Gym']",4.12,2,46571300.46
P55302,Chennai,Apartment,1066,5,4,17,5,2,Fully Furnished,"['Wi-Fi', 'Security', 'Power Backup']",9.08,10,4516334.85
P104213,Kolkata,Duplex,4821,3,4,9,22,5,Unfurnished,"['Gym', 'Parking', 'Club House', 'Swimming Pool', 'Elevator', 'Security']",2.85,7,45341953.53
P67304,Ahmedabad,Villa,921,3,4,5,20,3,Semi Furnished,"['Power Backup', 'Parking', 'Gym', 'Elevator', 'Wi-Fi', 'Security']",8.29,3,44876229.55
P47873,Delhi,Studio,3760,2,3,11,11,19,Fully Furnished,"['Security', 'Swimming Pool', 'Elevator', 'Garden', 'Wi-Fi']",3.47,8,1753177.91
P90776,Kolkata,Villa,2284,1,1,7,30,8,Fully Furnished,"['Security', 'Wi-Fi', 'Swimming Pool', 'Garden', 'Gym']",6.81,4,20086115.2
P97234,Bangalore,Studio,2482,5,1,13,29,11,Unfurnished,"['Club House', 'Security', 'Wi-Fi']",1.07,7,45478037.85
P56841,Mumbai,Penthouse,2351,4,1,3,10,8,Fully Furnished,"['Wi-Fi', 'Garden', 'Club House', 'Swimming Pool']",3.17,1,5831325.9
P96787,Chennai,Independent House,2098,3,1,5,21,16,Fully Furnished,"['Swimming Pool', 'Security', 'Garden', 'Club House', 'Parking', 'Power Backup']",1.93,1,25851206.36
P47139,Kolkata,Independent House,4206,4,1,11,13,11,Fully Furnished,"['Security', 'Parking', 'Club House']",1.83,3,33474865.29
P87930,Mumbai,Studio,2309,1,3,16,20,5,Fully Furnished,"['Security', 'Swimming Pool', 'Elevator', 'Gym', 'Club House', 'Parking']",6.89,9,28750098.4
P69576,Chandigarh,Independent House,4390,3,4,3,22,0,Fully Furnished,"['Gym', 'Club House', 'Swimming Pool', 'Parking', 'Wi-Fi']",5.16,2,3808078.3
P108915,Chandigarh,Apartment,3103,3,4,6,19,14,Semi Furnished,"['Elevator', 'Wi-Fi', 'Gym']",7.66,8,22634430.16
P70448,Chandigarh,Studio,1151,3,1,18,19,14,Fully Furnished,"['Elevator', 'Club House', 'Power Backup', 'Security', 'Garden']",4.9,8,19421383.49
P61088,Hyderabad,Independent House,511,4,4,4,26,10,Fully Furnished,"['Swimming Pool', 'Club House', 'Wi-Fi', 'Parking', 'Garden', 'Elevator']",9.28,10,34834314.47
P94437,Delhi,Apartment,3171,4,2,5,29,0,Unfurnished,"['Security', 'Club House', 'Elevator', 'Gym', 'Parking']",2.35,10,16797294.48
P36843,Chandigarh,Villa,4113,5,2,11,11,19,Unfurnished,"['Club House', 'Security', 'Elevator', 'Wi-Fi', 'Power Backup']",2.74,2,23417950.28
P86324,Pune,Studio,2879,4,3,15,16,15,Semi Furnished,"['Swimming Pool', 'Wi-Fi', 'Security', 'Gym', 'Elevator', 'Parking']",3.02,4,33482723.16
P10126,Jaipur,Duplex,4774,1,3,3,8,3,Unfurnished,"['Garden', 'Elevator', 'Security', 'Parking', 'Swimming Pool', 'Gym']",3.08,2,19116665.47
P88596,Ahmedabad,Villa,4423,2,3,5,30,1,Semi Furnished,"['Wi-Fi', 'Swimming Pool', 'Club House', 'Elevator']",1.76,10,3517162.27
P47006,Ahmedabad,Studio,2903,5,2,20,20,11,Unfurnished,"['Garden', 'Wi-Fi', 'Elevator', 'Parking', 'Power Backup']",2.63,4,20367502.46
P44262,Ahmedabad,Independent House,4937,3,4,14,8,3,Fully Furnished,"['Gym', 'Elevator', 'Wi-Fi', 'Security']",2.16,4,21274418.8
P13064,Hyderabad,Penthouse,572,1,3,17,10,6,Unfurnished,"['Power Backup', 'Elevator', 'Gym', 'Parking', 'Club House', 'Swimming Pool']",1.11,7,39838885.93
P33014,Pune,Independent House,4996,4,1,16,11,2,Fully Furnished,"['Swimming Pool', 'Garden', 'Club House']",4.61,3,5649039.56
P64317,Ahmedabad,Apartment,3261,5,3,14,22,8,Fully Furnished,"['Gym', 'Club House', 'Parking']",1.01,1,48588916.45
P46078,Ahmedabad,Duplex,3364,1,4,7,21,1,Fully Furnished,"['Garden', 'Gym', 'Elevator', 'Wi-Fi', 'Security', 'Power Backup']",0.77,3,22211172.02
P52715,Bangalore,Studio,4798,3,4,20,5,15,Semi Furnished,"['Garden', 'Wi-Fi', 'Power Backup']",8.68,5,21124072.76
P89096,Mumbai,Villa,4751,4,3,6,9,1,Unfurnished,"['Security', 'Club House', 'Wi-Fi']",4.09,6,15382808.22
P83531,Bangalore,Independent House,4974,2,2,18,5,16,Semi Furnished,"['Swimming Pool', 'Gym', 'Parking', 'Garden', 'Wi-Fi']",7.58,1,45742472.09
P25835,Ahmedabad,Independent House,3682,4,1,19,27,16,Fully Furnished,"['Club House', 'Wi-Fi', 'Power Backup']",8.54,10,40607754.65
P63706,Delhi,Villa,4209,4,1,2,12,4,Semi Furnished,"['Swimming Pool', 'Power Backup', 'Club House', 'Security', 'Elevator']",9.46,3,44940867.63
P76318,Hyderabad,Studio,4831,4,3,11,21,12,Fully Furnished,"['Security', 'Wi-Fi', 'Elevator', 'Gym']",0.85,10,7194127.32
P41404,Chennai,Independent House,3417,1,2,17,22,3,Fully Furnished,"['Security', 'Wi-Fi', 'Gym']",9.65,2,7323420.38
P19641,Hyderabad,Studio,3063,5,1,15,25,16,Semi Furnished,"['Power Backup', 'Elevator', 'Parking', 'Wi-Fi']",3.91,8,49807776.19
P90168,Jaipur,Duplex,1142,3,4,4,26,12,Semi Furnished,"['Gym', 'Power Backup', 'Swimming Pool', 'Elevator', 'Wi-Fi']",3.4,3,21428682.75
P15479,Delhi,Penthouse,3953,2,4,12,14,8,Unfurnished,"['Security', 'Club House', 'Swimming Pool', 'Parking']",0.91,1,40405714.17
P35876,Jaipur,Duplex,744,4,3,2,25,3,Semi Furnished,"['Power Backup', 'Club House', 'Elevator']",7.82,10,8750547.14
P104638,Kolkata,Duplex,1763,2,2,20,6,0,Semi Furnished,"['Elevator', 'Garden', 'Security', 'Power Backup', 'Club House', 'Wi-Fi']",9.09,4,35854225.57
P103830,Bangalore,Duplex,2987,1,4,10,13,15,Semi Furnished,"['Club House', 'Elevator', 'Security', 'Wi-Fi']",1.06,9,9354682.54
P99409,Kolkata,Penthouse,2657,3,2,5,23,0,Semi Furnished,"['Club House', 'Garden', 'Security', 'Parking', 'Power Backup', 'Gym']",9.09,4,42049852.17
P42520,Kolkata,Penthouse,2203,2,1,11,9,9,Unfurnished,"['Garden', 'Gym', 'Swimming Pool', 'Power Backup', 'Club House', 'Security']",0.79,6,5508678.41
P32302,Bangalore,Duplex,4596,5,2,6,29,3,Unfurnished,"['Elevator', 'Wi-Fi', 'Gym']",1.88,10,33131578.23
P86593,Mumbai,Apartment,1824,4,1,17,7,18,Fully Furnished,"['Security', 'Club House', 'Swimming Pool', 'Parking', 'Power Backup', 'Garden']",2.42,4,36479821.58
P58272,Mumbai,Independent House,1152,2,4,12,20,18,Unfurnished,"['Wi-Fi', 'Swimming Pool', 'Elevator', 'Club House', 'Gym']",4.12,8,49115318.18
P37158,Chennai,Studio,3929,3,2,12,11,14,Fully Furnished,"['Elevator', 'Swimming Pool', 'Club House', 'Garden', 'Parking', 'Gym']",5.65,10,37138027.51
P102588,Kolkata,Villa,4770,4,3,18,29,9,Unfurnished,"['Security', 'Elevator', 'Club House', 'Garden']",3.5,9,39480375.88
P49963,Hyderabad,Duplex,833,4,1,13,9,4,Fully Furnished,"['Elevator', 'Power Backup', 'Swimming Pool']",0.79,6,16919386.76
P86913,Chennai,Apartment,3202,2,2,10,13,14,Unfurnished,"['Power Backup', 'Gym', 'Elevator']",4.12,8,34443463.69
P63182,Pune,Villa,3131,4,1,14,30,9,Fully Furnished,"['Garden', 'Swimming Pool', 'Power Backup']",5.58,5,32408573.75
P17070,Mumbai,Studio,998,2,3,13,26,1,Semi Furnished,"['Club House', 'Power Backup', 'Elevator', 'Parking', 'Gym', 'Wi-Fi']",1.94,9,18200300.92
P57547,Pune,Apartment,3471,5,2,13,18,0,Semi Furnished,"['Club House', 'Swimming Pool', 'Parking', 'Elevator']",7.07,10,22278914.44
P77066,Delhi,Studio,2204,4,1,4,12,14,Fully Furnished,"['Gym', 'Swimming Pool', 'Elevator', 'Security']",9.33,4,4812546.62
P62392,Delhi,Independent House,747,3,2,16,15,5,Fully Furnished,"['Club House', 'Elevator', 'Wi-Fi', 'Garden', 'Parking']",8.26,6,37970409.92
P76930,Pune,Villa,743,1,1,14,7,1,Unfurnished,"['Garden', 'Club House', 'Wi-Fi', 'Parking', 'Elevator', 'Security']",1.69,1,40952754.14
P47352,Hyderabad,Duplex,3258,5,4,7,8,20,Semi Furnished,"['Security', 'Elevator', 'Swimming Pool', 'Parking', 'Club House', 'Gym']",1.21,6,15836295.77
P35735,Chandigarh,Independent House,3587,1,1,14,8,7,Semi Furnished,"['Garden', 'Security', 'Club House']",2.22,10,42476469.3
P25446,Chandigarh,Duplex,1098,2,1,10,6,16,Fully Furnished,"['Parking', 'Gym', 'Security', 'Swimming Pool', 'Garden', 'Elevator']",7.05,5,36423776.33
P92679,Ahmedabad,Penthouse,2583,1,2,13,26,7,Unfurnished,"['Swimming Pool', 'Gym', 'Power Backup', 'Wi-Fi', 'Elevator']",4.41,1,23362534.71
P68655,Ahmedabad,Villa,2405,2,1,2,26,15,Semi Furnished,"['Wi-Fi', 'Swimming Pool', 'Club House']",6.62,4,30422554.51
P63542,Mumbai,Independent House,3788,2,1,1,23,18,Unfurnished,"['Security', 'Wi-Fi', 'Swimming Pool']",0.96,5,34121911.14
P99360,Kolkata,Penthouse,3634,4,3,9,25,15,Fully Furnished,"['Gym', 'Wi-Fi', 'Power Backup', 'Swimming Pool']",6.28,10,47403938.53
P63159,Chennai,Villa,3456,3,2,9,14,5,Unfurnished,"['Parking', 'Club House', 'Wi-Fi']",7.31,2,46875686.32
P18084,Hyderabad,Duplex,4222,3,3,6,21,0,Fully Furnished,"['Security', 'Wi-Fi', 'Parking', 'Power Backup', 'Swimming Pool']",3.39,5,28911049.81
P17605,Ahmedabad,Apartment,2939,3,2,5,18,10,Unfurnished,"['Gym', 'Club House', 'Elevator', 'Security']",1.92,9,34493642.56
P53808,Chennai,Studio,1513,5,3,6,22,0,Unfurnished,"['Security', 'Parking', 'Swimming Pool', 'Wi-Fi', 'Garden', 'Club House']",0.89,1,44703911.7
P27861,Delhi,Apartment,4511,1,2,16,12,18,Unfurnished,"['Garden', 'Gym', 'Elevator', 'Swimming Pool']",6,8,48728633.68
P67333,Delhi,Independent House,3327,5,1,20,9,16,Semi Furnished,"['Club House', 'Parking', 'Power Backup', 'Gym', 'Elevator', 'Security']",4.4,6,49429857.13
P15900,Ahmedabad,Penthouse,4124,4,1,4,27,2,Fully Furnished,"['Elevator', 'Security', 'Parking']",2.65,4,44071038.43
P81030,Mumbai,Apartment,3583,4,4,1,14,0,Fully Furnished,"['Power Backup', 'Garden', 'Wi-Fi']",2.26,9,960737.16
P10478,Delhi,Independent House,3449,1,3,5,28,0,Unfurnished,"['Club House', 'Wi-Fi', 'Gym']",0.52,1,32464081.43
P66013,Ahmedabad,Studio,3292,3,3,6,20,3,Unfurnished,"['Gym', 'Swimming Pool', 'Security', 'Elevator']",9.9,4,18345701.79
P103049,Pune,Villa,3627,2,3,2,13,4,Semi Furnished,"['Garden', 'Swimming Pool', 'Wi-Fi', 'Gym', 'Elevator', 'Security']",7.97,10,39831460.58
P53300,Pune,Independent House,3222,1,1,14,25,20,Fully Furnished,"['Garden', 'Elevator', 'Power Backup', 'Club House', 'Parking']",7.38,8,23351685.64
P43022,Ahmedabad,Independent House,1580,3,1,18,26,1,Semi Furnished,"['Parking', 'Garden', 'Swimming Pool', 'Elevator', 'Wi-Fi']",9.22,2,49045191.68
P36240,Jaipur,Villa,4727,5,4,3,18,18,Unfurnished,"['Club House', 'Swimming Pool', 'Power Backup', 'Parking']",3.09,8,11268565.22
P100785,Ahmedabad,Villa,2380,4,2,2,19,13,Semi Furnished,"['Garden', 'Power Backup', 'Gym', 'Elevator', 'Club House', 'Swimming Pool']",6.75,3,2673066.2
P58314,Hyderabad,Apartment,4734,2,3,6,20,6,Semi Furnished,"['Gym', 'Club House', 'Wi-Fi', 'Garden', 'Swimming Pool']",4.64,8,519428.12
P12822,Delhi,Apartment,4495,3,2,9,5,15,Fully Furnished,"['Gym', 'Security', 'Parking']",2.03,1,49567710.85
P56383,Chennai,Villa,4080,4,4,17,26,16,Fully Furnished,"['Garden', 'Security', 'Club House', 'Parking', 'Gym']",7.1,7,17219127.86
P19392,Bangalore,Apartment,987,4,1,10,23,2,Unfurnished,"['Swimming Pool', 'Elevator', 'Garden', 'Security']",2.48,1,5380435.11
P13570,Hyderabad,Independent House,1781,3,3,5,15,6,Fully Furnished,"['Wi-Fi', 'Swimming Pool', 'Club House', 'Power Backup', 'Garden', 'Gym']",1.86,4,21090698.54
P19892,Bangalore,Studio,591,1,2,10,6,14,Semi Furnished,"['Club House', 'Power Backup', 'Wi-Fi', 'Swimming Pool']",0.69,3,22058704.91
P108333,Chennai,Apartment,4882,4,3,19,8,11,Fully Furnished,"['Swimming Pool', 'Security', 'Wi-Fi', 'Elevator']",1.82,2,44097322.33
P35009,Delhi,Studio,4217,2,3,17,7,0,Semi Furnished,"['Security', 'Wi-Fi', 'Garden']",1.26,7,43548583.51
P36692,Chennai,Penthouse,3217,5,4,15,20,3,Unfurnished,"['Garden', 'Security', 'Club House', 'Wi-Fi', 'Gym', 'Parking']",6.95,9,23137775.95
P59248,Pune,Duplex,2198,1,4,15,9,16,Unfurnished,"['Club House', 'Gym', 'Wi-Fi', 'Swimming Pool', 'Security']",5.75,10,18776137.44
P82648,Chennai,Studio,1321,2,2,18,29,11,Unfurnished,"['Swimming Pool', 'Elevator', 'Gym']",6.68,6,2516275.32
P101523,Kolkata,Apartment,1247,3,3,9,7,17,Fully Furnished,"['Club House', 'Garden', 'Elevator', 'Power Backup', 'Gym']",7.63,2,48572553.64
P106498,Hyderabad,Independent House,4373,1,1,18,24,6,Semi Furnished,"['Security', 'Club House', 'Power Backup', 'Gym']",3.79,7,33267654.33
P97227,Hyderabad,Penthouse,2046,3,2,15,9,15,Semi Furnished,"['Power Backup', 'Gym', 'Security', 'Garden', 'Parking', 'Wi-Fi']",8.15,4,30437532.27
P27293,Delhi,Apartment,4230,2,2,9,17,19,Semi Furnished,"['Garden', 'Parking', 'Swimming Pool', 'Security', 'Gym', 'Elevator']",8.13,9,14148563.82
P13723,Kolkata,Studio,2634,1,2,1,5,3,Semi Furnished,"['Swimming Pool', 'Elevator', 'Power Backup', 'Wi-Fi', 'Gym']",6.23,3,48003587.57
P88878,Mumbai,Penthouse,1951,4,2,9,7,0,Semi Furnished,"['Parking', 'Elevator', 'Club House', 'Gym']",5.6,8,8268979.55
P34999,Mumbai,Villa,2368,3,3,1,11,10,Unfurnished,"['Security', 'Parking', 'Power Backup', 'Swimming Pool']",3.76,6,14336623.02
P79453,Chandigarh,Villa,2328,5,4,17,12,5,Unfurnished,"['Club House', 'Garden', 'Security']",5.57,10,34943875.32
P43725,Mumbai,Studio,1409,4,2,12,17,4,Semi Furnished,"['Swimming Pool', 'Power Backup', 'Wi-Fi', 'Club House']",3.2,4,41045303.8
P74674,Kolkata,Villa,4994,4,4,9,18,14,Semi Furnished,"['Security', 'Wi-Fi', 'Power Backup', 'Club House', 'Parking', 'Garden']",9.87,3,19037942.42
P30092,Delhi,Studio,2040,3,1,11,9,1,Fully Furnished,"['Club House', 'Security', 'Garden', 'Elevator', 'Gym']",6.03,7,3682563.65
P28772,Hyderabad,Apartment,3263,5,3,16,18,5,Fully Furnished,"['Gym', 'Club House', 'Garden', 'Swimming Pool', 'Parking', 'Wi-Fi']",6.96,1,15001177.99
P58303,Kolkata,Independent House,2652,5,4,9,9,6,Fully Furnished,"['Wi-Fi', 'Gym', 'Swimming Pool']",3.36,7,26345944.39
P55478,Hyderabad,Duplex,2239,1,2,17,23,16,Unfurnished,"['Elevator', 'Club House', 'Gym', 'Parking', 'Security']",3.81,7,15359084.81
P36853,Ahmedabad,Penthouse,2551,3,3,2,23,8,Semi Furnished,"['Elevator', 'Gym', 'Club House']",4.61,2,30227155.44
P63230,Delhi,Duplex,3756,2,3,3,23,1,Fully Furnished,"['Security', 'Swimming Pool', 'Wi-Fi', 'Gym', 'Elevator']",5.66,2,34108240.1
P21160,Ahmedabad,Apartment,528,1,1,4,18,15,Fully Furnished,"['Swimming Pool', 'Power Backup', 'Elevator', 'Wi-Fi', 'Security', 'Garden']",4.54,4,26127607.15
P35410,Mumbai,Studio,2992,5,1,15,25,7,Semi Furnished,"['Garden', 'Club House', 'Elevator', 'Security', 'Swimming Pool', 'Wi-Fi']",2.5,4,43610279.14
P102581,Bangalore,Villa,3771,3,1,7,29,1,Fully Furnished,"['Gym', 'Swimming Pool', 'Club House', 'Power Backup', 'Security', 'Garden']",5.62,5,34223790.25
P14316,Mumbai,Studio,1743,4,3,3,28,4,Unfurnished,"['Gym', 'Power Backup', 'Security', 'Elevator', 'Club House']",8.02,6,41819087.52
P106959,Hyderabad,Independent House,1088,1,1,7,12,14,Fully Furnished,"['Garden', 'Club House', 'Security', 'Gym', 'Power Backup']",6.43,9,3264578.84
P55075,Hyderabad,Duplex,2621,1,4,11,30,6,Fully Furnished,"['Parking', 'Elevator', 'Power Backup', 'Garden', 'Wi-Fi']",5.7,6,38837792.65
P75923,Hyderabad,Villa,3848,4,2,16,21,11,Semi Furnished,"['Power Backup', 'Security', 'Swimming Pool']",8.61,10,32679895.24
P106494,Hyderabad,Independent House,3266,1,3,20,28,13,Fully Furnished,"['Parking', 'Gym', 'Club House', 'Garden', 'Wi-Fi', 'Security']",5.38,10,46645107
P78648,Delhi,Penthouse,1374,2,4,2,21,3,Fully Furnished,"['Swimming Pool', 'Gym', 'Power Backup', 'Garden', 'Wi-Fi']",7.94,8,1671138.7
P46776,Chennai,Apartment,3982,3,2,18,28,15,Unfurnished,"['Security', 'Power Backup', 'Swimming Pool']",6.28,9,16188949.61
P70788,Kolkata,Penthouse,4399,1,4,18,15,4,Fully Furnished,"['Swimming Pool', 'Wi-Fi', 'Club House']",1.08,1,27192476.47
P92960,Delhi,Penthouse,3214,5,3,9,10,16,Unfurnished,"['Parking', 'Garden', 'Club House']",5.34,4,20185638.35
P83713,Kolkata,Independent House,4190,3,3,18,18,20,Unfurnished,"['Security', 'Power Backup', 'Swimming Pool']",5.37,10,15646006.88
P109232,Mumbai,Studio,2590,1,2,6,19,4,Semi Furnished,"['Club House', 'Parking', 'Elevator', 'Power Backup']",2.4,9,4405808.21
P99346,Kolkata,Duplex,3158,2,3,11,9,16,Unfurnished,"['Gym', 'Security', 'Parking', 'Club House', 'Elevator', 'Garden']",8.72,4,23821035.77
P11047,Chandigarh,Villa,564,1,3,12,6,10,Unfurnished,"['Power Backup', 'Parking', 'Security']",9.59,10,35555243.99
P78421,Kolkata,Penthouse,3455,1,2,2,6,18,Fully Furnished,"['Gym', 'Elevator', 'Parking', 'Swimming Pool', 'Power Backup']",1.35,6,12555430.83
P29194,Chandigarh,Villa,604,4,1,18,27,7,Semi Furnished,"['Security', 'Power Backup', 'Garden']",9.64,9,8464328.28
P85030,Chandigarh,Studio,1042,1,3,13,11,5,Unfurnished,"['Security', 'Elevator', 'Power Backup', 'Club House', 'Gym']",9.4,10,37006169.72
P83362,Ahmedabad,Studio,4377,4,1,20,8,11,Semi Furnished,"['Club House', 'Security', 'Wi-Fi', 'Garden', 'Swimming Pool', 'Gym']",8.36,5,19042956.28
P109798,Kolkata,Apartment,3269,5,4,4,13,19,Unfurnished,"['Gym', 'Club House', 'Swimming Pool', 'Elevator']",2.66,5,5655522.98
P97069,Chandigarh,Villa,1371,2,4,4,22,10,Fully Furnished,"['Power Backup', 'Club House', 'Elevator', 'Swimming Pool', 'Gym', 'Wi-Fi']",7.24,1,49968047.88
P41332,Ahmedabad,Independent House,4653,1,1,9,30,15,Semi Furnished,"['Garden', 'Elevator', 'Club House', 'Power Backup', 'Parking']",7.78,3,10428281.04
P61844,Kolkata,Penthouse,4232,2,3,2,15,4,Semi Furnished,"['Gym', 'Security', 'Swimming Pool', 'Parking', 'Elevator']",5.97,4,33690492.35
P32361,Hyderabad,Apartment,2545,1,2,6,18,13,Unfurnished,"['Elevator', 'Security', 'Wi-Fi']",2.77,7,18490387.93
P28692,Chandigarh,Apartment,3802,5,4,19,30,6,Unfurnished,"['Security', 'Garden', 'Elevator', 'Wi-Fi', 'Club House']",2.68,6,7969962.16
P13446,Mumbai,Independent House,4636,4,2,6,18,11,Unfurnished,"['Parking', 'Swimming Pool', 'Wi-Fi', 'Gym', 'Security']",0.7,3,22323037.25
P33592,Jaipur,Independent House,2878,4,2,15,27,19,Fully Furnished,"['Garden', 'Security', 'Gym']",9.98,4,20796010.05
P44697,Hyderabad,Independent House,1617,5,4,2,14,18,Fully Furnished,"['Club House', 'Wi-Fi', 'Gym', 'Power Backup', 'Security']",2.21,8,27031151.96
P106023,Delhi,Penthouse,3315,1,2,14,15,3,Unfurnished,"['Parking', 'Gym', 'Swimming Pool', 'Power Backup', 'Elevator', 'Wi-Fi']",4.73,8,6160865.61
P45736,Chennai,Villa,4124,5,1,15,27,20,Semi Furnished,"['Elevator', 'Swimming Pool', 'Gym', 'Security', 'Wi-Fi', 'Parking']",1.44,10,22569315.81
P36051,Kolkata,Villa,4212,4,3,17,16,18,Unfurnished,"['Garden', 'Parking', 'Security']",1.94,1,6990382.24
P78683,Chennai,Villa,3901,5,2,9,27,20,Fully Furnished,"['Power Backup', 'Gym', 'Garden']",1.58,4,2030945.05
P82310,Hyderabad,Studio,4419,1,4,20,25,11,Semi Furnished,"['Elevator', 'Garden', 'Parking', 'Gym', 'Power Backup']",5.86,10,40541594.44
P18390,Chandigarh,Villa,663,5,1,2,7,4,Semi Furnished,"['Parking', 'Elevator', 'Security', 'Garden', 'Club House', 'Swimming Pool']",6.67,10,11859914.15
P15697,Mumbai,Duplex,2494,4,1,19,5,3,Unfurnished,"['Parking', 'Club House', 'Wi-Fi']",2.83,3,19708662.61
P27497,Chandigarh,Independent House,4231,3,2,5,6,1,Fully Furnished,"['Power Backup', 'Garden', 'Security', 'Club House', 'Parking', 'Gym']",7.37,6,4248394.4
P44920,Kolkata,Studio,2461,2,1,15,20,20,Semi Furnished,"['Garden', 'Elevator', 'Power Backup', 'Gym']",2.49,6,46575763.77
P51170,Ahmedabad,Penthouse,828,1,4,18,20,3,Fully Furnished,"['Wi-Fi', 'Swimming Pool', 'Club House', 'Security', 'Garden', 'Power Backup']",0.84,1,36682484.59
P92471,Jaipur,Penthouse,529,4,2,4,19,0,Fully Furnished,"['Security', 'Elevator', 'Gym']",6.8,4,34434124.6
P93243,Jaipur,Studio,1949,4,4,19,14,17,Unfurnished,"['Wi-Fi', 'Parking', 'Gym', 'Swimming Pool', 'Garden', 'Security']",1.13,6,16993637.53
P33346,Delhi,Independent House,2734,1,1,2,11,20,Semi Furnished,"['Club House', 'Parking', 'Gym', 'Wi-Fi', 'Garden']",2.95,7,30979272.29
P84566,Bangalore,Studio,3006,5,4,1,17,9,Unfurnished,"['Power Backup', 'Club House', 'Parking', 'Elevator']",6.55,4,11682642.98
P92263,Mumbai,Villa,4572,2,1,17,7,5,Fully Furnished,"['Swimming Pool', 'Club House', 'Security', 'Power Backup']",6.45,4,48998893.76
P69039,Ahmedabad,Duplex,2831,4,1,14,26,7,Unfurnished,"['Gym', 'Garden', 'Swimming Pool']",9.66,6,24905908.9
P57137,Kolkata,Penthouse,1026,5,4,7,12,12,Fully Furnished,"['Wi-Fi', 'Club House', 'Security', 'Gym', 'Power Backup', 'Swimming Pool']",2.22,5,42521680.56
P46539,Delhi,Apartment,3948,5,1,3,14,4,Unfurnished,"['Security', 'Club House', 'Garden', 'Wi-Fi', 'Power Backup']",4.24,6,9696068.15
P21176,Chandigarh,Penthouse,4966,5,1,16,7,9,Fully Furnished,"['Power Backup', 'Gym', 'Wi-Fi', 'Elevator']",1.17,1,25341203.15
P25350,Delhi,Duplex,659,5,2,10,23,6,Unfurnished,"['Parking', 'Garden', 'Security', 'Power Backup', 'Wi-Fi', 'Club House']",3.49,7,24787035.33
P21596,Chennai,Penthouse,2804,1,3,15,21,9,Unfurnished,"['Wi-Fi', 'Swimming Pool', 'Security', 'Power Backup']",8.38,8,26420423.13
P31806,Pune,Villa,1507,1,3,10,20,0,Semi Furnished,"['Power Backup', 'Garden', 'Parking']",8.22,1,34005592.42
P88159,Chennai,Apartment,2398,4,1,12,18,3,Semi Furnished,"['Garden', 'Elevator', 'Gym', 'Parking']",0.92,4,11750452.34
P62368,Chandigarh,Apartment,2598,5,3,18,9,17,Semi Furnished,"['Elevator', 'Swimming Pool', 'Security']",8.22,1,31377615.41
P11108,Mumbai,Villa,2422,1,4,2,10,17,Unfurnished,"['Parking', 'Wi-Fi', 'Elevator', 'Swimming Pool']",6.75,4,5632434.01
P40179,Chandigarh,Penthouse,4742,2,4,17,13,13,Semi Furnished,"['Parking', 'Swimming Pool', 'Garden', 'Gym', 'Power Backup']",3.73,9,37529091.95
P101850,Jaipur,Studio,984,1,4,16,19,13,Unfurnished,"['Club House', 'Elevator', 'Parking', 'Wi-Fi', 'Security']",9.43,5,41453759.93
P96792,Ahmedabad,Penthouse,4920,4,4,4,25,3,Unfurnished,"['Elevator', 'Gym', 'Garden']",2.75,3,19685746.53
P82917,Delhi,Villa,845,3,1,18,18,8,Unfurnished,"['Power Backup', 'Elevator', 'Wi-Fi', 'Swimming Pool']",7.59,6,33828770.08
P10643,Hyderabad,Independent House,3302,3,3,13,25,1,Fully Furnished,"['Security', 'Elevator', 'Club House']",0.91,9,25905234.07
P103345,Pune,Penthouse,3088,4,3,7,5,5,Semi Furnished,"['Security', 'Swimming Pool', 'Elevator']",1.18,6,37817781.06
P62864,Kolkata,Apartment,2368,4,3,3,10,6,Unfurnished,"['Garden', 'Power Backup', 'Parking', 'Wi-Fi']",6.2,2,25115491.26
P74675,Bangalore,Duplex,2171,5,4,3,17,11,Fully Furnished,"['Gym', 'Wi-Fi', 'Elevator', 'Parking', 'Club House', 'Power Backup']",1.82,2,35695031.7
P91785,Chandigarh,Studio,4274,3,4,19,15,11,Unfurnished,"['Garden', 'Wi-Fi', 'Swimming Pool']",7.44,8,33920472.86
P50161,Jaipur,Apartment,2804,3,2,6,9,8,Fully Furnished,"['Gym', 'Swimming Pool', 'Club House']",4.03,10,10374589.06
P71404,Hyderabad,Independent House,3037,1,1,8,18,15,Unfurnished,"['Power Backup', 'Club House', 'Garden']",7.71,6,5930136.35
P107030,Ahmedabad,Apartment,968,1,3,6,12,10,Semi Furnished,"['Garden', 'Security', 'Swimming Pool', 'Club House', 'Parking']",7.2,7,13392786.33
P69319,Ahmedabad,Duplex,3689,4,2,15,15,18,Semi Furnished,"['Security', 'Gym', 'Power Backup', 'Wi-Fi', 'Elevator', 'Parking']",5.87,5,11470788.02
P106562,Hyderabad,Independent House,1342,5,3,17,23,2,Unfurnished,"['Elevator', 'Swimming Pool', 'Garden', 'Parking', 'Gym']",1.38,10,10838358.1
P32250,Bangalore,Apartment,4427,5,4,2,13,14,Fully Furnished,"['Wi-Fi', 'Garden', 'Club House', 'Power Backup', 'Gym']",5.07,3,40408104.79
P11186,Jaipur,Duplex,3552,5,4,12,26,0,Unfurnished,"['Garden', 'Wi-Fi', 'Club House', 'Security', 'Swimming Pool', 'Power Backup']",1.54,7,12925142.07
P53137,Mumbai,Villa,4405,3,3,8,29,20,Fully Furnished,"['Elevator', 'Swimming Pool', 'Power Backup', 'Garden', 'Wi-Fi']",5.32,9,39675527.53
P50920,Delhi,Duplex,2591,4,4,2,29,1,Unfurnished,"['Parking', 'Elevator', 'Swimming Pool', 'Club House', 'Wi-Fi']",3.37,9,14671229.06
P109560,Jaipur,Penthouse,2023,5,1,20,23,8,Fully Furnished,"['Power Backup', 'Club House', 'Wi-Fi']",5.18,5,5397966.79
P41363,Chandigarh,Penthouse,3467,5,1,1,6,0,Unfurnished,"['Elevator', 'Security', 'Parking', 'Swimming Pool', 'Wi-Fi', 'Power Backup']",1.18,5,35152018.54
P79404,Chandigarh,Villa,917,2,2,9,6,3,Unfurnished,"['Parking', 'Garden', 'Elevator', 'Power Backup', 'Gym']",5.26,10,12928953
P35227,Kolkata,Duplex,1377,5,4,2,10,20,Semi Furnished,"['Parking', 'Gym', 'Club House', 'Wi-Fi']",7.82,1,44461772.88
P18445,Pune,Apartment,2170,2,1,8,25,4,Semi Furnished,"['Security', 'Gym', 'Wi-Fi', 'Club House', 'Swimming Pool', 'Parking']",1.84,7,39069404.1
P42112,Mumbai,Independent House,4745,1,4,11,26,19,Fully Furnished,"['Elevator', 'Wi-Fi', 'Club House', 'Parking']",2.73,9,24140172.4
P74362,Hyderabad,Studio,1405,2,4,1,28,12,Semi Furnished,"['Elevator', 'Gym', 'Garden', 'Security', 'Swimming Pool']",9.51,9,6331689.89
P64086,Chennai,Studio,3813,5,1,18,11,7,Unfurnished,"['Club House', 'Garden', 'Power Backup', 'Swimming Pool', 'Gym', 'Wi-Fi']",6.92,5,47360420.28
P105876,Kolkata,Duplex,569,3,4,2,25,9,Fully Furnished,"['Gym', 'Wi-Fi', 'Security', 'Elevator', 'Garden', 'Power Backup']",4.9,5,32665679.28
P38365,Ahmedabad,Duplex,4759,3,1,13,29,18,Semi Furnished,"['Club House', 'Swimming Pool', 'Parking', 'Wi-Fi']",1.43,10,47636653.5
P93012,Ahmedabad,Duplex,1504,1,1,20,8,12,Unfurnished,"['Parking', 'Club House', 'Elevator']",7.07,6,3267204.2
P13735,Ahmedabad,Independent House,888,1,3,14,10,6,Unfurnished,"['Security', 'Parking', 'Gym']",3.45,8,8150398.98
P40747,Jaipur,Apartment,2242,4,2,16,28,14,Semi Furnished,"['Swimming Pool', 'Elevator', 'Security']",5.06,10,35090924
P17763,Kolkata,Penthouse,1529,4,2,12,18,4,Semi Furnished,"['Swimming Pool', 'Power Backup', 'Elevator', 'Parking']",4.93,1,40395511.52
P33540,Mumbai,Independent House,3696,5,4,2,12,6,Fully Furnished,"['Parking', 'Power Backup', 'Security', 'Garden']",4.55,6,40471453.29
P92004,Pune,Apartment,2729,3,1,4,25,20,Unfurnished,"['Parking', 'Gym', 'Garden']",8.35,3,18165688.48
P107609,Jaipur,Penthouse,4992,4,4,4,25,13,Unfurnished,"['Elevator', 'Club House', 'Garden', 'Parking']",9.25,9,39432788.87
P102922,Hyderabad,Independent House,1161,4,3,20,24,8,Fully Furnished,"['Gym', 'Parking', 'Garden', 'Power Backup', 'Elevator', 'Security']",9.65,5,28262225.34
P26341,Jaipur,Penthouse,582,1,1,18,10,5,Fully Furnished,"['Garden', 'Gym', 'Parking', 'Wi-Fi', 'Elevator']",6.66,7,41578705.82
P42929,Ahmedabad,Apartment,1318,5,2,7,24,7,Semi Furnished,"['Swimming Pool', 'Parking', 'Security', 'Garden']",1.2,3,17121576.33
P50093,Bangalore,Apartment,3417,4,2,9,13,6,Semi Furnished,"['Garden', 'Gym', 'Security', 'Wi-Fi']",6.09,4,33684857.86
P17031,Mumbai,Apartment,2555,4,1,5,9,18,Fully Furnished,"['Parking', 'Power Backup', 'Swimming Pool', 'Garden']",7.7,1,15313796.1
P54360,Ahmedabad,Studio,4954,1,4,18,26,13,Fully Furnished,"['Swimming Pool', 'Parking', 'Security', 'Club House']",3.93,4,46188981.04
P13212,Pune,Independent House,4793,4,3,15,17,7,Semi Furnished,"['Club House', 'Elevator', 'Wi-Fi', 'Power Backup']",9.11,5,26231325.58
P97991,Delhi,Studio,3724,3,1,5,21,20,Fully Furnished,"['Wi-Fi', 'Swimming Pool', 'Garden', 'Parking', 'Gym', 'Power Backup']",9.53,5,18859364.3
P21434,Delhi,Independent House,3245,4,2,10,10,1,Unfurnished,"['Power Backup', 'Security', 'Garden', 'Elevator']",7.13,3,15165217.79
P27161,Pune,Apartment,4880,5,3,7,15,1,Semi Furnished,"['Elevator', 'Gym', 'Parking']",2.56,3,10430268.58
P89318,Kolkata,Apartment,3673,5,4,12,22,16,Fully Furnished,"['Elevator', 'Gym', 'Club House', 'Parking', 'Power Backup']",1.93,1,43359601.72
P31474,Jaipur,Penthouse,4830,4,2,3,25,5,Unfurnished,"['Swimming Pool', 'Garden', 'Gym', 'Power Backup', 'Security']",8.28,5,41706885.24
P98866,Delhi,Villa,2501,1,2,6,5,4,Unfurnished,"['Power Backup', 'Security', 'Elevator', 'Wi-Fi', 'Gym']",9.01,2,48017980.54
P53116,Kolkata,Studio,3877,5,2,2,25,7,Fully Furnished,"['Club House', 'Parking', 'Wi-Fi', 'Gym']",3.2,8,41297991.98
P45400,Delhi,Apartment,3967,2,2,19,20,20,Unfurnished,"['Elevator', 'Parking', 'Security', 'Club House', 'Wi-Fi', 'Garden']",3.75,1,28297643.8
P85490,Ahmedabad,Studio,2565,4,4,17,11,15,Fully Furnished,"['Wi-Fi', 'Elevator', 'Club House']",4.57,4,17252693.38
P90175,Delhi,Apartment,1067,4,3,7,5,2,Fully Furnished,"['Elevator', 'Security', 'Garden', 'Gym', 'Swimming Pool', 'Parking']",7.15,2,40879443.42
P109885,Chennai,Independent House,2289,3,1,10,21,0,Semi Furnished,"['Club House', 'Security', 'Swimming Pool']",2.45,6,1717337.78
P52115,Mumbai,Studio,1195,2,4,10,6,18,Semi Furnished,"['Wi-Fi', 'Garden', 'Swimming Pool', 'Parking', 'Club House']",6.89,3,21771757.39
P81780,Ahmedabad,Villa,1061,5,1,7,23,18,Fully Furnished,"['Elevator', 'Parking', 'Swimming Pool', 'Club House', 'Wi-Fi', 'Security']",7.28,2,24045216.17
P40170,Mumbai,Penthouse,4173,3,4,10,30,2,Unfurnished,"['Swimming Pool', 'Garden', 'Wi-Fi', 'Power Backup']",4.73,1,26765497.12
P51885,Pune,Independent House,4128,5,4,13,10,20,Unfurnished,"['Club House', 'Wi-Fi', 'Elevator', 'Gym', 'Security', 'Power Backup']",6.25,7,22945732.28
P39630,Jaipur,Apartment,2396,2,1,18,25,14,Semi Furnished,"['Security', 'Garden', 'Parking', 'Wi-Fi', 'Gym']",3.65,3,17027540.4
P49091,Kolkata,Independent House,1217,1,1,9,9,6,Fully Furnished,"['Power Backup', 'Wi-Fi', 'Gym', 'Garden', 'Security', 'Club House']",5.29,5,46488987.78
P43591,Ahmedabad,Villa,2351,2,2,16,18,11,Semi Furnished,"['Swimming Pool', 'Garden', 'Elevator', 'Wi-Fi', 'Power Backup', 'Gym']",6.91,5,26333730.56
P15575,Kolkata,Duplex,1241,1,4,16,24,0,Unfurnished,"['Gym', 'Power Backup', 'Wi-Fi']",7.22,10,48864606.77
P94259,Delhi,Apartment,3644,1,2,5,22,7,Semi Furnished,"['Swimming Pool', 'Club House', 'Security', 'Parking', 'Garden', 'Power Backup']",1.69,2,42414780.29
P80954,Hyderabad,Villa,3473,5,1,6,23,12,Unfurnished,"['Swimming Pool', 'Garden', 'Power Backup', 'Gym', 'Club House']",8.56,2,5478653.9
P15865,Mumbai,Independent House,827,2,3,13,8,1,Fully Furnished,"['Parking', 'Security', 'Power Backup', 'Swimming Pool', 'Wi-Fi']",9.11,3,44201063.61
P39371,Kolkata,Villa,2149,1,2,12,20,10,Unfurnished,"['Swimming Pool', 'Gym', 'Club House', 'Power Backup', 'Garden', 'Security']",0.99,7,30958513.24
P62209,Chennai,Villa,3781,1,4,5,29,12,Fully Furnished,"['Club House', 'Elevator', 'Wi-Fi']",8.02,10,8760178.45
P56732,Delhi,Apartment,2642,5,3,12,10,19,Unfurnished,"['Swimming Pool', 'Club House', 'Garden', 'Wi-Fi']",3.11,4,5713297.07
P75203,Ahmedabad,Studio,4403,5,2,20,11,17,Unfurnished,"['Garden', 'Swimming Pool', 'Power Backup', 'Parking', 'Gym']",8.25,10,4595260.52
P80508,Chennai,Villa,2447,4,1,13,19,16,Unfurnished,"['Club House', 'Swimming Pool', 'Power Backup', 'Garden', 'Elevator', 'Gym']",8.38,7,5801149.97
P94209,Mumbai,Duplex,2181,4,4,10,19,13,Unfurnished,"['Club House', 'Power Backup', 'Parking', 'Garden', 'Security', 'Wi-Fi']",9.66,10,1504331.13
P46272,Chandigarh,Apartment,4181,3,1,11,8,9,Fully Furnished,"['Swimming Pool', 'Garden', 'Gym', 'Power Backup', 'Security', 'Club House']",8.66,6,16881094.68
P51631,Chennai,Duplex,4373,4,2,8,20,8,Unfurnished,"['Club House', 'Gym', 'Parking', 'Wi-Fi', 'Power Backup']",9.05,3,15111829.69
P103062,Ahmedabad,Villa,4835,2,2,6,14,0,Fully Furnished,"['Gym', 'Garden', 'Parking', 'Elevator', 'Swimming Pool']",3.08,5,684142.71
P75006,Delhi,Duplex,1774,4,4,6,7,8,Fully Furnished,"['Power Backup', 'Swimming Pool', 'Parking']",9.85,5,34877905.76
P38369,Kolkata,Independent House,3063,3,3,13,18,15,Unfurnished,"['Security', 'Wi-Fi', 'Elevator', 'Garden', 'Power Backup', 'Club House']",3.99,6,44352756.39
P17475,Chennai,Villa,3275,4,4,8,16,12,Fully Furnished,"['Power Backup', 'Elevator', 'Swimming Pool', 'Wi-Fi']",8.26,3,25492646.87
P20496,Bangalore,Duplex,3669,1,2,13,7,11,Semi Furnished,"['Gym', 'Garden', 'Elevator']",4.77,2,22873558.48
P19360,Jaipur,Independent House,1378,1,4,4,17,9,Semi Furnished,"['Gym', 'Wi-Fi', 'Garden', 'Parking', 'Elevator']",4.49,9,17103355.53
P53747,Mumbai,Penthouse,4174,5,1,1,20,16,Fully Furnished,"['Swimming Pool', 'Club House', 'Parking', 'Security', 'Power Backup']",3.37,8,28377222.49
P49450,Jaipur,Studio,4544,2,2,18,25,1,Fully Furnished,"['Parking', 'Power Backup', 'Swimming Pool', 'Security']",0.54,9,9874294.58
P39504,Chennai,Apartment,3523,2,3,18,26,18,Fully Furnished,"['Swimming Pool', 'Parking', 'Elevator', 'Gym']",5.29,3,15942102.54
P49088,Chennai,Independent House,4614,2,3,12,6,9,Semi Furnished,"['Power Backup', 'Club House', 'Wi-Fi', 'Gym', 'Swimming Pool', 'Garden']",3.26,5,3524510.77
P90486,Mumbai,Penthouse,1852,5,1,14,7,0,Semi Furnished,"['Gym', 'Garden', 'Elevator', 'Club House', 'Wi-Fi']",8.04,10,33663424.32
P28653,Bangalore,Independent House,1079,3,3,17,20,4,Unfurnished,"['Club House', 'Wi-Fi', 'Gym', 'Swimming Pool', 'Security']",8.84,8,39125797.15
P84079,Hyderabad,Penthouse,2742,5,2,20,11,12,Semi Furnished,"['Power Backup', 'Gym', 'Parking', 'Elevator', 'Garden']",8.07,5,25504404.56
P57252,Jaipur,Duplex,1966,3,3,17,24,15,Unfurnished,"['Elevator', 'Parking', 'Club House', 'Security', 'Power Backup', 'Garden']",9.09,2,19627980.3
P57344,Hyderabad,Villa,4309,3,1,5,22,6,Fully Furnished,"['Security', 'Garden', 'Parking', 'Swimming Pool', 'Elevator', 'Club House']",9.73,5,44999023.75
P108206,Ahmedabad,Independent House,4723,2,3,10,18,5,Unfurnished,"['Elevator', 'Swimming Pool', 'Club House']",5.19,4,27626915.1
P68453,Kolkata,Apartment,1904,5,4,14,16,3,Unfurnished,"['Garden', 'Elevator', 'Wi-Fi', 'Gym']",8.86,10,46600882.31
P52158,Delhi,Villa,2910,2,4,14,11,4,Unfurnished,"['Swimming Pool', 'Club House', 'Gym', 'Elevator', 'Security']",7.49,3,24333672.32
P50249,Ahmedabad,Apartment,3370,1,4,13,23,9,Unfurnished,"['Parking', 'Gym', 'Wi-Fi', 'Garden']",5.48,5,20214928.52
P67801,Pune,Studio,2433,1,1,8,9,1,Unfurnished,"['Club House', 'Swimming Pool', 'Gym']",6.55,2,40327177.69
P44849,Chennai,Penthouse,3719,5,2,1,19,8,Fully Furnished,"['Wi-Fi', 'Parking', 'Power Backup']",2.66,6,43821340.42
P91076,Chandigarh,Villa,3869,5,1,5,8,12,Semi Furnished,"['Gym', 'Garden', 'Swimming Pool']",7.57,1,2955042.57
P30131,Mumbai,Independent House,2410,3,1,1,22,12,Semi Furnished,"['Garden', 'Gym', 'Parking', 'Wi-Fi']",8.18,8,41432835.25
P104136,Chennai,Villa,3064,2,3,3,15,15,Fully Furnished,"['Club House', 'Gym', 'Garden', 'Security', 'Elevator']",3.84,10,5775783.56
P30547,Hyderabad,Duplex,4380,3,4,13,16,14,Semi Furnished,"['Swimming Pool', 'Elevator', 'Wi-Fi', 'Parking']",1.82,3,1383717.25
P62966,Chandigarh,Independent House,4551,4,3,14,10,13,Semi Furnished,"['Parking', 'Gym', 'Elevator', 'Garden']",3.35,8,37025146.23
P63338,Jaipur,Penthouse,2798,5,3,14,12,5,Semi Furnished,"['Wi-Fi', 'Club House', 'Parking', 'Swimming Pool', 'Elevator', 'Power Backup']",8.42,10,35384946.7
P33356,Chandigarh,Studio,902,1,1,16,21,17,Unfurnished,"['Parking', 'Swimming Pool', 'Garden', 'Elevator']",1.77,9,27616116.62
P86282,Ahmedabad,Villa,3789,5,3,8,27,13,Unfurnished,"['Power Backup', 'Gym', 'Club House']",3.01,8,21836900.46
P64654,Hyderabad,Studio,3291,2,4,14,30,9,Semi Furnished,"['Swimming Pool', 'Garden', 'Wi-Fi', 'Parking', 'Elevator', 'Security']",5.62,8,2268891.97
P106013,Pune,Villa,886,1,4,14,18,5,Unfurnished,"['Wi-Fi', 'Club House', 'Elevator', 'Gym', 'Garden']",9.2,6,4630797.73
P59993,Pune,Duplex,4707,5,1,3,30,13,Semi Furnished,"['Security', 'Power Backup', 'Gym', 'Parking', 'Swimming Pool']",9.76,2,36128826.8
P86650,Jaipur,Duplex,1387,1,2,20,6,8,Unfurnished,"['Garden', 'Elevator', 'Wi-Fi', 'Club House']",8.13,2,27122273.52
P101603,Pune,Studio,1919,3,2,3,26,4,Fully Furnished,"['Swimming Pool', 'Club House', 'Security', 'Garden', 'Power Backup', 'Elevator']",9.26,1,43881711.97
P17260,Ahmedabad,Duplex,855,5,4,5,15,19,Semi Furnished,"['Parking', 'Security', 'Garden']",7.34,3,11918211.07
P33031,Bangalore,Apartment,4443,4,1,20,29,5,Unfurnished,"['Gym', 'Parking', 'Security', 'Wi-Fi', 'Swimming Pool']",3.32,10,27547677.24
P55969,Chennai,Duplex,4753,5,2,5,11,17,Semi Furnished,"['Parking', 'Swimming Pool', 'Gym', 'Power Backup']",3.94,6,10456484.8
P27444,Kolkata,Studio,1975,4,2,5,23,9,Unfurnished,"['Club House', 'Gym', 'Elevator', 'Parking']",8.28,9,41367676.1
P74250,Chandigarh,Duplex,1827,3,4,2,11,20,Fully Furnished,"['Elevator', 'Security', 'Swimming Pool', 'Garden']",2.01,8,5740842.55
P106300,Ahmedabad,Penthouse,1744,1,2,6,8,11,Fully Furnished,"['Gym', 'Elevator', 'Power Backup', 'Wi-Fi', 'Parking']",3.4,4,29647459.64
P42118,Mumbai,Apartment,2039,4,3,13,6,5,Unfurnished,"['Security', 'Garden', 'Parking']",5.15,4,14509226.28
P109854,Delhi,Independent House,4462,2,4,8,12,2,Unfurnished,"['Gym', 'Parking', 'Elevator', 'Power Backup']",4.92,5,22624034.72
P16366,Chennai,Apartment,1493,1,4,14,30,2,Fully Furnished,"['Garden', 'Elevator', 'Club House', 'Power Backup']",0.93,7,6538835.43
P11754,Mumbai,Apartment,4562,3,3,1,10,20,Fully Furnished,"['Elevator', 'Power Backup', 'Garden', 'Club House']",4.9,10,4571830.55
P83322,Hyderabad,Studio,3473,3,4,5,9,1,Semi Furnished,"['Elevator', 'Swimming Pool', 'Security', 'Garden']",9.99,7,26422854.42
P76272,Ahmedabad,Studio,2965,3,4,3,25,13,Unfurnished,"['Gym', 'Swimming Pool', 'Security', 'Garden']",6.2,8,11429407.04
P18075,Jaipur,Studio,3687,2,2,17,29,5,Unfurnished,"['Elevator', 'Gym', 'Parking', 'Security', 'Wi-Fi', 'Club House']",7.32,10,42739127.68
P63790,Kolkata,Studio,2991,3,2,1,16,7,Unfurnished,"['Wi-Fi', 'Gym', 'Security', 'Power Backup', 'Swimming Pool']",4.14,8,23607800.6
P103554,Ahmedabad,Apartment,1892,2,3,4,8,11,Unfurnished,"['Wi-Fi', 'Elevator', 'Security', 'Parking', 'Club House', 'Gym']",3.65,5,47787096.95
P104009,Pune,Studio,4255,4,3,15,8,19,Fully Furnished,"['Parking', 'Club House', 'Gym', 'Swimming Pool']",1.57,10,18968880.77
P38516,Chandigarh,Penthouse,2173,1,2,6,6,2,Semi Furnished,"['Wi-Fi', 'Security', 'Garden', 'Gym', 'Parking']",5.93,6,14301321.7
P30254,Chennai,Penthouse,4365,2,2,18,26,6,Unfurnished,"['Swimming Pool', 'Parking', 'Security']",2.72,2,43351199.61
P90842,Ahmedabad,Penthouse,2213,1,4,17,12,1,Unfurnished,"['Garden', 'Club House', 'Elevator', 'Parking']",1.88,5,6672038.89
P102480,Bangalore,Duplex,1643,5,3,1,6,4,Semi Furnished,"['Club House', 'Elevator', 'Wi-Fi', 'Swimming Pool', 'Garden']",6.42,7,49986024.63
P34044,Jaipur,Villa,1489,3,3,5,12,6,Unfurnished,"['Power Backup', 'Club House', 'Gym']",9.18,9,4143851.67
P56698,Pune,Villa,3732,2,2,7,18,12,Unfurnished,"['Club House', 'Wi-Fi', 'Security', 'Power Backup']",5.1,3,45567138.07
P55123,Kolkata,Duplex,1852,4,1,1,13,3,Unfurnished,"['Parking', 'Power Backup', 'Gym', 'Club House']",6.62,3,48516206.87
P70099,Jaipur,Duplex,4767,2,3,16,8,9,Fully Furnished,"['Wi-Fi', 'Parking', 'Garden']",7.26,10,8306515.4
P56453,Pune,Penthouse,3113,3,2,3,15,2,Semi Furnished,"['Security', 'Power Backup', 'Wi-Fi', 'Garden', 'Elevator', 'Gym']",9.32,3,33272322.85
P48933,Hyderabad,Studio,4825,3,3,17,29,19,Fully Furnished,"['Garden', 'Swimming Pool', 'Security', 'Club House', 'Power Backup', 'Elevator']",2.39,2,20731127.4
P53999,Kolkata,Duplex,4115,5,2,15,11,11,Fully Furnished,"['Gym', 'Wi-Fi', 'Elevator', 'Club House']",2.09,1,47102717.99
P38563,Chandigarh,Penthouse,4152,5,2,17,18,8,Semi Furnished,"['Wi-Fi', 'Parking', 'Swimming Pool', 'Security']",7.77,10,38019595.51
P88039,Mumbai,Apartment,1633,3,1,3,20,5,Unfurnished,"['Parking', 'Club House', 'Elevator', 'Power Backup', 'Garden']",1.85,7,9603645.94
P27658,Chennai,Duplex,793,3,4,15,18,4,Semi Furnished,"['Power Backup', 'Security', 'Parking', 'Swimming Pool']",8.49,3,6506477.56
P22600,Bangalore,Apartment,3269,4,2,16,20,8,Semi Furnished,"['Power Backup', 'Swimming Pool', 'Gym', 'Security', 'Garden', 'Wi-Fi']",0.56,8,3731490.88
P44287,Bangalore,Apartment,1720,5,4,5,19,4,Semi Furnished,"['Swimming Pool', 'Gym', 'Parking', 'Club House']",4.36,3,4319864.15
P77745,Ahmedabad,Duplex,3029,1,2,11,27,10,Semi Furnished,"['Wi-Fi', 'Garden', 'Elevator']",6.32,10,27054204.45
P34651,Mumbai,Independent House,4749,4,4,15,26,9,Semi Furnished,"['Wi-Fi', 'Gym', 'Garden']",8.46,7,6789452.3
P80504,Jaipur,Villa,1458,3,3,8,29,13,Semi Furnished,"['Gym', 'Elevator', 'Power Backup', 'Garden', 'Swimming Pool', 'Wi-Fi']",4.61,5,37933898.59
P12779,Jaipur,Penthouse,3306,1,3,11,29,0,Semi Furnished,"['Swimming Pool', 'Power Backup', 'Security', 'Gym', 'Wi-Fi', 'Elevator']",7.31,3,17010896.4
P67773,Hyderabad,Duplex,2007,3,2,11,30,5,Fully Furnished,"['Power Backup', 'Garden', 'Swimming Pool', 'Club House', 'Wi-Fi']",6.49,2,30157879.54
P26144,Kolkata,Studio,3700,2,4,12,20,15,Unfurnished,"['Club House', 'Swimming Pool', 'Power Backup', 'Elevator', 'Parking', 'Security']",0.86,2,1371439.46
P107487,Delhi,Villa,1009,2,3,19,8,18,Semi Furnished,"['Security', 'Club House', 'Power Backup', 'Wi-Fi', 'Gym', 'Swimming Pool']",6.86,1,39214409.86
P99392,Chandigarh,Duplex,2977,5,3,14,10,16,Fully Furnished,"['Power Backup', 'Swimming Pool', 'Elevator', 'Parking', 'Wi-Fi', 'Security']",8.86,10,26092601.97
P57832,Pune,Penthouse,3198,5,1,1,18,13,Fully Furnished,"['Gym', 'Security', 'Swimming Pool']",2.28,9,17524717.92
P15132,Hyderabad,Apartment,2253,4,2,16,14,19,Unfurnished,"['Elevator', 'Gym', 'Parking', 'Club House', 'Wi-Fi', 'Power Backup']",4.33,10,41583339.13
P71037,Mumbai,Studio,4806,1,1,14,12,11,Unfurnished,"['Parking', 'Security', 'Power Backup', 'Gym', 'Club House', 'Swimming Pool']",4.23,1,39246175.99
P41153,Kolkata,Villa,3326,4,1,19,13,3,Semi Furnished,"['Club House', 'Wi-Fi', 'Power Backup']",6.49,4,6236036.2
P34607,Chennai,Independent House,4907,3,2,4,27,11,Semi Furnished,"['Wi-Fi', 'Security', 'Gym']",2.06,7,42741207
P83605,Hyderabad,Villa,2236,4,4,15,9,12,Semi Furnished,"['Parking', 'Gym', 'Garden', 'Swimming Pool']",0.52,7,30940531.5
P51173,Ahmedabad,Duplex,3627,2,2,2,11,14,Fully Furnished,"['Power Backup', 'Gym', 'Garden', 'Wi-Fi', 'Club House', 'Security']",2.56,9,10026686.92
P44676,Jaipur,Independent House,3359,1,3,4,16,16,Fully Furnished,"['Security', 'Parking', 'Power Backup', 'Elevator', 'Wi-Fi']",9.65,8,47604200.3
P55807,Jaipur,Duplex,3896,3,3,19,24,13,Semi Furnished,"['Power Backup', 'Club House', 'Elevator', 'Garden', 'Swimming Pool', 'Security']",0.7,4,5294158.62
P15805,Chandigarh,Penthouse,3493,2,4,17,23,12,Unfurnished,"['Elevator', 'Gym', 'Parking', 'Club House']",6.67,3,37126934.3
P22080,Pune,Apartment,4720,3,1,18,6,5,Semi Furnished,"['Security', 'Gym', 'Swimming Pool', 'Power Backup']",5.37,7,23397682.8
P12355,Mumbai,Studio,2186,5,2,4,15,11,Semi Furnished,"['Security', 'Swimming Pool', 'Parking', 'Power Backup']",1.18,7,35151931.22
P46485,Chennai,Villa,715,3,2,13,17,11,Fully Furnished,"['Swimming Pool', 'Parking', 'Power Backup']",1.96,10,29288611.92
P94446,Jaipur,Duplex,2402,5,4,18,8,20,Fully Furnished,"['Power Backup', 'Swimming Pool', 'Club House', 'Parking', 'Elevator']",0.99,9,8241515.02
P89342,Pune,Villa,4066,4,3,11,9,10,Fully Furnished,"['Parking', 'Security', 'Garden', 'Gym', 'Wi-Fi']",8.56,4,31156990.91
P12203,Hyderabad,Apartment,3655,4,2,6,20,3,Semi Furnished,"['Club House', 'Elevator', 'Parking']",3.87,7,27356693.71
P19261,Pune,Independent House,2448,2,3,1,17,20,Unfurnished,"['Wi-Fi', 'Elevator', 'Swimming Pool']",9.87,6,2673958.97
P73130,Ahmedabad,Apartment,1732,4,1,10,28,12,Fully Furnished,"['Parking', 'Security', 'Gym', 'Garden', 'Wi-Fi']",2.6,7,35406912.89
P78777,Chennai,Studio,1351,3,4,6,11,0,Fully Furnished,"['Swimming Pool', 'Parking', 'Garden', 'Elevator']",6.07,2,24552613.06
P81950,Kolkata,Villa,1582,4,3,1,11,5,Unfurnished,"['Garden', 'Club House', 'Gym']",6.43,10,30840467.15
P56390,Ahmedabad,Studio,1644,4,3,9,6,19,Unfurnished,"['Club House', 'Power Backup', 'Wi-Fi', 'Swimming Pool', 'Elevator']",1.96,7,749693.31
P95981,Chandigarh,Independent House,4245,4,3,15,6,11,Unfurnished,"['Security', 'Wi-Fi', 'Gym', 'Power Backup']",4.18,2,15769305.86
P64090,Chennai,Duplex,3498,1,3,3,13,20,Semi Furnished,"['Parking', 'Wi-Fi', 'Gym', 'Security', 'Power Backup', 'Garden']",4.01,8,13277311.39
P102728,Delhi,Villa,1739,4,1,19,26,15,Semi Furnished,"['Power Backup', 'Security', 'Parking', 'Wi-Fi', 'Gym']",2.97,7,45909650.91
P31823,Jaipur,Independent House,1517,1,3,14,11,15,Fully Furnished,"['Club House', 'Security', 'Elevator', 'Power Backup', 'Garden', 'Parking']",4.51,4,40779381.37
P62842,Bangalore,Duplex,2373,4,2,4,15,14,Fully Furnished,"['Power Backup', 'Club House', 'Garden', 'Swimming Pool', 'Wi-Fi', 'Security']",5.95,2,7278892.05
P33551,Ahmedabad,Apartment,3063,3,2,9,6,8,Semi Furnished,"['Parking', 'Club House', 'Security']",9.22,4,31932741.41
P26329,Chandigarh,Duplex,2692,2,4,10,18,18,Fully Furnished,"['Parking', 'Elevator', 'Swimming Pool']",3.46,4,29476733.22
P23911,Chandigarh,Apartment,3224,3,1,6,8,18,Semi Furnished,"['Wi-Fi', 'Security', 'Parking']",5.4,8,9843665.45
P107133,Kolkata,Apartment,3845,1,3,8,28,18,Fully Furnished,"['Wi-Fi', 'Club House', 'Gym', 'Elevator', 'Power Backup', 'Parking']",8.56,6,21761075.45
P106607,Jaipur,Penthouse,4851,3,4,8,27,15,Fully Furnished,"['Wi-Fi', 'Elevator', 'Swimming Pool', 'Club House', 'Security']",6.11,1,40587400.92
P99993,Chennai,Penthouse,1029,2,4,1,24,5,Semi Furnished,"['Security', 'Swimming Pool', 'Garden', 'Gym', 'Power Backup', 'Wi-Fi']",2.97,6,16906780.07
P82022,Pune,Penthouse,2143,2,3,20,15,18,Unfurnished,"['Power Backup', 'Club House', 'Parking', 'Elevator', 'Security']",5.03,1,43569548.25
P57054,Jaipur,Studio,3007,1,3,13,21,2,Semi Furnished,"['Elevator', 'Club House', 'Parking']",7.68,9,39365471
P36972,Chennai,Studio,2799,2,4,12,24,11,Fully Furnished,"['Parking', 'Security', 'Wi-Fi', 'Swimming Pool']",5.14,3,29680489.26
P29425,Ahmedabad,Duplex,3224,3,4,2,19,12,Fully Furnished,"['Elevator', 'Gym', 'Power Backup', 'Swimming Pool', 'Club House', 'Wi-Fi']",8.85,3,44429929.44
P86182,Bangalore,Penthouse,3410,1,3,2,10,2,Unfurnished,"['Gym', 'Swimming Pool', 'Club House', 'Power Backup']",5.12,8,20203019.36
P13225,Kolkata,Villa,2373,4,2,2,6,2,Semi Furnished,"['Elevator', 'Wi-Fi', 'Club House']",5.84,9,22126043.72
P62981,Chandigarh,Studio,4884,4,3,2,7,4,Fully Furnished,"['Parking', 'Garden', 'Security', 'Club House', 'Wi-Fi', 'Elevator']",4.02,3,38329805.73
P38694,Hyderabad,Villa,2297,4,3,15,10,9,Semi Furnished,"['Swimming Pool', 'Club House', 'Elevator', 'Gym', 'Security']",7.64,9,20419927.8
P108945,Delhi,Apartment,604,4,1,5,20,0,Fully Furnished,"['Swimming Pool', 'Parking', 'Garden', 'Wi-Fi', 'Club House', 'Elevator']",6.82,5,11224797.41
P85608,Bangalore,Penthouse,632,1,3,20,6,5,Semi Furnished,"['Power Backup', 'Gym', 'Parking', 'Swimming Pool', 'Wi-Fi']",3.02,2,43777600.2
P64192,Chennai,Duplex,2044,3,3,3,27,18,Unfurnished,"['Parking', 'Swimming Pool', 'Security']",9.11,2,39675110.31
P63532,Hyderabad,Studio,1477,1,4,7,20,3,Unfurnished,"['Security', 'Club House', 'Garden', 'Power Backup', 'Wi-Fi']",5.45,1,45858352.01
P11979,Ahmedabad,Independent House,4057,2,4,2,14,10,Fully Furnished,"['Security', 'Garden', 'Club House']",4.07,3,39119546.47
P79215,Chandigarh,Apartment,1207,3,3,2,6,20,Semi Furnished,"['Garden', 'Wi-Fi', 'Gym', 'Club House', 'Parking']",6.94,7,43444015.02
P102294,Mumbai,Penthouse,2889,1,1,14,8,8,Fully Furnished,"['Security', 'Swimming Pool', 'Elevator']",6.41,6,4778693.55
P62512,Delhi,Duplex,3877,4,1,12,30,16,Semi Furnished,"['Security', 'Gym', 'Elevator', 'Club House', 'Wi-Fi', 'Garden']",2.35,2,12771888.22
P70772,Pune,Duplex,1000,4,4,20,18,4,Unfurnished,"['Gym', 'Security', 'Club House', 'Power Backup', 'Wi-Fi']",3.26,7,20014991.15
P46123,Hyderabad,Studio,710,2,4,1,30,1,Fully Furnished,"['Gym', 'Garden', 'Security', 'Swimming Pool', 'Club House', 'Parking']",1.93,1,1796794.96
P87156,Hyderabad,Apartment,1342,1,4,19,7,4,Fully Furnished,"['Garden', 'Power Backup', 'Wi-Fi', 'Club House', 'Gym']",8.24,5,24614277.46
P99023,Delhi,Villa,3626,5,4,19,18,6,Semi Furnished,"['Parking', 'Gym', 'Swimming Pool', 'Wi-Fi']",8.71,5,36681866.68
P54884,Chennai,Duplex,2988,4,2,13,17,5,Unfurnished,"['Parking', 'Garden', 'Security']",3,6,46897146.76
P16025,Chennai,Villa,3262,5,1,17,10,13,Fully Furnished,"['Gym', 'Elevator', 'Garden', 'Wi-Fi', 'Club House', 'Power Backup']",9.8,9,16969320.34
P94470,Ahmedabad,Apartment,3443,2,4,1,15,12,Unfurnished,"['Elevator', 'Power Backup', 'Garden', 'Wi-Fi', 'Gym', 'Club House']",8.16,4,47326194.73
P53658,Pune,Independent House,4356,2,2,13,8,6,Unfurnished,"['Parking', 'Power Backup', 'Security']",8.96,1,9694417.37
P13628,Jaipur,Independent House,1738,5,2,3,26,19,Semi Furnished,"['Security', 'Garden', 'Elevator', 'Power Backup', 'Club House', 'Wi-Fi']",6.61,9,21366734.36
P63048,Delhi,Independent House,945,4,1,18,25,9,Semi Furnished,"['Gym', 'Security', 'Garden', 'Wi-Fi', 'Parking']",3.87,2,39720235.27
P36730,Chandigarh,Duplex,3687,4,4,2,9,12,Unfurnished,"['Wi-Fi', 'Elevator', 'Power Backup', 'Parking', 'Gym']",9.32,3,12549721.05
P92396,Mumbai,Penthouse,3029,4,1,11,30,9,Semi Furnished,"['Swimming Pool', 'Power Backup', 'Club House']",2.56,8,6391449.12
P59763,Chandigarh,Duplex,2213,1,3,2,14,11,Fully Furnished,"['Power Backup', 'Club House', 'Security']",7.53,2,31165010.03
P69002,Ahmedabad,Independent House,1118,3,3,3,21,17,Semi Furnished,"['Power Backup', 'Gym', 'Wi-Fi', 'Security']",5.54,6,13021398.68
P84827,Delhi,Villa,1936,3,1,11,9,13,Unfurnished,"['Garden', 'Wi-Fi', 'Power Backup', 'Swimming Pool', 'Parking', 'Gym']",8.97,3,9073754.43
P13498,Pune,Duplex,4472,2,1,6,19,16,Unfurnished,"['Security', 'Garden', 'Wi-Fi', 'Parking', 'Elevator', 'Power Backup']",8.43,10,20670565.23
P58526,Ahmedabad,Independent House,3724,3,4,18,9,18,Semi Furnished,"['Swimming Pool', 'Security', 'Gym', 'Club House']",4.67,3,17573363.34
P89655,Pune,Studio,1402,5,1,9,20,17,Semi Furnished,"['Elevator', 'Security', 'Garden', 'Power Backup']",7.81,10,7589406.06
P72285,Hyderabad,Duplex,3670,5,2,14,23,4,Unfurnished,"['Wi-Fi', 'Garden', 'Power Backup', 'Parking', 'Elevator', 'Swimming Pool']",8.26,7,17318118.8
P83435,Hyderabad,Studio,3557,5,1,2,23,4,Unfurnished,"['Wi-Fi', 'Parking', 'Swimming Pool', 'Security']",3.04,5,8523069.31
P42253,Hyderabad,Villa,4818,2,1,16,12,13,Unfurnished,"['Gym', 'Wi-Fi', 'Security', 'Power Backup', 'Elevator']",7.54,10,37474359.96
P35116,Kolkata,Independent House,3077,4,3,10,12,15,Semi Furnished,"['Power Backup', 'Gym', 'Elevator', 'Swimming Pool', 'Garden', 'Security']",6.36,7,4542296.31
P48136,Kolkata,Independent House,3266,5,1,10,28,12,Semi Furnished,"['Swimming Pool', 'Elevator', 'Power Backup', 'Club House', 'Security']",5.79,5,23323845.56
P63311,Delhi,Villa,1956,1,3,1,10,9,Semi Furnished,"['Garden', 'Gym', 'Wi-Fi', 'Elevator']",9.91,7,18484199.93
P17790,Kolkata,Duplex,1812,5,4,20,9,8,Fully Furnished,"['Club House', 'Swimming Pool', 'Garden', 'Gym']",1.05,10,42073525.42
P39751,Pune,Apartment,1916,2,1,17,30,0,Fully Furnished,"['Elevator', 'Power Backup', 'Garden', 'Parking', 'Wi-Fi']",9.8,2,30179939.23
P83492,Pune,Duplex,1508,3,2,14,22,2,Fully Furnished,"['Parking', 'Garden', 'Wi-Fi', 'Swimming Pool', 'Club House']",6.27,10,42554016.89
P99599,Delhi,Studio,4772,2,3,10,19,7,Fully Furnished,"['Club House', 'Wi-Fi', 'Parking', 'Elevator', 'Swimming Pool', 'Gym']",1.81,10,47144172.11
P91078,Ahmedabad,Apartment,2157,2,4,11,16,1,Fully Furnished,"['Swimming Pool', 'Wi-Fi', 'Security', 'Gym', 'Elevator']",2.41,6,18302548.46
P46509,Hyderabad,Independent House,2180,2,1,15,5,12,Unfurnished,"['Parking', 'Elevator', 'Garden']",7.44,6,23962812.95
P34388,Mumbai,Penthouse,1391,1,4,8,9,8,Semi Furnished,"['Gym', 'Parking', 'Wi-Fi', 'Security', 'Garden', 'Club House']",2.7,3,29848476.52
P66334,Kolkata,Penthouse,1901,3,2,9,17,5,Semi Furnished,"['Wi-Fi', 'Gym', 'Garden', 'Parking', 'Club House']",5.31,9,29197447.08
P62112,Jaipur,Apartment,1297,4,4,11,21,9,Unfurnished,"['Garden', 'Gym', 'Club House', 'Swimming Pool']",2.72,4,16889703.84
P52152,Chandigarh,Apartment,4376,4,4,11,14,11,Semi Furnished,"['Swimming Pool', 'Elevator', 'Club House', 'Parking', 'Gym']",3.24,8,7411905.66
P73537,Pune,Studio,1870,4,3,7,25,17,Semi Furnished,"['Swimming Pool', 'Elevator', 'Security', 'Gym', 'Parking']",1.95,2,36458264.48
P39726,Jaipur,Duplex,3788,4,3,12,17,1,Unfurnished,"['Swimming Pool', 'Club House', 'Gym', 'Elevator', 'Garden', 'Security']",3.24,4,19725333.03
P81635,Ahmedabad,Penthouse,3409,4,1,1,7,0,Fully Furnished,"['Parking', 'Elevator', 'Wi-Fi', 'Swimming Pool', 'Power Backup']",0.89,9,19309418.9
P20999,Pune,Penthouse,3445,1,3,5,24,13,Unfurnished,"['Parking', 'Wi-Fi', 'Gym', 'Elevator', 'Garden']",7.46,2,40985628
P36288,Chandigarh,Studio,3455,3,4,18,11,2,Fully Furnished,"['Gym', 'Parking', 'Security', 'Club House']",9.06,3,35026183.24
P81703,Bangalore,Apartment,2564,1,3,15,7,14,Fully Furnished,"['Power Backup', 'Elevator', 'Wi-Fi', 'Swimming Pool', 'Parking']",3.29,10,29187342.78
P52333,Kolkata,Studio,4567,2,2,1,21,18,Semi Furnished,"['Swimming Pool', 'Elevator', 'Gym', 'Power Backup', 'Wi-Fi', 'Club House']",0.67,8,24623859.95
P57876,Mumbai,Apartment,3525,4,4,5,20,8,Fully Furnished,"['Swimming Pool', 'Club House', 'Garden', 'Wi-Fi', 'Security']",7.15,3,33658672.9
P29309,Mumbai,Duplex,4913,4,3,9,5,14,Semi Furnished,"['Garden', 'Gym', 'Power Backup', 'Swimming Pool', 'Club House', 'Wi-Fi']",3.37,6,17984980.12
P89709,Chennai,Villa,4176,3,2,15,25,3,Semi Furnished,"['Swimming Pool', 'Garden', 'Security', 'Gym', 'Elevator', 'Power Backup']",3.78,4,13603765.55
P40687,Chennai,Apartment,3196,4,4,12,14,18,Unfurnished,"['Elevator', 'Gym', 'Wi-Fi', 'Power Backup']",6.4,8,5940391.7
P73738,Pune,Villa,660,3,2,11,15,18,Semi Furnished,"['Swimming Pool', 'Security', 'Gym', 'Club House']",0.61,5,36306129.12
P37785,Chennai,Studio,2218,5,1,3,17,5,Unfurnished,"['Club House', 'Garden', 'Security', 'Wi-Fi']",0.96,4,7536064.66
P73861,Delhi,Duplex,1262,4,3,14,30,4,Unfurnished,"['Club House', 'Elevator', 'Wi-Fi', 'Parking']",0.64,3,48568445.55
P102442,Hyderabad,Duplex,3860,3,3,3,22,7,Fully Furnished,"['Parking', 'Wi-Fi', 'Security', 'Swimming Pool']",3.7,2,16277686.22
P27138,Delhi,Apartment,644,3,1,7,14,4,Semi Furnished,"['Elevator', 'Gym', 'Club House']",8.72,2,8563848.78
P104921,Jaipur,Studio,1331,5,1,14,19,15,Semi Furnished,"['Security', 'Wi-Fi', 'Gym', 'Elevator', 'Power Backup', 'Garden']",9.79,4,33632766.81
P92472,Mumbai,Penthouse,4138,3,1,12,25,10,Unfurnished,"['Swimming Pool', 'Club House', 'Elevator', 'Power Backup']",3.89,5,36190306.67
P76047,Hyderabad,Apartment,714,2,1,12,15,13,Semi Furnished,"['Power Backup', 'Parking', 'Garden', 'Elevator', 'Wi-Fi']",1.4,8,18022862.22
P34579,Delhi,Penthouse,841,2,2,15,23,9,Fully Furnished,"['Swimming Pool', 'Wi-Fi', 'Garden', 'Power Backup']",2.94,4,28145505.01
P85808,Mumbai,Studio,2180,1,2,8,15,12,Semi Furnished,"['Parking', 'Elevator', 'Garden', 'Power Backup']",1.42,7,4724212.67
P55500,Mumbai,Studio,1700,2,1,5,23,14,Semi Furnished,"['Garden', 'Security', 'Wi-Fi', 'Swimming Pool', 'Club House', 'Elevator']",7.62,2,3239936.32
P47882,Hyderabad,Independent House,3155,2,1,7,10,11,Semi Furnished,"['Garden', 'Parking', 'Gym', 'Security']",0.62,10,31078889.25
P94999,Chandigarh,Villa,3002,3,2,8,21,12,Semi Furnished,"['Elevator', 'Parking', 'Wi-Fi', 'Swimming Pool']",6.09,9,18414118.02
P88714,Chennai,Independent House,3935,1,4,10,28,10,Fully Furnished,"['Security', 'Gym', 'Club House', 'Power Backup', 'Garden', 'Parking']",7.29,3,4710518.14
P58355,Delhi,Duplex,2417,2,3,14,21,8,Fully Furnished,"['Parking', 'Garden', 'Wi-Fi', 'Elevator', 'Gym']",4.49,8,20035385.53
P32254,Jaipur,Independent House,1642,4,1,12,27,7,Semi Furnished,"['Power Backup', 'Security', 'Elevator']",7.76,6,4220683.9
P49729,Mumbai,Apartment,1693,2,3,20,11,13,Fully Furnished,"['Parking', 'Wi-Fi', 'Club House', 'Security']",7.25,2,45124650.07
P24906,Mumbai,Penthouse,1768,2,4,9,14,2,Unfurnished,"['Power Backup', 'Elevator', 'Security']",6.21,1,10159288.51
P109521,Mumbai,Villa,4761,3,1,9,15,6,Fully Furnished,"['Club House', 'Garden', 'Elevator', 'Parking', 'Swimming Pool']",8.99,8,3461499.31
P100533,Ahmedabad,Penthouse,3300,1,1,3,21,7,Semi Furnished,"['Gym', 'Club House', 'Parking', 'Elevator', 'Garden']",7.81,9,15802679.83
P12542,Chennai,Studio,3392,5,4,4,9,9,Semi Furnished,"['Garden', 'Elevator', 'Wi-Fi']",1.26,9,14435134.75
P103489,Pune,Villa,1156,2,3,19,10,8,Semi Furnished,"['Swimming Pool', 'Garden', 'Security', 'Wi-Fi']",2.48,5,47988786.84
P82606,Jaipur,Penthouse,2502,2,3,11,18,13,Semi Furnished,"['Garden', 'Club House', 'Wi-Fi', 'Elevator', 'Swimming Pool', 'Security']",3.08,8,46370144.75
P88653,Ahmedabad,Studio,2896,2,1,16,16,18,Unfurnished,"['Power Backup', 'Gym', 'Wi-Fi', 'Elevator', 'Parking', 'Swimming Pool']",5.57,5,40593548.22
P31786,Chennai,Apartment,880,5,4,18,23,6,Fully Furnished,"['Club House', 'Swimming Pool', 'Parking', 'Elevator', 'Security']",7.59,9,26107623.83
P86659,Hyderabad,Villa,4765,3,2,1,11,14,Semi Furnished,"['Wi-Fi', 'Elevator', 'Garden']",9.09,6,45423580.4
P108057,Chandigarh,Villa,982,5,4,1,20,17,Unfurnished,"['Elevator', 'Power Backup', 'Gym', 'Garden']",4.82,9,31604593.88
P65296,Hyderabad,Duplex,764,2,1,18,12,19,Unfurnished,"['Elevator', 'Garden', 'Parking']",4.1,2,10123951.16
P57576,Delhi,Penthouse,4536,2,4,4,5,17,Fully Furnished,"['Elevator', 'Parking', 'Garden', 'Security']",8.77,9,1121340.92
P89900,Mumbai,Independent House,914,1,2,7,9,14,Unfurnished,"['Parking', 'Swimming Pool', 'Elevator', 'Garden']",4.51,6,14417701.33
P109156,Jaipur,Duplex,2459,3,2,10,29,5,Semi Furnished,"['Security', 'Power Backup', 'Club House', 'Wi-Fi']",5.3,8,42841523.78
P85910,Hyderabad,Penthouse,1812,3,1,7,18,14,Fully Furnished,"['Security', 'Gym', 'Garden']",4.55,7,2264747.62
P56572,Hyderabad,Studio,2980,1,1,7,21,11,Unfurnished,"['Wi-Fi', 'Club House', 'Swimming Pool', 'Parking', 'Gym']",4.49,9,29119846
P102057,Delhi,Penthouse,2675,2,2,6,5,13,Unfurnished,"['Gym', 'Garden', 'Wi-Fi', 'Security', 'Parking']",1.55,2,16632102.12
P32345,Chennai,Villa,2437,1,4,16,30,0,Semi Furnished,"['Club House', 'Swimming Pool', 'Gym']",9.6,1,22230668.08
P45760,Mumbai,Duplex,720,2,4,5,12,7,Semi Furnished,"['Garden', 'Parking', 'Club House', 'Elevator', 'Gym']",5.06,1,40975336.16
P78485,Hyderabad,Apartment,2153,2,4,1,26,5,Unfurnished,"['Wi-Fi', 'Swimming Pool', 'Garden']",8.06,7,42581469.41
P84734,Delhi,Studio,2685,4,4,20,12,13,Fully Furnished,"['Wi-Fi', 'Elevator', 'Power Backup', 'Club House']",7.02,10,30999800.71
P104164,Mumbai,Duplex,3458,2,1,8,20,11,Semi Furnished,"['Wi-Fi', 'Power Backup', 'Garden', 'Elevator']",6.83,9,36689169.19
P60215,Delhi,Apartment,824,3,1,18,24,11,Unfurnished,"['Gym', 'Power Backup', 'Parking', 'Elevator', 'Club House']",4.19,6,10135653.38
P70655,Bangalore,Duplex,3663,1,3,7,15,9,Unfurnished,"['Security', 'Parking', 'Gym', 'Power Backup']",7.47,8,3790653.48
P38579,Chandigarh,Villa,1946,3,1,16,6,8,Unfurnished,"['Swimming Pool', 'Elevator', 'Club House']",1.11,9,15435199.85
P26810,Kolkata,Villa,1428,5,1,8,20,8,Unfurnished,"['Elevator', 'Security', 'Parking', 'Power Backup', 'Wi-Fi']",1.74,8,27282367.49
P71563,Pune,Studio,2819,3,3,20,10,15,Unfurnished,"['Security', 'Club House', 'Power Backup', 'Wi-Fi']",6.76,5,20913667.42
P63032,Chandigarh,Independent House,4509,2,1,15,23,5,Semi Furnished,"['Gym', 'Elevator', 'Club House']",3.96,3,45779869.33
P108689,Hyderabad,Villa,552,1,3,7,22,0,Unfurnished,"['Security', 'Wi-Fi', 'Club House', 'Swimming Pool', 'Power Backup']",4.03,2,36315553.67
P52237,Delhi,Penthouse,1931,4,4,1,19,12,Fully Furnished,"['Wi-Fi', 'Power Backup', 'Elevator', 'Garden', 'Swimming Pool', 'Gym']",4.1,4,47371482.88
P83334,Hyderabad,Duplex,2026,5,1,9,25,1,Fully Furnished,"['Parking', 'Elevator', 'Gym']",6.64,1,25470749.52
P89463,Kolkata,Penthouse,4461,2,2,16,25,12,Semi Furnished,"['Swimming Pool', 'Power Backup', 'Elevator', 'Wi-Fi', 'Parking']",7.11,3,31018051.3
P42270,Bangalore,Studio,4866,3,4,13,19,15,Semi Furnished,"['Swimming Pool', 'Parking', 'Elevator']",2.24,10,39240172.72
P75839,Pune,Independent House,4229,5,3,20,27,5,Unfurnished,"['Swimming Pool', 'Parking', 'Security', 'Wi-Fi', 'Club House', 'Gym']",8.69,9,4193329.35
P108777,Mumbai,Apartment,1661,5,3,1,10,16,Unfurnished,"['Elevator', 'Power Backup', 'Parking', 'Gym', 'Security', 'Club House']",2.38,8,42930395.58
P38704,Delhi,Studio,1608,4,2,18,8,2,Fully Furnished,"['Garden', 'Power Backup', 'Swimming Pool', 'Club House']",4.08,2,49863306.78
P50906,Chennai,Apartment,3977,4,4,3,14,3,Unfurnished,"['Gym', 'Elevator', 'Security', 'Garden']",1.23,3,28674402.67
P55369,Pune,Studio,2824,5,3,4,17,3,Fully Furnished,"['Gym', 'Garden', 'Club House', 'Swimming Pool', 'Security', 'Power Backup']",3.93,3,4075594.93
P84483,Jaipur,Villa,3115,2,4,1,30,16,Unfurnished,"['Power Backup', 'Garden', 'Swimming Pool', 'Wi-Fi']",4.32,2,21037540.21
P64530,Chennai,Independent House,1034,4,3,1,28,8,Fully Furnished,"['Club House', 'Garden', 'Power Backup', 'Security', 'Wi-Fi']",5.46,2,2446351.92
P24095,Hyderabad,Studio,2753,4,3,11,24,20,Unfurnished,"['Parking', 'Wi-Fi', 'Swimming Pool', 'Club House', 'Elevator']",3.45,6,43271736.42
P66732,Hyderabad,Penthouse,4009,3,4,14,11,2,Fully Furnished,"['Swimming Pool', 'Gym', 'Club House', 'Security', 'Elevator', 'Parking']",2.26,3,34142723.85
P51622,Bangalore,Duplex,2579,1,2,2,18,15,Fully Furnished,"['Elevator', 'Parking', 'Security', 'Gym', 'Swimming Pool', 'Garden']",0.88,6,21519121.78
P35783,Jaipur,Villa,3018,3,4,6,27,12,Unfurnished,"['Club House', 'Power Backup', 'Swimming Pool', 'Security']",3.49,3,23765600.91
P32176,Mumbai,Villa,2810,3,3,15,19,14,Unfurnished,"['Power Backup', 'Security', 'Elevator', 'Parking', 'Club House']",5.3,6,38468402.47
P74262,Ahmedabad,Independent House,1283,5,4,13,21,12,Unfurnished,"['Club House', 'Garden', 'Wi-Fi', 'Parking', 'Elevator', 'Gym']",6.79,5,26789652.26
P60039,Jaipur,Apartment,2798,2,2,6,21,11,Semi Furnished,"['Swimming Pool', 'Club House', 'Elevator', 'Garden']",9.38,6,3939847.96
P70556,Ahmedabad,Studio,1148,1,1,9,18,17,Semi Furnished,"['Garden', 'Power Backup', 'Club House', 'Elevator', 'Swimming Pool']",9,4,11019481.17
P38359,Kolkata,Studio,1352,5,1,9,10,10,Fully Furnished,"['Power Backup', 'Garden', 'Parking', 'Swimming Pool', 'Wi-Fi']",3.1,9,37088689.12
P24112,Chennai,Penthouse,4631,5,1,1,17,13,Fully Furnished,"['Garden', 'Swimming Pool', 'Club House', 'Power Backup']",5.03,7,41253393.39
P61846,Chennai,Apartment,1198,1,3,18,15,6,Fully Furnished,"['Power Backup', 'Parking', 'Elevator', 'Club House']",5.4,9,36305687.75
P87019,Chandigarh,Studio,4043,1,1,11,24,14,Fully Furnished,"['Power Backup', 'Swimming Pool', 'Elevator', 'Wi-Fi']",9.47,8,42743844.75
P84386,Chennai,Studio,3801,1,2,18,10,9,Semi Furnished,"['Power Backup', 'Club House', 'Elevator', 'Wi-Fi']",9.09,9,33940859.83
P97315,Pune,Apartment,3599,2,4,5,9,10,Unfurnished,"['Wi-Fi', 'Swimming Pool', 'Gym', 'Club House', 'Garden']",2.66,1,1882488.07
P102989,Bangalore,Duplex,2606,3,2,16,9,8,Unfurnished,"['Garden', 'Elevator', 'Swimming Pool']",8.74,9,16144924.48
P58803,Bangalore,Independent House,3276,3,1,14,26,6,Unfurnished,"['Parking', 'Gym', 'Elevator']",2.82,3,29049218.38
P22838,Bangalore,Penthouse,4115,4,4,19,10,8,Semi Furnished,"['Gym', 'Elevator', 'Power Backup', 'Swimming Pool', 'Garden', 'Club House']",2.84,2,27210498.69
P24379,Delhi,Studio,2071,2,1,11,15,9,Semi Furnished,"['Club House', 'Swimming Pool', 'Wi-Fi', 'Gym', 'Elevator', 'Garden']",8.29,9,38654503.64
P82925,Mumbai,Penthouse,1077,3,1,12,16,20,Semi Furnished,"['Power Backup', 'Elevator', 'Security', 'Wi-Fi']",9.21,7,45647835.63
P45999,Delhi,Penthouse,1393,5,4,15,22,1,Fully Furnished,"['Swimming Pool', 'Power Backup', 'Club House', 'Garden', 'Security']",5.55,7,12421796.95
P73444,Bangalore,Apartment,2732,5,1,15,13,4,Semi Furnished,"['Club House', 'Parking', 'Wi-Fi', 'Gym']",9.99,9,8753164.35
P18786,Ahmedabad,Apartment,3671,3,4,11,9,0,Fully Furnished,"['Garden', 'Security', 'Swimming Pool', 'Wi-Fi', 'Power Backup', 'Club House']",7.88,5,21402048.42
P34612,Bangalore,Independent House,2099,3,2,17,7,6,Fully Furnished,"['Garden', 'Wi-Fi', 'Club House']",3.88,3,690326.38
P77274,Chennai,Penthouse,2989,3,1,13,19,11,Semi Furnished,"['Security', 'Garden', 'Swimming Pool', 'Elevator', 'Parking']",2.43,9,16066951.78
P99747,Ahmedabad,Studio,4103,1,4,11,28,10,Fully Furnished,"['Gym', 'Wi-Fi', 'Power Backup', 'Parking', 'Garden']",2.44,2,21612197.63
P26294,Hyderabad,Independent House,2492,3,1,19,29,7,Fully Furnished,"['Elevator', 'Power Backup', 'Security']",5.8,5,48595060.62
P55506,Kolkata,Duplex,3202,5,4,13,25,20,Fully Furnished,"['Elevator', 'Power Backup', 'Security']",0.72,7,4536586.48
P103868,Kolkata,Duplex,2571,3,1,6,24,3,Semi Furnished,"['Club House', 'Elevator', 'Security']",8.58,3,18098943.36
P23472,Hyderabad,Studio,1756,2,1,18,6,13,Unfurnished,"['Garden', 'Parking', 'Power Backup', 'Gym', 'Club House', 'Swimming Pool']",4.92,5,7108366.25
P43226,Ahmedabad,Penthouse,4694,1,2,18,8,8,Unfurnished,"['Wi-Fi', 'Security', 'Elevator', 'Club House', 'Power Backup']",1.79,1,21082158.71
P74189,Delhi,Apartment,4701,2,4,17,24,15,Unfurnished,"['Swimming Pool', 'Gym', 'Security', 'Power Backup', 'Wi-Fi']",7.8,5,39560021.08
P51832,Chandigarh,Studio,4046,4,1,18,29,8,Semi Furnished,"['Wi-Fi', 'Swimming Pool', 'Elevator', 'Garden', 'Power Backup', 'Club House']",1.51,9,18363840.44
P14105,Chennai,Independent House,3238,5,1,10,26,5,Unfurnished,"['Power Backup', 'Wi-Fi', 'Swimming Pool']",9.48,4,47333423.66
P36477,Ahmedabad,Apartment,2670,1,3,6,19,19,Unfurnished,"['Wi-Fi', 'Elevator', 'Club House', 'Garden']",4.19,4,12149474.6
P53825,Chennai,Independent House,693,4,3,13,22,5,Unfurnished,"['Gym', 'Wi-Fi', 'Garden', 'Elevator']",8.48,8,28971819.58
P103689,Chandigarh,Independent House,4442,5,3,20,26,11,Unfurnished,"['Club House', 'Wi-Fi', 'Power Backup', 'Security']",9.91,4,27383915.65
P91510,Ahmedabad,Studio,1095,4,1,9,20,8,Unfurnished,"['Swimming Pool', 'Parking', 'Club House', 'Security']",6.19,7,46197525.06
P87446,Ahmedabad,Independent House,3184,2,4,19,7,0,Fully Furnished,"['Gym', 'Swimming Pool', 'Power Backup', 'Security', 'Club House', 'Wi-Fi']",2.3,10,38080369.09
P53182,Hyderabad,Apartment,1085,2,1,10,8,15,Fully Furnished,"['Parking', 'Elevator', 'Gym']",3.9,7,16538652.01
P66881,Hyderabad,Studio,4093,1,3,20,14,3,Fully Furnished,"['Elevator', 'Gym', 'Club House', 'Security']",2.49,2,37196568.25
P75009,Hyderabad,Studio,3852,4,4,7,29,0,Semi Furnished,"['Parking', 'Security', 'Power Backup']",8.86,9,6660596.87
P81217,Chandigarh,Villa,1259,4,1,18,9,0,Fully Furnished,"['Gym', 'Parking', 'Elevator', 'Wi-Fi']",8.28,9,26031832.75
P27184,Chandigarh,Villa,4473,2,2,6,27,7,Fully Furnished,"['Elevator', 'Gym', 'Power Backup', 'Wi-Fi', 'Garden']",3.65,3,4036979.99
P28867,Hyderabad,Penthouse,3849,3,4,18,24,13,Semi Furnished,"['Elevator', 'Parking', 'Security']",5.77,1,31548236.33
P66337,Bangalore,Apartment,954,4,2,9,22,19,Fully Furnished,"['Swimming Pool', 'Power Backup', 'Wi-Fi', 'Garden', 'Parking']",9.42,6,22198256.07
P105419,Delhi,Duplex,645,5,3,17,24,18,Fully Furnished,"['Club House', 'Security', 'Swimming Pool', 'Power Backup']",3.34,8,7759596.43
P105603,Hyderabad,Duplex,764,4,2,1,11,12,Unfurnished,"['Power Backup', 'Parking', 'Garden', 'Security', 'Wi-Fi', 'Club House']",6.27,8,9665168.63
P18882,Chennai,Penthouse,1513,5,2,8,15,3,Fully Furnished,"['Wi-Fi', 'Security', 'Parking', 'Club House']",8.97,7,25473729.42
P72393,Ahmedabad,Villa,3256,5,1,3,27,8,Fully Furnished,"['Security', 'Gym', 'Parking', 'Elevator', 'Club House', 'Wi-Fi']",8.7,7,49836789.64
P38419,Hyderabad,Apartment,4507,4,2,2,9,2,Fully Furnished,"['Power Backup', 'Swimming Pool', 'Elevator', 'Gym', 'Security', 'Club House']",6.3,2,10004949.3
P46520,Chandigarh,Independent House,1688,2,3,12,30,1,Fully Furnished,"['Parking', 'Gym', 'Club House', 'Wi-Fi', 'Swimming Pool', 'Garden']",2.66,10,29859528.94
P59204,Delhi,Penthouse,4456,3,4,13,25,2,Semi Furnished,"['Garden', 'Gym', 'Club House', 'Power Backup', 'Elevator', 'Swimming Pool']",7.02,6,17605314.82
P19297,Bangalore,Independent House,1313,5,4,18,30,5,Semi Furnished,"['Wi-Fi', 'Gym', 'Parking', 'Garden']",2.81,4,16680405.67
P14545,Mumbai,Duplex,533,4,1,9,18,2,Semi Furnished,"['Parking', 'Club House', 'Swimming Pool']",3.85,5,19147451.25
P62814,Hyderabad,Studio,977,1,3,1,22,6,Fully Furnished,"['Garden', 'Elevator', 'Swimming Pool']",6.55,7,26244744.59
P97354,Jaipur,Apartment,1209,2,3,14,18,4,Semi Furnished,"['Gym', 'Security', 'Garden']",2.53,9,36724640.15
P97956,Chennai,Villa,2397,2,1,6,12,12,Semi Furnished,"['Wi-Fi', 'Swimming Pool', 'Power Backup', 'Parking', 'Garden', 'Gym']",6.53,6,20388826.61
P39732,Kolkata,Villa,3440,2,3,1,18,16,Fully Furnished,"['Security', 'Elevator', 'Parking', 'Club House']",3.74,6,11836254.17
P69500,Jaipur,Duplex,4342,3,1,17,9,10,Unfurnished,"['Club House', 'Garden', 'Gym']",3.56,2,5339518.59
P95946,Chennai,Villa,881,2,3,1,26,3,Fully Furnished,"['Parking', 'Power Backup', 'Security']",9.39,6,13824332.72
P57690,Kolkata,Duplex,609,2,1,2,20,16,Semi Furnished,"['Power Backup', 'Swimming Pool', 'Security', 'Club House']",1.99,10,46938517.39
P81931,Pune,Independent House,1596,1,2,8,14,9,Fully Furnished,"['Club House', 'Wi-Fi', 'Elevator', 'Gym']",4.69,8,4736994.18
P101057,Jaipur,Duplex,4094,4,4,20,12,7,Semi Furnished,"['Parking', 'Club House', 'Gym', 'Swimming Pool']",5.56,6,18935769.74
P75192,Bangalore,Independent House,3907,5,2,4,29,20,Semi Furnished,"['Gym', 'Garden', 'Parking', 'Swimming Pool', 'Elevator']",8.52,5,37891180.3
P97412,Pune,Duplex,3065,5,4,1,6,12,Semi Furnished,"['Club House', 'Parking', 'Security', 'Wi-Fi', 'Elevator']",1.67,1,42727973.6
P14067,Hyderabad,Duplex,790,1,2,14,25,9,Unfurnished,"['Club House', 'Power Backup', 'Security', 'Gym', 'Elevator']",9.07,9,3473221.21
P53004,Chennai,Penthouse,2492,1,3,15,21,18,Semi Furnished,"['Elevator', 'Club House', 'Security', 'Swimming Pool', 'Garden', 'Gym']",4.84,3,2410918.03
P73811,Bangalore,Penthouse,3887,5,1,6,29,13,Semi Furnished,"['Security', 'Garden', 'Elevator']",5.85,3,9872490.11
P85861,Hyderabad,Penthouse,2149,4,3,10,25,12,Unfurnished,"['Garden', 'Gym', 'Security', 'Wi-Fi', 'Parking', 'Elevator']",1.56,5,42016656.63
P83043,Pune,Independent House,4606,2,4,3,6,3,Semi Furnished,"['Swimming Pool', 'Power Backup', 'Garden']",3.69,7,15733131.05
P95966,Delhi,Penthouse,4993,3,2,1,8,2,Unfurnished,"['Wi-Fi', 'Elevator', 'Parking', 'Swimming Pool']",3.88,6,11276254.29
P102287,Pune,Villa,1664,1,3,6,18,11,Unfurnished,"['Club House', 'Power Backup', 'Gym', 'Security', 'Swimming Pool', 'Garden']",7.94,2,2072865.56
P27416,Pune,Independent House,2083,2,4,14,10,2,Semi Furnished,"['Garden', 'Elevator', 'Parking']",1.31,4,38890441.49
P56432,Mumbai,Studio,629,4,4,14,16,8,Fully Furnished,"['Power Backup', 'Gym', 'Elevator', 'Security']",9.39,7,1736290.25
P72183,Ahmedabad,Apartment,2927,3,2,12,28,19,Semi Furnished,"['Elevator', 'Garden', 'Club House', 'Swimming Pool']",8.84,5,12862996.34
P79029,Mumbai,Villa,4952,3,2,10,16,11,Fully Furnished,"['Garden', 'Elevator', 'Power Backup']",6.09,2,31255077.91
P91614,Hyderabad,Independent House,4545,1,4,6,12,11,Unfurnished,"['Security', 'Wi-Fi', 'Swimming Pool', 'Gym']",1.66,8,43266814.42
P29763,Delhi,Apartment,2147,1,4,6,15,17,Fully Furnished,"['Garden', 'Elevator', 'Security']",5.41,10,19354792.65
P26574,Ahmedabad,Penthouse,4003,3,1,20,25,11,Fully Furnished,"['Elevator', 'Power Backup', 'Garden']",6.68,3,34720841.37
P18293,Ahmedabad,Studio,3494,4,3,2,6,6,Unfurnished,"['Club House', 'Parking', 'Security', 'Gym', 'Garden', 'Wi-Fi']",4.87,3,25505993.56
P37958,Kolkata,Penthouse,4745,4,3,13,25,20,Fully Furnished,"['Garden', 'Club House', 'Elevator']",3.64,8,28553348.5
P85983,Chandigarh,Villa,3341,3,4,5,7,1,Unfurnished,"['Swimming Pool', 'Club House', 'Garden', 'Gym', 'Wi-Fi']",6.59,7,16897528.17
P69487,Pune,Apartment,2265,3,2,17,26,20,Unfurnished,"['Wi-Fi', 'Gym', 'Elevator', 'Swimming Pool', 'Garden']",2.27,4,36611626.05
P20991,Ahmedabad,Independent House,1064,1,1,9,19,18,Unfurnished,"['Security', 'Swimming Pool', 'Wi-Fi', 'Elevator', 'Power Backup']",5.24,7,19205176.96
P96095,Delhi,Apartment,3142,5,4,18,22,19,Semi Furnished,"['Swimming Pool', 'Club House', 'Elevator', 'Wi-Fi', 'Security', 'Gym']",1.63,4,28467617.34
P28460,Kolkata,Penthouse,2585,5,2,3,8,3,Unfurnished,"['Swimming Pool', 'Garden', 'Gym']",5.51,3,7817175.85
P100058,Delhi,Independent House,4430,2,2,6,30,0,Fully Furnished,"['Wi-Fi', 'Club House', 'Swimming Pool', 'Parking']",1.89,6,26847489.95
P12697,Pune,Apartment,3555,1,4,15,28,12,Unfurnished,"['Wi-Fi', 'Swimming Pool', 'Elevator', 'Gym']",1.12,4,45715248.91
P84729,Jaipur,Penthouse,2844,5,3,9,15,14,Fully Furnished,"['Wi-Fi', 'Parking', 'Elevator', 'Gym', 'Swimming Pool']",8.31,4,36093708
P19284,Bangalore,Apartment,905,3,4,11,12,2,Semi Furnished,"['Power Backup', 'Elevator', 'Garden', 'Swimming Pool', 'Club House', 'Wi-Fi']",4.71,5,46823785.24
P96882,Kolkata,Duplex,4113,4,2,4,21,10,Semi Furnished,"['Swimming Pool', 'Gym', 'Parking', 'Elevator', 'Security', 'Power Backup']",8.11,10,43319221.31
P32296,Hyderabad,Duplex,2782,2,3,5,7,3,Semi Furnished,"['Parking', 'Elevator', 'Gym', 'Swimming Pool']",1.48,2,47779204.68
P103194,Chandigarh,Independent House,1105,1,3,13,11,11,Semi Furnished,"['Power Backup', 'Garden', 'Elevator', 'Club House']",2.09,9,6305153.84
P11812,Jaipur,Penthouse,601,1,3,17,5,8,Semi Furnished,"['Gym', 'Power Backup', 'Wi-Fi', 'Garden']",8.69,10,25469053.29
P23826,Delhi,Duplex,3668,2,1,7,16,9,Fully Furnished,"['Garden', 'Club House', 'Gym', 'Parking', 'Security']",4.16,9,41522504.09
P82924,Kolkata,Studio,2618,2,2,9,20,14,Unfurnished,"['Power Backup', 'Elevator', 'Wi-Fi', 'Swimming Pool', 'Parking', 'Garden']",9,9,36505404.37
P65356,Pune,Studio,2683,5,4,9,10,11,Fully Furnished,"['Swimming Pool', 'Club House', 'Garden', 'Elevator', 'Security', 'Power Backup']",7.61,6,1295486.11
P33340,Kolkata,Independent House,4013,3,4,14,10,8,Fully Furnished,"['Swimming Pool', 'Wi-Fi', 'Gym', 'Club House']",9.1,5,32488415.53
P108985,Jaipur,Duplex,1170,1,4,7,23,5,Semi Furnished,"['Elevator', 'Wi-Fi', 'Parking', 'Club House', 'Power Backup', 'Security']",8.03,8,16887481.99
P88879,Chandigarh,Studio,3286,1,1,13,29,2,Unfurnished,"['Garden', 'Swimming Pool', 'Power Backup']",4.31,5,7546236.62
P34790,Kolkata,Duplex,1359,4,1,9,7,10,Semi Furnished,"['Club House', 'Parking', 'Security']",4.23,8,45966490.57
P62432,Mumbai,Studio,1088,4,2,20,17,6,Semi Furnished,"['Power Backup', 'Wi-Fi', 'Garden']",9.52,8,24200379.27
P88031,Chandigarh,Penthouse,1368,4,4,12,28,14,Fully Furnished,"['Parking', 'Swimming Pool', 'Elevator']",2.81,10,17063946.55
P29358,Pune,Independent House,1861,5,2,7,7,8,Unfurnished,"['Garden', 'Wi-Fi', 'Club House', 'Security', 'Elevator', 'Power Backup']",4.06,8,29445936.05
P63216,Pune,Studio,4866,4,2,17,11,3,Fully Furnished,"['Gym', 'Parking', 'Power Backup', 'Security', 'Garden', 'Wi-Fi']",4.24,10,22655127.72
P96784,Delhi,Duplex,2574,2,1,6,24,7,Semi Furnished,"['Garden', 'Power Backup', 'Elevator']",9.18,5,25141547.64
P29353,Ahmedabad,Duplex,2437,4,1,8,5,2,Unfurnished,"['Wi-Fi', 'Power Backup', 'Gym', 'Club House']",4.38,3,1430919.91
P77213,Jaipur,Studio,2784,5,1,6,15,7,Unfurnished,"['Swimming Pool', 'Gym', 'Power Backup']",4.83,10,4512416.44
P83156,Ahmedabad,Penthouse,505,2,2,12,26,6,Unfurnished,"['Power Backup', 'Parking', 'Security', 'Swimming Pool', 'Elevator', 'Wi-Fi']",6.42,6,23152149.47
P63982,Bangalore,Villa,902,3,1,10,19,11,Fully Furnished,"['Garden', 'Security', 'Club House', 'Parking', 'Wi-Fi']",5.29,5,18612056.15
P28778,Ahmedabad,Villa,3560,1,4,10,14,1,Semi Furnished,"['Power Backup', 'Club House', 'Wi-Fi']",7.2,1,39894285.94
P42829,Pune,Villa,4222,5,1,5,8,19,Fully Furnished,"['Parking', 'Wi-Fi', 'Elevator', 'Garden', 'Power Backup']",5.67,6,4064144.28
P56320,Pune,Studio,3677,4,3,17,28,10,Semi Furnished,"['Elevator', 'Power Backup', 'Garden', 'Security', 'Gym']",7.41,1,47050859.78
P36857,Hyderabad,Studio,3426,3,1,7,10,10,Fully Furnished,"['Gym', 'Elevator', 'Power Backup', 'Garden', 'Wi-Fi', 'Club House']",8.92,3,49318030.13
P97116,Bangalore,Duplex,1899,1,1,20,16,3,Unfurnished,"['Security', 'Swimming Pool', 'Club House']",8.94,10,2101566.89
P27982,Chennai,Penthouse,2202,5,2,11,17,12,Fully Furnished,"['Club House', 'Garden', 'Swimming Pool', 'Wi-Fi', 'Power Backup']",8.55,7,23854896.46
P109114,Chennai,Studio,617,3,3,2,7,12,Semi Furnished,"['Garden', 'Gym', 'Parking']",3.86,5,41285277.67
P12693,Chennai,Penthouse,856,4,4,6,13,16,Fully Furnished,"['Elevator', 'Security', 'Parking', 'Power Backup']",5.04,5,13605852.32
P56727,Hyderabad,Apartment,3374,4,1,3,10,10,Unfurnished,"['Garden', 'Swimming Pool', 'Gym', 'Elevator', 'Parking']",8.37,8,25192505.95
P34563,Mumbai,Villa,2491,2,2,16,13,9,Fully Furnished,"['Power Backup', 'Elevator', 'Parking', 'Wi-Fi', 'Garden']",2.48,5,31641431.51
P19142,Kolkata,Independent House,960,5,1,4,25,18,Fully Furnished,"['Gym', 'Security', 'Parking', 'Power Backup', 'Swimming Pool', 'Elevator']",0.9,3,47273138.77
P55909,Mumbai,Apartment,3914,1,3,11,29,5,Fully Furnished,"['Elevator', 'Club House', 'Power Backup']",1.85,6,12247393.92
P43008,Ahmedabad,Independent House,1454,5,4,19,27,16,Semi Furnished,"['Parking', 'Club House', 'Garden', 'Swimming Pool', 'Wi-Fi', 'Security']",3.69,10,45829773.08
P92421,Chennai,Villa,1811,5,3,7,17,19,Semi Furnished,"['Club House', 'Garden', 'Gym']",2.42,10,22937708.63
P44969,Chennai,Apartment,2775,2,1,1,15,6,Semi Furnished,"['Power Backup', 'Club House', 'Security']",8.25,8,44975318.89
P71984,Jaipur,Studio,3586,2,3,12,10,13,Unfurnished,"['Power Backup', 'Swimming Pool', 'Gym', 'Security']",5.82,2,33875904.76
P15193,Chennai,Villa,2791,3,4,18,24,4,Semi Furnished,"['Gym', 'Wi-Fi', 'Parking']",3.4,5,49406727.87
P63449,Hyderabad,Duplex,3891,1,2,10,28,20,Semi Furnished,"['Elevator', 'Parking', 'Garden', 'Power Backup', 'Security']",6.94,6,24941082.63
P81683,Delhi,Duplex,3665,3,2,2,10,11,Semi Furnished,"['Wi-Fi', 'Power Backup', 'Security', 'Swimming Pool', 'Gym', 'Elevator']",8.03,5,38045952.73
P93077,Ahmedabad,Villa,3643,5,3,16,29,17,Fully Furnished,"['Parking', 'Wi-Fi', 'Elevator', 'Club House', 'Garden', 'Gym']",7.24,10,9822896.09
P28865,Chandigarh,Duplex,3463,3,2,14,9,13,Fully Furnished,"['Elevator', 'Security', 'Swimming Pool', 'Garden', 'Wi-Fi', 'Gym']",5.59,2,10061839.12
P15511,Kolkata,Penthouse,3826,5,4,15,25,8,Semi Furnished,"['Gym', 'Elevator', 'Swimming Pool', 'Parking', 'Power Backup', 'Garden']",8.99,10,44109955.17
P84537,Chennai,Studio,3674,5,2,17,7,7,Fully Furnished,"['Club House', 'Parking', 'Gym', 'Swimming Pool']",5.94,10,48477435.79
P55182,Mumbai,Independent House,2792,4,4,7,24,0,Semi Furnished,"['Wi-Fi', 'Swimming Pool', 'Elevator']",2.48,2,21342426.57
P14001,Chandigarh,Independent House,1770,5,2,3,20,13,Unfurnished,"['Parking', 'Elevator', 'Gym', 'Power Backup', 'Club House']",7.58,4,40269474.49
P76743,Chennai,Duplex,2087,2,1,19,6,1,Fully Furnished,"['Security', 'Parking', 'Club House', 'Wi-Fi', 'Gym', 'Power Backup']",8.59,1,23002119.17
P96968,Mumbai,Penthouse,3181,2,1,6,18,14,Unfurnished,"['Parking', 'Wi-Fi', 'Gym', 'Power Backup']",2.87,1,37392057.05
P89737,Kolkata,Independent House,552,1,2,3,16,2,Fully Furnished,"['Parking', 'Security', 'Swimming Pool', 'Elevator']",9.3,10,43298063.86
P66961,Chennai,Studio,2849,5,1,9,23,2,Unfurnished,"['Parking', 'Swimming Pool', 'Club House', 'Gym', 'Garden', 'Wi-Fi']",2.89,4,41360977.75
P13017,Jaipur,Apartment,1040,1,4,13,23,10,Fully Furnished,"['Parking', 'Power Backup', 'Garden']",9.86,10,5520107.87
P71155,Ahmedabad,Apartment,693,1,1,18,27,5,Fully Furnished,"['Elevator', 'Power Backup', 'Gym', 'Club House']",3.15,6,32333845.54
P80227,Bangalore,Penthouse,870,1,1,4,23,2,Semi Furnished,"['Security', 'Power Backup', 'Wi-Fi', 'Garden', 'Elevator']",5.54,2,37179831.4
P22648,Pune,Villa,1517,1,2,6,25,17,Unfurnished,"['Club House', 'Gym', 'Parking', 'Garden', 'Swimming Pool']",4.26,1,27350152.32
P94160,Pune,Duplex,3645,5,3,9,23,0,Fully Furnished,"['Parking', 'Garden', 'Power Backup', 'Gym', 'Club House']",8.89,6,22289178.92
P54032,Mumbai,Apartment,3583,3,2,5,10,12,Unfurnished,"['Garden', 'Security', 'Wi-Fi', 'Gym', 'Swimming Pool', 'Power Backup']",4.36,3,998009.94
P18332,Delhi,Apartment,2017,4,2,12,22,3,Semi Furnished,"['Security', 'Club House', 'Swimming Pool']",6.63,2,12706154.7
P21511,Delhi,Studio,2782,5,3,8,11,7,Semi Furnished,"['Wi-Fi', 'Parking', 'Club House', 'Gym', 'Security']",1.33,4,33830129.07
P16320,Mumbai,Apartment,682,4,3,5,8,15,Semi Furnished,"['Gym', 'Club House', 'Swimming Pool', 'Garden', 'Elevator', 'Parking']",7.98,3,40824761.88
P80483,Hyderabad,Villa,1812,3,4,9,15,18,Unfurnished,"['Power Backup', 'Security', 'Wi-Fi', 'Gym', 'Garden']",8.66,5,35589293.1
P86786,Mumbai,Apartment,2399,3,4,17,14,12,Semi Furnished,"['Gym', 'Security', 'Swimming Pool', 'Elevator']",7.28,4,18462301.4
P40575,Chennai,Studio,647,5,2,6,7,13,Unfurnished,"['Gym', 'Wi-Fi', 'Club House', 'Parking', 'Garden', 'Swimming Pool']",7.9,10,44696015.84
P24452,Kolkata,Independent House,602,3,1,16,13,18,Fully Furnished,"['Gym', 'Power Backup', 'Club House', 'Swimming Pool']",1.59,3,2943674.95
P81168,Bangalore,Independent House,1020,2,4,20,7,10,Semi Furnished,"['Gym', 'Elevator', 'Parking', 'Club House', 'Power Backup', 'Security']",9.15,6,21236176.21
P99520,Bangalore,Studio,1590,5,2,19,7,17,Semi Furnished,"['Elevator', 'Parking', 'Wi-Fi', 'Club House', 'Swimming Pool', 'Gym']",8.26,2,34483800.7
P86961,Bangalore,Villa,1159,1,2,7,26,16,Semi Furnished,"['Power Backup', 'Club House', 'Security', 'Garden', 'Elevator']",7.98,5,2722718.53
P28147,Mumbai,Studio,2329,5,1,2,8,16,Unfurnished,"['Gym', 'Parking', 'Power Backup', 'Swimming Pool', 'Garden']",2.86,2,34851741.14
P108986,Pune,Apartment,1609,1,3,4,24,17,Unfurnished,"['Wi-Fi', 'Gym', 'Parking', 'Swimming Pool']",9.22,4,12831825.66
P38947,Chennai,Villa,4887,3,1,2,9,7,Unfurnished,"['Power Backup', 'Club House', 'Wi-Fi', 'Garden', 'Elevator']",5.22,9,28309499.04
P108849,Ahmedabad,Apartment,1372,1,2,9,22,11,Fully Furnished,"['Parking', 'Security', 'Power Backup', 'Wi-Fi', 'Club House']",7.63,8,48690977.15
P103603,Hyderabad,Apartment,3767,2,2,2,20,18,Unfurnished,"['Garden', 'Security', 'Power Backup', 'Swimming Pool', 'Elevator', 'Club House']",2.98,4,2332108.07
P71512,Delhi,Independent House,3136,3,3,11,30,13,Unfurnished,"['Garden', 'Club House', 'Swimming Pool']",6.15,4,46121462.7
P76726,Kolkata,Apartment,1204,4,2,14,8,4,Semi Furnished,"['Security', 'Elevator', 'Gym', 'Club House', 'Garden']",6.22,9,44238694.69
P87662,Kolkata,Apartment,702,2,1,3,11,14,Unfurnished,"['Garden', 'Parking', 'Security', 'Gym', 'Swimming Pool', 'Elevator']",8.17,5,33782301.35
P86414,Delhi,Apartment,4076,3,2,11,6,9,Fully Furnished,"['Parking', 'Garden', 'Wi-Fi', 'Gym', 'Security']",5.48,8,44995633
P90451,Chennai,Penthouse,1783,1,3,13,24,12,Fully Furnished,"['Power Backup', 'Wi-Fi', 'Garden', 'Gym', 'Swimming Pool']",2.45,1,44054620.61
P70512,Delhi,Duplex,3892,3,2,12,5,5,Fully Furnished,"['Power Backup', 'Garden', 'Security', 'Gym', 'Parking', 'Swimming Pool']",3.81,4,13457083.76
P80262,Ahmedabad,Duplex,4145,2,1,7,17,11,Unfurnished,"['Elevator', 'Wi-Fi', 'Gym', 'Parking', 'Club House']",2.89,1,14643704.08
P68895,Chennai,Duplex,3140,4,3,18,13,4,Unfurnished,"['Club House', 'Elevator', 'Gym', 'Security', 'Parking']",2.82,2,40318829.41
P30712,Chandigarh,Studio,917,5,1,13,29,11,Unfurnished,"['Power Backup', 'Elevator', 'Club House']",6.36,5,42475279.09
P44455,Chennai,Duplex,4411,3,4,7,25,3,Semi Furnished,"['Gym', 'Parking', 'Security', 'Power Backup', 'Elevator', 'Garden']",2.83,4,5645243.25
P108782,Bangalore,Duplex,4281,3,1,18,27,2,Fully Furnished,"['Security', 'Swimming Pool', 'Club House']",2.75,8,3322228.41
P52475,Kolkata,Independent House,914,3,1,1,6,2,Unfurnished,"['Club House', 'Wi-Fi', 'Elevator', 'Garden']",1,1,28447884.96
P107093,Kolkata,Studio,4659,1,1,17,5,0,Unfurnished,"['Swimming Pool', 'Power Backup', 'Elevator', 'Club House', 'Garden', 'Wi-Fi']",2.9,8,4926285.15
P96896,Chennai,Penthouse,4114,2,2,11,30,18,Semi Furnished,"['Security', 'Garden', 'Club House', 'Gym', 'Swimming Pool']",1.94,6,23689330.98
P69272,Bangalore,Independent House,943,4,1,13,18,16,Semi Furnished,"['Swimming Pool', 'Gym', 'Club House', 'Parking', 'Elevator', 'Garden']",3.72,9,19434190.74
P47907,Jaipur,Villa,2738,5,1,5,8,5,Unfurnished,"['Wi-Fi', 'Security', 'Elevator', 'Parking', 'Swimming Pool']",8.15,8,33762595.79
P30637,Pune,Apartment,3177,1,1,4,26,7,Fully Furnished,"['Garden', 'Gym', 'Club House', 'Parking', 'Wi-Fi']",7.82,5,3969418.89
P46172,Chandigarh,Independent House,1167,3,2,1,20,16,Semi Furnished,"['Elevator', 'Gym', 'Security']",1.37,6,42626237.45
P94728,Ahmedabad,Duplex,4006,2,3,17,12,15,Unfurnished,"['Wi-Fi', 'Parking', 'Elevator']",6.4,1,48391326.07
P60771,Pune,Independent House,3400,2,3,18,14,0,Semi Furnished,"['Elevator', 'Garden', 'Power Backup', 'Swimming Pool']",9.58,6,12117845.92
P12373,Jaipur,Villa,1668,5,2,19,24,16,Semi Furnished,"['Wi-Fi', 'Power Backup', 'Club House', 'Gym', 'Elevator', 'Parking']",9.19,8,40446825.94
P52959,Jaipur,Apartment,4369,3,1,11,22,17,Fully Furnished,"['Elevator', 'Club House', 'Gym', 'Garden', 'Security']",6.55,9,8473894.91
P59649,Chennai,Studio,4029,2,3,7,25,3,Unfurnished,"['Garden', 'Elevator', 'Security']",5.39,7,44628118.86
P89357,Chandigarh,Duplex,1515,1,1,4,28,9,Semi Furnished,"['Swimming Pool', 'Club House', 'Power Backup', 'Wi-Fi']",0.87,2,34887418.76
P35737,Pune,Studio,2571,1,1,18,22,1,Semi Furnished,"['Security', 'Swimming Pool', 'Parking', 'Power Backup']",6.07,6,41719110.78
P45729,Ahmedabad,Independent House,2967,2,1,5,12,15,Unfurnished,"['Power Backup', 'Gym', 'Security', 'Garden', 'Parking']",4.55,3,23094764.54
P53769,Bangalore,Penthouse,3541,3,2,9,27,5,Fully Furnished,"['Power Backup', 'Elevator', 'Garden', 'Parking', 'Club House']",8.14,6,37987246.6
P67401,Chandigarh,Studio,4516,5,3,6,5,12,Unfurnished,"['Swimming Pool', 'Gym', 'Power Backup', 'Security']",6.5,9,11776116.85
P72468,Jaipur,Duplex,4486,4,3,3,21,16,Fully Furnished,"['Garden', 'Swimming Pool', 'Wi-Fi']",6.68,9,29984309.58
P16469,Chandigarh,Studio,1121,4,3,12,19,11,Fully Furnished,"['Garden', 'Power Backup', 'Parking', 'Gym', 'Swimming Pool']",7.39,10,31769588.52
P63640,Pune,Villa,1532,2,2,1,28,19,Semi Furnished,"['Swimming Pool', 'Garden', 'Gym', 'Wi-Fi']",3.28,10,47669212.76
P37114,Delhi,Duplex,1594,3,3,6,15,6,Unfurnished,"['Wi-Fi', 'Gym', 'Swimming Pool']",4.4,5,30363692.93
P63571,Delhi,Independent House,2066,3,4,16,25,17,Unfurnished,"['Power Backup', 'Elevator', 'Gym']",4.74,3,47426587.97
P32463,Pune,Villa,2975,1,1,3,18,5,Fully Furnished,"['Elevator', 'Power Backup', 'Swimming Pool', 'Club House']",2.8,7,6755194.95
P11525,Bangalore,Villa,1521,1,3,15,20,2,Unfurnished,"['Elevator', 'Power Backup', 'Club House', 'Security', 'Gym', 'Swimming Pool']",5.24,2,13490472.03
P105141,Ahmedabad,Penthouse,4126,5,2,6,24,12,Fully Furnished,"['Swimming Pool', 'Wi-Fi', 'Power Backup', 'Elevator', 'Club House']",5.75,2,12780540.76
P78512,Kolkata,Duplex,1589,3,3,17,13,14,Unfurnished,"['Garden', 'Security', 'Club House', 'Gym', 'Power Backup']",7.5,3,37767177.44
P41098,Delhi,Villa,2839,5,3,17,27,13,Fully Furnished,"['Gym', 'Garden', 'Elevator', 'Power Backup', 'Swimming Pool', 'Wi-Fi']",4.53,5,13764812.64
P63364,Chandigarh,Apartment,2022,2,1,19,28,18,Fully Furnished,"['Elevator', 'Parking', 'Gym']",1.44,2,44555385.78
P50151,Mumbai,Studio,982,5,3,7,23,18,Unfurnished,"['Power Backup', 'Parking', 'Wi-Fi']",1.63,8,45070937.83
P29397,Pune,Apartment,2262,4,3,17,27,2,Fully Furnished,"['Garden', 'Security', 'Elevator']",0.58,5,36568975.76
P22437,Chennai,Studio,986,4,3,20,29,3,Fully Furnished,"['Club House', 'Power Backup', 'Wi-Fi']",3.27,6,4212695.65
P46631,Chandigarh,Studio,2305,5,1,9,8,1,Fully Furnished,"['Wi-Fi', 'Elevator', 'Garden', 'Parking', 'Club House', 'Power Backup']",1.16,3,25303780.96
P60792,Mumbai,Independent House,1976,2,4,1,10,19,Semi Furnished,"['Club House', 'Power Backup', 'Garden', 'Security', 'Swimming Pool']",9.26,2,20806203.33
P56902,Bangalore,Penthouse,1871,4,1,4,29,0,Semi Furnished,"['Swimming Pool', 'Gym', 'Power Backup', 'Elevator', 'Garden', 'Club House']",6.57,5,44490865.57
P59027,Mumbai,Duplex,3527,5,2,4,25,0,Fully Furnished,"['Power Backup', 'Swimming Pool', 'Parking', 'Security']",3.21,10,47998174.02
P53361,Hyderabad,Apartment,4926,4,2,9,19,3,Unfurnished,"['Garden', 'Wi-Fi', 'Power Backup', 'Swimming Pool', 'Club House', 'Elevator']",1.86,8,1300796.87
P41870,Delhi,Duplex,4958,3,4,12,18,7,Fully Furnished,"['Garden', 'Elevator', 'Security']",1.08,1,16465929.08
P44484,Hyderabad,Independent House,4958,3,2,9,26,11,Unfurnished,"['Security', 'Club House', 'Wi-Fi', 'Elevator', 'Swimming Pool']",2.19,2,7725845.81
P66600,Delhi,Studio,3285,5,1,5,24,6,Unfurnished,"['Security', 'Elevator', 'Swimming Pool']",2.22,8,3501464.79
P41277,Mumbai,Independent House,2496,1,2,11,22,0,Fully Furnished,"['Power Backup', 'Club House', 'Parking', 'Wi-Fi', 'Gym', 'Elevator']",9.69,1,48554719.9
P83954,Ahmedabad,Penthouse,857,2,1,3,9,3,Fully Furnished,"['Garden', 'Swimming Pool', 'Gym']",9.9,10,14793624.12
P57367,Delhi,Penthouse,3334,1,4,12,5,12,Semi Furnished,"['Security', 'Wi-Fi', 'Gym', 'Garden']",5.43,6,12810858.09
P26055,Bangalore,Studio,2409,2,4,19,24,11,Unfurnished,"['Parking', 'Power Backup', 'Security', 'Swimming Pool', 'Wi-Fi', 'Elevator']",4.25,1,39320776.64
P30116,Jaipur,Villa,4904,4,3,9,8,14,Semi Furnished,"['Power Backup', 'Garden', 'Swimming Pool', 'Wi-Fi']",7.98,1,37200318.16
P83672,Jaipur,Apartment,1803,5,2,5,26,9,Unfurnished,"['Club House', 'Gym', 'Elevator', 'Swimming Pool', 'Power Backup', 'Garden']",9.28,3,39150377.7
P30787,Jaipur,Penthouse,3969,3,3,4,11,12,Semi Furnished,"['Gym', 'Parking', 'Garden', 'Elevator', 'Club House', 'Wi-Fi']",9.99,5,5184854.17
P38724,Kolkata,Villa,4808,4,2,6,20,5,Semi Furnished,"['Power Backup', 'Wi-Fi', 'Security', 'Elevator', 'Swimming Pool', 'Parking']",4.81,3,24823966.84
P87004,Chennai,Apartment,4427,2,2,18,15,17,Unfurnished,"['Elevator', 'Swimming Pool', 'Security']",2.7,5,46327082.14
P70877,Ahmedabad,Penthouse,2394,2,4,10,5,4,Fully Furnished,"['Security', 'Gym', 'Power Backup', 'Swimming Pool', 'Wi-Fi']",4.82,9,6794244.65
P29526,Hyderabad,Penthouse,3109,1,3,17,25,6,Unfurnished,"['Elevator', 'Wi-Fi', 'Power Backup']",2.72,3,20916711.63
P66231,Pune,Villa,2651,1,2,13,5,4,Semi Furnished,"['Security', 'Gym', 'Wi-Fi', 'Power Backup', 'Parking']",4.37,3,30962449.12
P40267,Jaipur,Studio,3893,4,1,3,26,4,Semi Furnished,"['Gym', 'Swimming Pool', 'Garden', 'Power Backup', 'Security', 'Parking']",0.63,1,41756997.77
P107625,Chandigarh,Apartment,1199,4,3,13,27,4,Fully Furnished,"['Club House', 'Garden', 'Power Backup']",4.92,10,49549575.46
P100295,Jaipur,Duplex,3266,4,2,8,13,4,Semi Furnished,"['Security', 'Gym', 'Club House', 'Elevator', 'Parking']",7.36,3,845264.66
P50258,Chandigarh,Independent House,2945,5,1,2,22,17,Unfurnished,"['Power Backup', 'Swimming Pool', 'Elevator', 'Security']",8.79,9,27572741.05
P44169,Pune,Penthouse,1380,1,4,17,19,15,Fully Furnished,"['Elevator', 'Parking', 'Club House', 'Security', 'Power Backup', 'Garden']",2.86,5,20702966.31
P87367,Hyderabad,Penthouse,2351,3,1,11,5,9,Unfurnished,"['Gym', 'Elevator', 'Power Backup', 'Swimming Pool', 'Garden', 'Club House']",6.37,2,34522850.74
P20969,Jaipur,Duplex,4215,5,3,16,21,17,Unfurnished,"['Wi-Fi', 'Gym', 'Garden', 'Swimming Pool']",7.52,6,48196838.76
P16474,Chennai,Apartment,2792,4,2,17,9,14,Fully Furnished,"['Gym', 'Power Backup', 'Wi-Fi', 'Parking', 'Security', 'Elevator']",6.26,5,28636843.38
P47384,Chennai,Apartment,2450,1,3,4,12,18,Fully Furnished,"['Parking', 'Garden', 'Power Backup']",3.58,6,25528747.13
P64597,Pune,Villa,1615,4,4,17,30,1,Unfurnished,"['Gym', 'Elevator', 'Parking', 'Wi-Fi']",1.24,5,7748773.49
P48197,Bangalore,Penthouse,1676,5,4,1,21,1,Semi Furnished,"['Power Backup', 'Swimming Pool', 'Security', 'Wi-Fi']",9.4,7,17900492.89
P19221,Bangalore,Duplex,4667,3,1,17,17,9,Unfurnished,"['Swimming Pool', 'Elevator', 'Parking', 'Gym', 'Power Backup', 'Club House']",6.35,5,22354563.4
P91274,Bangalore,Penthouse,1465,3,2,4,25,1,Unfurnished,"['Security', 'Parking', 'Elevator']",1.54,4,44740745.19
P83256,Mumbai,Independent House,1984,3,1,18,7,5,Semi Furnished,"['Parking', 'Garden', 'Gym', 'Club House', 'Security']",9.35,7,5738693.7
P21455,Pune,Apartment,3880,2,2,3,7,6,Semi Furnished,"['Garden', 'Security', 'Parking']",3.55,9,37740931.82
P71882,Hyderabad,Apartment,631,2,3,5,18,20,Semi Furnished,"['Elevator', 'Club House', 'Gym', 'Power Backup', 'Security']",4.54,10,7082398.84
P53136,Bangalore,Independent House,4142,3,1,4,28,5,Unfurnished,"['Power Backup', 'Club House', 'Garden', 'Parking']",9.31,9,48692365.91
P97084,Chandigarh,Studio,1698,1,4,6,23,4,Semi Furnished,"['Wi-Fi', 'Club House', 'Power Backup', 'Swimming Pool', 'Gym', 'Parking']",0.79,7,31015243.21
P56309,Mumbai,Villa,4697,1,1,2,7,8,Unfurnished,"['Gym', 'Club House', 'Garden', 'Security']",9.33,4,49556558.81
P51987,Jaipur,Duplex,2653,4,2,11,15,3,Fully Furnished,"['Club House', 'Swimming Pool', 'Power Backup']",1.32,2,30079294.97
P14000,Delhi,Penthouse,3538,2,2,9,28,0,Unfurnished,"['Parking', 'Elevator', 'Wi-Fi', 'Swimming Pool']",3.89,3,43433025.87
P42497,Chennai,Villa,1196,1,4,9,22,4,Unfurnished,"['Wi-Fi', 'Security', 'Power Backup', 'Elevator', 'Club House', 'Swimming Pool']",0.8,10,24090632.68
P102478,Bangalore,Apartment,1230,4,4,8,12,1,Fully Furnished,"['Security', 'Club House', 'Power Backup']",4.31,5,23700093.49
P27522,Chandigarh,Villa,4214,3,4,6,26,8,Fully Furnished,"['Elevator', 'Garden', 'Power Backup', 'Security', 'Swimming Pool']",3.01,8,18797387.63
P66299,Kolkata,Studio,3978,5,1,2,22,13,Semi Furnished,"['Power Backup', 'Swimming Pool', 'Club House', 'Security', 'Elevator', 'Garden']",1.66,1,6378211.69
P12537,Pune,Penthouse,1075,4,2,11,6,16,Fully Furnished,"['Swimming Pool', 'Club House', 'Power Backup', 'Gym']",4.25,5,15559827.54
P99996,Chennai,Villa,1580,2,1,3,30,18,Semi Furnished,"['Power Backup', 'Wi-Fi', 'Swimming Pool']",8.43,4,46435745.95
P14865,Bangalore,Penthouse,4197,1,3,12,6,16,Semi Furnished,"['Club House', 'Parking', 'Security']",4.72,4,47624145.39
P26497,Mumbai,Penthouse,2323,4,3,19,26,10,Unfurnished,"['Gym', 'Wi-Fi', 'Club House', 'Elevator', 'Swimming Pool', 'Power Backup']",8.3,9,29010348.84
P45379,Chennai,Villa,1555,5,1,17,29,12,Semi Furnished,"['Club House', 'Garden', 'Parking']",3.01,2,42835681.81
P88754,Hyderabad,Duplex,4637,4,2,4,28,0,Fully Furnished,"['Parking', 'Gym', 'Garden', 'Elevator', 'Club House']",1.06,9,45904505.5
P27296,Mumbai,Villa,1617,1,1,11,12,2,Unfurnished,"['Club House', 'Gym', 'Parking', 'Wi-Fi', 'Power Backup']",2.95,7,24854790.53
P51862,Kolkata,Penthouse,3367,3,1,16,6,9,Fully Furnished,"['Parking', 'Gym', 'Garden']",9.41,4,20534961.47
P44752,Chennai,Apartment,1634,1,3,13,6,10,Fully Furnished,"['Garden', 'Power Backup', 'Swimming Pool']",9.72,2,43833369.86
P97296,Mumbai,Studio,1154,2,3,8,11,1,Fully Furnished,"['Gym', 'Garden', 'Elevator', 'Parking']",3.02,6,5578914.98
P42151,Delhi,Independent House,1772,2,2,19,17,12,Fully Furnished,"['Wi-Fi', 'Power Backup', 'Elevator']",2.73,9,10638272.13
P54844,Hyderabad,Apartment,3480,3,4,1,23,12,Fully Furnished,"['Swimming Pool', 'Elevator', 'Parking', 'Security']",8.99,2,19064862.45
P74790,Ahmedabad,Penthouse,3013,5,4,7,16,9,Fully Furnished,"['Swimming Pool', 'Club House', 'Security']",8.75,4,46584902.26
P15983,Chandigarh,Studio,1973,2,1,17,28,8,Semi Furnished,"['Garden', 'Club House', 'Power Backup']",6.75,6,22122901.83
P12735,Mumbai,Studio,3269,5,1,8,25,19,Semi Furnished,"['Elevator', 'Garden', 'Gym', 'Club House', 'Swimming Pool', 'Security']",1.01,3,1083028.04
P72520,Hyderabad,Penthouse,1696,1,2,15,5,6,Unfurnished,"['Parking', 'Power Backup', 'Wi-Fi']",8.74,1,35583514.84
P41631,Delhi,Independent House,2770,3,4,2,5,10,Fully Furnished,"['Club House', 'Swimming Pool', 'Security', 'Gym', 'Wi-Fi', 'Parking']",8.52,9,24309795.51
P55136,Mumbai,Villa,3658,4,2,19,19,13,Fully Furnished,"['Club House', 'Garden', 'Wi-Fi', 'Gym', 'Security']",5.12,9,16870009.58
P75326,Kolkata,Studio,4003,5,2,3,22,12,Semi Furnished,"['Gym', 'Wi-Fi', 'Club House']",9.08,5,44909942.18
P69019,Ahmedabad,Penthouse,3328,1,3,15,28,8,Semi Furnished,"['Elevator', 'Power Backup', 'Swimming Pool', 'Gym']",1.18,4,20686098.65
P75588,Kolkata,Apartment,971,2,4,13,11,20,Semi Furnished,"['Elevator', 'Security', 'Power Backup']",6.25,6,28887152.48
P96467,Mumbai,Apartment,2699,3,2,19,11,8,Semi Furnished,"['Swimming Pool', 'Security', 'Elevator', 'Club House', 'Power Backup']",8.39,10,34184804.58
P86464,Chandigarh,Studio,3958,1,2,10,29,20,Unfurnished,"['Gym', 'Swimming Pool', 'Wi-Fi']",6.89,1,38132641.94
P92775,Ahmedabad,Penthouse,1742,1,2,4,10,10,Fully Furnished,"['Power Backup', 'Elevator', 'Club House']",4.32,4,26879792.67
P89327,Kolkata,Penthouse,4178,3,4,2,11,12,Fully Furnished,"['Club House', 'Swimming Pool', 'Power Backup']",6,1,13403562.26
P74035,Chandigarh,Independent House,2492,5,4,10,19,7,Semi Furnished,"['Power Backup', 'Parking', 'Swimming Pool', 'Garden', 'Gym', 'Club House']",9.03,5,45786963.89
P65501,Pune,Independent House,4265,5,1,2,21,0,Unfurnished,"['Elevator', 'Garden', 'Club House', 'Security']",6.44,5,20736641.56
P92753,Jaipur,Duplex,3528,2,1,17,8,9,Semi Furnished,"['Gym', 'Club House', 'Elevator']",5.74,8,32214021.25
P39803,Pune,Villa,4072,3,1,3,8,11,Fully Furnished,"['Elevator', 'Garden', 'Gym']",5.56,2,28436085.22
P19012,Chennai,Apartment,1108,1,3,15,26,8,Unfurnished,"['Garden', 'Gym', 'Security', 'Power Backup']",9.71,10,38808590.16
P67466,Kolkata,Villa,4089,2,4,9,17,11,Unfurnished,"['Swimming Pool', 'Gym', 'Wi-Fi', 'Power Backup', 'Elevator']",5.18,3,6895613.21
P55517,Pune,Duplex,4674,5,3,10,21,8,Unfurnished,"['Parking', 'Garden', 'Elevator', 'Swimming Pool', 'Security', 'Club House']",2.45,7,26596563.89
P47538,Ahmedabad,Villa,4373,3,2,8,5,20,Unfurnished,"['Parking', 'Wi-Fi', 'Power Backup', 'Garden', 'Swimming Pool']",3.33,5,40190166.54
P57675,Kolkata,Penthouse,3686,5,4,16,10,0,Fully Furnished,"['Wi-Fi', 'Elevator', 'Garden', 'Parking', 'Power Backup', 'Gym']",6.12,10,20125016.85
P68531,Kolkata,Duplex,2813,2,3,10,21,12,Fully Furnished,"['Elevator', 'Gym', 'Wi-Fi', 'Power Backup', 'Security']",3.38,9,959343.96
P104091,Ahmedabad,Penthouse,1367,3,2,15,6,8,Semi Furnished,"['Security', 'Gym', 'Elevator', 'Parking']",7.52,6,46072489.69
P58315,Mumbai,Villa,3386,5,3,14,8,13,Unfurnished,"['Swimming Pool', 'Security', 'Elevator', 'Club House']",3.44,5,43409322.26
P42371,Delhi,Independent House,3019,3,3,7,5,2,Semi Furnished,"['Garden', 'Power Backup', 'Elevator', 'Wi-Fi', 'Parking', 'Club House']",5.47,9,13900189.5
P68300,Mumbai,Villa,2457,4,1,7,15,8,Unfurnished,"['Security', 'Gym', 'Garden']",9.15,6,9526550.2
P95133,Bangalore,Studio,560,1,1,6,23,10,Fully Furnished,"['Power Backup', 'Parking', 'Swimming Pool', 'Garden', 'Wi-Fi', 'Club House']",4.35,8,29309126.64
P102403,Chennai,Independent House,4607,2,1,13,21,20,Fully Furnished,"['Parking', 'Garden', 'Wi-Fi', 'Elevator']",1.16,3,36432126.55
P90549,Pune,Apartment,1975,2,2,10,20,12,Unfurnished,"['Power Backup', 'Wi-Fi', 'Gym', 'Club House', 'Garden']",5.43,7,15581044.14
P48441,Bangalore,Villa,857,4,2,5,14,4,Fully Furnished,"['Security', 'Club House', 'Wi-Fi', 'Swimming Pool']",1.75,3,33313007.39
P19338,Jaipur,Studio,3957,2,3,10,23,12,Semi Furnished,"['Club House', 'Power Backup', 'Security', 'Gym']",9.65,3,22896941.93
P89569,Bangalore,Penthouse,764,4,1,19,18,0,Unfurnished,"['Swimming Pool', 'Wi-Fi', 'Power Backup', 'Gym']",1.08,1,45278568.4
P20394,Chandigarh,Apartment,1426,5,4,13,16,19,Unfurnished,"['Swimming Pool', 'Security', 'Garden', 'Elevator', 'Power Backup', 'Club House']",4.32,9,38382395.27
P39318,Delhi,Penthouse,3342,4,4,2,22,19,Unfurnished,"['Security', 'Garden', 'Swimming Pool']",6.46,9,14527380.56
P87882,Mumbai,Villa,4430,4,2,17,19,4,Unfurnished,"['Garden', 'Swimming Pool', 'Club House', 'Elevator', 'Gym']",2.18,10,33137935.1
P52271,Jaipur,Villa,2719,5,4,20,20,4,Semi Furnished,"['Security', 'Swimming Pool', 'Wi-Fi', 'Club House']",1.53,10,9758626.21
P97120,Mumbai,Penthouse,2729,2,4,5,30,5,Semi Furnished,"['Club House', 'Security', 'Swimming Pool', 'Elevator']",8.8,1,26389843.2
P70315,Delhi,Duplex,3730,1,2,6,15,4,Semi Furnished,"['Parking', 'Wi-Fi', 'Club House', 'Power Backup']",3.13,8,9993772.53
P87461,Jaipur,Studio,3564,4,1,4,20,0,Fully Furnished,"['Gym', 'Wi-Fi', 'Parking', 'Garden']",8.16,10,15029287.27
P105586,Mumbai,Independent House,1425,1,1,6,7,4,Semi Furnished,"['Parking', 'Swimming Pool', 'Wi-Fi', 'Garden', 'Security', 'Elevator']",9.58,1,44217462.78
P28818,Chandigarh,Penthouse,1201,2,3,16,10,5,Unfurnished,"['Swimming Pool', 'Club House', 'Wi-Fi', 'Garden', 'Security', 'Gym']",8.75,1,18307389.73
P78176,Chandigarh,Duplex,3088,1,3,18,16,20,Fully Furnished,"['Security', 'Club House', 'Garden']",1.86,5,31878924.71
P18054,Chennai,Independent House,4878,5,4,1,22,10,Unfurnished,"['Swimming Pool', 'Elevator', 'Security']",8.03,3,3823202.37
P81138,Bangalore,Apartment,2329,2,2,6,21,7,Unfurnished,"['Garden', 'Power Backup', 'Club House', 'Elevator', 'Swimming Pool']",6.45,5,36648778.78
P29348,Hyderabad,Duplex,2562,1,1,4,23,5,Fully Furnished,"['Parking', 'Wi-Fi', 'Garden', 'Swimming Pool', 'Club House']",6.7,1,31711379.51
P67437,Delhi,Apartment,4521,5,2,7,13,8,Semi Furnished,"['Gym', 'Club House', 'Elevator', 'Power Backup', 'Parking']",4.43,10,21986942.34
P82720,Mumbai,Independent House,4711,5,3,1,27,5,Fully Furnished,"['Parking', 'Wi-Fi', 'Power Backup']",3.02,3,45101611.59
P44408,Kolkata,Penthouse,3485,1,2,13,20,19,Semi Furnished,"['Wi-Fi', 'Club House', 'Elevator']",4.45,6,30578777.84
P29986,Chandigarh,Duplex,2885,4,3,9,6,6,Unfurnished,"['Garden', 'Swimming Pool', 'Security', 'Power Backup', 'Elevator']",4.1,3,5477817.18
P91468,Jaipur,Duplex,3320,3,1,17,22,11,Semi Furnished,"['Club House', 'Gym', 'Security']",7.34,1,4198950.27
P68792,Bangalore,Villa,4318,1,4,14,20,6,Unfurnished,"['Parking', 'Security', 'Power Backup', 'Elevator', 'Wi-Fi', 'Garden']",4.44,10,8889426.29
P17664,Chennai,Penthouse,679,2,1,11,29,20,Fully Furnished,"['Swimming Pool', 'Club House', 'Power Backup', 'Parking', 'Wi-Fi']",0.77,6,7302638.53
P51980,Kolkata,Villa,4291,5,3,15,8,15,Fully Furnished,"['Wi-Fi', 'Swimming Pool', 'Security']",8.49,2,5532072.25
P81594,Chandigarh,Villa,3276,5,4,9,24,13,Semi Furnished,"['Club House', 'Gym', 'Power Backup', 'Parking', 'Swimming Pool']",7.96,6,18644956.12
P74763,Delhi,Penthouse,4535,1,3,10,7,18,Semi Furnished,"['Parking', 'Wi-Fi', 'Power Backup']",9.18,9,6438136.45
P99648,Jaipur,Independent House,1324,3,1,14,28,16,Semi Furnished,"['Parking', 'Garden', 'Power Backup', 'Security', 'Gym']",2.4,4,9270200.47
P81730,Bangalore,Apartment,3352,3,3,1,27,16,Semi Furnished,"['Security', 'Garden', 'Gym', 'Parking', 'Wi-Fi']",8.95,7,41688565.21
P40144,Mumbai,Villa,1645,4,1,19,26,3,Unfurnished,"['Elevator', 'Swimming Pool', 'Security', 'Power Backup']",7.29,3,44024420.56
P29302,Ahmedabad,Duplex,4415,4,2,20,16,0,Semi Furnished,"['Garden', 'Security', 'Swimming Pool', 'Power Backup']",1.7,4,41676121.74
P48538,Pune,Independent House,4082,3,3,1,15,1,Semi Furnished,"['Security', 'Club House', 'Elevator', 'Garden']",4.18,5,7397015.48
P24862,Hyderabad,Studio,2958,3,2,8,17,8,Semi Furnished,"['Parking', 'Gym', 'Elevator']",6.88,9,1663956.87
P26205,Jaipur,Villa,4651,3,4,11,8,10,Unfurnished,"['Elevator', 'Club House', 'Wi-Fi', 'Security', 'Parking', 'Swimming Pool']",5.77,6,11671695.24
P91118,Pune,Penthouse,4931,2,3,3,6,2,Unfurnished,"['Parking', 'Power Backup', 'Gym', 'Swimming Pool']",4.5,3,12038811.03
P26635,Jaipur,Independent House,1365,1,2,3,11,8,Unfurnished,"['Power Backup', 'Club House', 'Parking', 'Gym', 'Garden', 'Security']",6.39,4,29512567.65
P59611,Pune,Apartment,1030,4,3,15,19,0,Fully Furnished,"['Elevator', 'Security', 'Power Backup', 'Club House', 'Wi-Fi', 'Garden']",6.16,9,2333397.25
P94075,Hyderabad,Penthouse,1953,4,3,3,17,8,Unfurnished,"['Elevator', 'Security', 'Parking', 'Power Backup', 'Club House', 'Gym']",5.47,10,45436433.4
P104228,Ahmedabad,Independent House,2237,5,4,16,8,14,Fully Furnished,"['Gym', 'Swimming Pool', 'Security', 'Elevator', 'Parking']",3.1,7,35486054.78
P48937,Mumbai,Apartment,4007,1,4,5,7,8,Semi Furnished,"['Gym', 'Parking', 'Power Backup', 'Elevator', 'Wi-Fi', 'Club House']",5.78,9,16355448.81
P31409,Jaipur,Penthouse,4717,3,4,16,26,11,Unfurnished,"['Club House', 'Wi-Fi', 'Elevator', 'Security', 'Garden']",1.45,7,21427722.83
P31979,Delhi,Independent House,3317,2,4,16,19,7,Fully Furnished,"['Gym', 'Garden', 'Swimming Pool']",9.8,8,33162872.95
P50135,Chennai,Studio,1953,3,1,5,19,13,Semi Furnished,"['Security', 'Parking', 'Club House']",5.77,6,39126197.65
P28949,Delhi,Studio,3757,5,3,2,13,5,Semi Furnished,"['Club House', 'Garden', 'Elevator', 'Security', 'Swimming Pool', 'Power Backup']",2.18,1,43366925.5
P34033,Kolkata,Penthouse,1800,5,1,16,20,11,Unfurnished,"['Gym', 'Garden', 'Security', 'Swimming Pool']",4.95,8,23224719.34
P76775,Jaipur,Apartment,3819,2,3,12,7,7,Unfurnished,"['Parking', 'Club House', 'Security', 'Swimming Pool']",7.51,5,18041904.46
P98021,Hyderabad,Villa,1946,3,2,6,9,17,Fully Furnished,"['Swimming Pool', 'Power Backup', 'Security', 'Gym', 'Wi-Fi', 'Parking']",5.3,8,48188828.21
P44807,Jaipur,Apartment,1852,2,3,10,27,19,Fully Furnished,"['Swimming Pool', 'Security', 'Wi-Fi', 'Power Backup', 'Gym', 'Parking']",5.82,8,5767979.68
P89036,Mumbai,Villa,1325,1,2,5,16,4,Fully Furnished,"['Club House', 'Swimming Pool', 'Wi-Fi', 'Power Backup', 'Security']",3.64,7,6895284.38
P42859,Chennai,Penthouse,1102,5,2,19,17,9,Semi Furnished,"['Parking', 'Security', 'Club House', 'Swimming Pool', 'Power Backup']",5.02,7,7179893.37
P11729,Hyderabad,Penthouse,878,3,2,2,14,14,Unfurnished,"['Club House', 'Power Backup', 'Wi-Fi']",3.12,6,19066192.41
P15676,Chandigarh,Independent House,1307,2,2,1,23,0,Unfurnished,"['Gym', 'Parking', 'Elevator', 'Club House']",9.02,8,34502351.69
P97779,Chandigarh,Villa,1569,5,2,9,13,3,Semi Furnished,"['Power Backup', 'Parking', 'Elevator', 'Garden', 'Security']",2.71,8,14815354.56
P73649,Chennai,Duplex,1111,3,1,18,23,15,Fully Furnished,"['Swimming Pool', 'Gym', 'Club House', 'Garden']",8.82,4,6202379.72
P62077,Mumbai,Penthouse,4029,1,2,19,10,7,Fully Furnished,"['Security', 'Parking', 'Elevator']",9.83,8,24033016.38
P57535,Chandigarh,Penthouse,4521,1,2,16,18,7,Semi Furnished,"['Power Backup', 'Wi-Fi', 'Club House']",5.91,8,35044822.55
P80374,Bangalore,Studio,2763,3,1,17,12,6,Unfurnished,"['Wi-Fi', 'Power Backup', 'Parking', 'Gym', 'Club House']",6.02,4,43471834.9
P87279,Bangalore,Apartment,3132,3,1,8,30,5,Unfurnished,"['Garden', 'Elevator', 'Security', 'Wi-Fi']",6.54,6,32200056.52
P69523,Mumbai,Independent House,3424,2,3,9,15,8,Fully Furnished,"['Gym', 'Power Backup', 'Garden']",6.05,4,27679843.75
P19618,Chennai,Studio,3923,3,1,11,15,15,Fully Furnished,"['Parking', 'Gym', 'Power Backup', 'Swimming Pool', 'Security', 'Garden']",9.97,9,35639609.94
P75216,Pune,Independent House,1472,1,1,15,22,17,Fully Furnished,"['Parking', 'Garden', 'Power Backup', 'Swimming Pool', 'Wi-Fi', 'Security']",4.72,3,6976782.77
P73344,Kolkata,Villa,1925,1,1,16,18,5,Semi Furnished,"['Garden', 'Club House', 'Security', 'Gym', 'Swimming Pool']",3.54,7,30577973.44
P108666,Chennai,Duplex,1098,4,1,19,10,14,Fully Furnished,"['Wi-Fi', 'Security', 'Power Backup']",9.12,10,35533570.46
P55685,Pune,Villa,3337,3,4,3,15,3,Unfurnished,"['Garden', 'Power Backup', 'Parking', 'Security', 'Swimming Pool', 'Gym']",5.76,5,48092404.47
P84503,Mumbai,Duplex,2061,3,1,6,24,1,Fully Furnished,"['Elevator', 'Security', 'Power Backup', 'Gym', 'Swimming Pool', 'Club House']",4.2,6,7794861.53
P39410,Jaipur,Penthouse,4812,3,1,15,21,9,Semi Furnished,"['Elevator', 'Gym', 'Power Backup', 'Club House', 'Garden']",5.94,3,15512165.72
P48496,Chandigarh,Duplex,3750,1,1,19,8,10,Semi Furnished,"['Parking', 'Swimming Pool', 'Power Backup']",6.34,7,5182341.61
P18571,Jaipur,Penthouse,2782,5,3,12,13,14,Unfurnished,"['Elevator', 'Power Backup', 'Security', 'Swimming Pool', 'Parking']",9.98,10,40918004.51
P30376,Kolkata,Independent House,2958,1,2,12,17,0,Semi Furnished,"['Security', 'Elevator', 'Garden']",3.7,6,7016208.85
P15722,Chandigarh,Duplex,3761,2,2,13,8,6,Semi Furnished,"['Elevator', 'Garden', 'Security', 'Power Backup', 'Swimming Pool']",1.03,3,36767611.78
P90191,Pune,Independent House,509,3,3,6,21,3,Semi Furnished,"['Parking', 'Power Backup', 'Swimming Pool', 'Gym']",3.42,9,19018444.73
P68064,Chennai,Penthouse,3681,1,1,15,5,18,Unfurnished,"['Elevator', 'Swimming Pool', 'Wi-Fi', 'Parking', 'Power Backup', 'Security']",5.39,4,10712661.66
P29089,Bangalore,Independent House,4375,5,4,11,9,8,Unfurnished,"['Club House', 'Wi-Fi', 'Elevator', 'Swimming Pool', 'Gym', 'Power Backup']",0.61,5,12016470.05
P25279,Jaipur,Apartment,844,3,2,7,22,7,Unfurnished,"['Garden', 'Gym', 'Wi-Fi', 'Club House']",4.53,7,35083206
P78285,Chandigarh,Studio,1867,2,1,7,11,17,Unfurnished,"['Gym', 'Power Backup', 'Club House', 'Elevator']",0.92,10,20090474.99
P81603,Jaipur,Duplex,3893,5,4,17,15,11,Fully Furnished,"['Power Backup', 'Swimming Pool', 'Parking', 'Garden', 'Gym']",1.68,2,7044228.37
P83495,Pune,Villa,1237,5,1,7,5,11,Fully Furnished,"['Garden', 'Security', 'Elevator', 'Power Backup']",0.77,10,29993992.18
P25469,Jaipur,Independent House,4715,5,2,1,12,19,Fully Furnished,"['Swimming Pool', 'Power Backup', 'Security']",7.06,6,14607997.1
P10078,Mumbai,Villa,4233,1,2,1,28,18,Unfurnished,"['Swimming Pool', 'Garden', 'Power Backup', 'Club House', 'Wi-Fi', 'Parking']",4.86,4,30065989.82
P23746,Pune,Studio,843,3,1,8,7,14,Semi Furnished,"['Parking', 'Swimming Pool', 'Club House', 'Garden']",4.96,1,35172949.95
P42997,Jaipur,Studio,4885,2,1,6,24,3,Fully Furnished,"['Power Backup', 'Gym', 'Elevator', 'Wi-Fi', 'Club House', 'Garden']",4.72,6,16111859.6
P44646,Chandigarh,Independent House,2959,4,2,20,14,14,Fully Furnished,"['Parking', 'Gym', 'Elevator']",9.66,5,17263581.67
P23112,Pune,Independent House,2479,4,3,12,12,8,Unfurnished,"['Security', 'Swimming Pool', 'Garden']",7.04,8,4363604.67
P83218,Bangalore,Studio,3184,3,2,13,20,15,Fully Furnished,"['Elevator', 'Club House', 'Power Backup', 'Wi-Fi', 'Garden', 'Parking']",7.72,10,12409827.21
P70815,Bangalore,Villa,2772,4,3,19,19,16,Fully Furnished,"['Security', 'Swimming Pool', 'Gym']",2.69,6,49446754.28
P66808,Kolkata,Villa,2142,4,4,20,20,6,Unfurnished,"['Garden', 'Parking', 'Wi-Fi', 'Security']",1.3,2,37437140.9
P88403,Bangalore,Apartment,1520,1,1,18,30,19,Fully Furnished,"['Gym', 'Parking', 'Power Backup', 'Garden']",6.76,3,18725273.99
P84192,Kolkata,Villa,2133,4,4,1,16,5,Fully Furnished,"['Security', 'Power Backup', 'Garden', 'Swimming Pool', 'Club House', 'Parking']",8.54,1,1514108.02
P85044,Kolkata,Independent House,1879,5,1,12,19,5,Fully Furnished,"['Elevator', 'Garden', 'Wi-Fi', 'Parking', 'Gym', 'Power Backup']",2.63,9,16955764
P93673,Chennai,Penthouse,3253,5,3,3,15,13,Unfurnished,"['Security', 'Club House', 'Swimming Pool', 'Garden']",7.02,10,32625814.38
P86190,Chandigarh,Penthouse,1911,3,4,1,17,7,Fully Furnished,"['Wi-Fi', 'Parking', 'Elevator']",8.6,1,11963615.19
P90262,Mumbai,Apartment,1802,4,2,11,13,20,Unfurnished,"['Security', 'Elevator', 'Parking']",9.16,3,27898666.24
P24850,Kolkata,Independent House,4873,3,1,4,16,5,Semi Furnished,"['Club House', 'Power Backup', 'Security', 'Wi-Fi', 'Garden']",2.76,6,22817214.08
P43485,Chandigarh,Villa,4159,5,4,9,15,13,Fully Furnished,"['Parking', 'Gym', 'Elevator', 'Club House', 'Power Backup', 'Garden']",9.47,10,48780607.18
P79223,Ahmedabad,Penthouse,687,3,2,11,20,7,Fully Furnished,"['Club House', 'Wi-Fi', 'Swimming Pool', 'Security', 'Gym', 'Power Backup']",6.46,2,31437617.9
P58165,Kolkata,Studio,3518,4,1,3,24,12,Unfurnished,"['Club House', 'Gym', 'Security', 'Swimming Pool']",0.9,8,8546742.11
P87454,Chennai,Independent House,3896,4,4,17,15,17,Semi Furnished,"['Security', 'Elevator', 'Gym', 'Club House']",7.47,3,5417904.2
P19456,Kolkata,Independent House,2734,4,4,4,13,12,Fully Furnished,"['Swimming Pool', 'Parking', 'Power Backup', 'Elevator', 'Club House']",1.55,10,28793378.47
P11688,Hyderabad,Villa,3648,1,4,16,21,15,Fully Furnished,"['Parking', 'Security', 'Garden']",9.1,10,2391124.77
P47483,Chennai,Apartment,2889,3,2,14,28,6,Unfurnished,"['Security', 'Elevator', 'Gym']",1.09,5,41785766.71
P42216,Hyderabad,Villa,3167,4,4,15,10,19,Fully Furnished,"['Elevator', 'Club House', 'Gym']",1.89,8,23934755.12
P82244,Bangalore,Penthouse,2238,1,1,3,30,17,Semi Furnished,"['Wi-Fi', 'Elevator', 'Gym']",3.78,3,9079242.15
P33013,Kolkata,Apartment,4783,5,4,16,8,5,Unfurnished,"['Club House', 'Security', 'Swimming Pool', 'Elevator', 'Garden', 'Gym']",6.39,5,4923374.06
P13027,Pune,Apartment,3523,1,1,8,10,1,Fully Furnished,"['Wi-Fi', 'Parking', 'Swimming Pool', 'Gym', 'Power Backup', 'Club House']",8.25,3,46419483.64
P39319,Delhi,Studio,4553,3,4,4,8,10,Fully Furnished,"['Parking', 'Security', 'Wi-Fi', 'Club House']",8.24,4,10589411.52
P24873,Jaipur,Duplex,1491,1,3,12,20,11,Fully Furnished,"['Garden', 'Elevator', 'Gym', 'Power Backup']",7.09,3,32198075.69
P35703,Mumbai,Studio,4166,2,3,5,19,16,Unfurnished,"['Elevator', 'Gym', 'Power Backup', 'Wi-Fi']",3.28,9,1921381.57
P37991,Chandigarh,Duplex,4509,4,4,4,14,4,Fully Furnished,"['Power Backup', 'Gym', 'Security']",0.7,3,2908412.44
P32233,Pune,Apartment,1908,4,3,17,27,19,Fully Furnished,"['Parking', 'Gym', 'Garden', 'Security', 'Club House', 'Power Backup']",9.16,5,5847689.24
P26452,Chennai,Penthouse,1712,1,2,8,20,3,Unfurnished,"['Security', 'Gym', 'Parking', 'Swimming Pool']",3.72,9,38360087.54
P18646,Kolkata,Apartment,4117,5,1,11,29,7,Fully Furnished,"['Power Backup', 'Elevator', 'Wi-Fi', 'Parking', 'Garden']",4.49,1,36349220.53
P78071,Mumbai,Villa,4998,4,1,13,7,11,Fully Furnished,"['Elevator', 'Power Backup', 'Club House', 'Swimming Pool', 'Security']",6.17,4,39122862.8
P99021,Pune,Independent House,3520,3,3,16,8,4,Semi Furnished,"['Club House', 'Parking', 'Swimming Pool', 'Security']",9,5,42016653.3
P74099,Pune,Penthouse,2019,5,3,8,24,12,Semi Furnished,"['Garden', 'Security', 'Swimming Pool']",9.47,1,20406283.49
P94540,Mumbai,Studio,3657,2,4,17,17,16,Fully Furnished,"['Power Backup', 'Swimming Pool', 'Gym']",9.87,7,45963699.84
P56284,Hyderabad,Apartment,2267,2,3,4,19,14,Semi Furnished,"['Parking', 'Wi-Fi', 'Security', 'Power Backup', 'Club House']",7.32,6,11932831.37
P100347,Jaipur,Apartment,3049,5,4,15,29,4,Fully Furnished,"['Club House', 'Wi-Fi', 'Gym', 'Power Backup', 'Elevator', 'Swimming Pool']",7.24,8,11406243.66
P80275,Pune,Penthouse,3931,1,2,18,14,10,Semi Furnished,"['Parking', 'Gym', 'Club House', 'Security', 'Power Backup', 'Swimming Pool']",7.82,8,22914833.38
P30303,Jaipur,Duplex,1295,1,4,15,11,19,Fully Furnished,"['Security', 'Elevator', 'Gym']",4.56,6,42264804.57
P28327,Jaipur,Studio,4363,2,2,7,23,9,Unfurnished,"['Power Backup', 'Club House', 'Security', 'Gym', 'Parking']",7.95,6,20934718.31
P72058,Chennai,Penthouse,2976,5,1,19,23,3,Fully Furnished,"['Power Backup', 'Security', 'Parking', 'Wi-Fi', 'Swimming Pool']",8.32,2,21755835.43
P91700,Chennai,Studio,1363,3,4,5,23,6,Semi Furnished,"['Elevator', 'Swimming Pool', 'Garden']",9.2,8,10945204.25
P32490,Chennai,Penthouse,2628,5,1,2,28,4,Fully Furnished,"['Gym', 'Garden', 'Swimming Pool', 'Elevator', 'Security', 'Parking']",2.32,10,44657944.55
P56516,Kolkata,Apartment,1905,3,3,19,30,2,Unfurnished,"['Garden', 'Parking', 'Club House']",2.13,1,35092659.51
P79948,Hyderabad,Independent House,2914,1,3,8,5,0,Semi Furnished,"['Parking', 'Garden', 'Club House']",7.77,8,27464193.29
P78626,Jaipur,Apartment,4850,2,4,10,24,8,Unfurnished,"['Club House', 'Security', 'Power Backup', 'Swimming Pool', 'Garden', 'Parking']",1.46,4,36427536.97
P66692,Chandigarh,Studio,1580,2,1,4,21,10,Fully Furnished,"['Elevator', 'Club House', 'Wi-Fi', 'Swimming Pool']",1.11,6,34698505.91
P81467,Bangalore,Studio,623,3,4,18,23,3,Semi Furnished,"['Parking', 'Swimming Pool', 'Gym', 'Elevator']",9.22,4,23792424.95
P43874,Ahmedabad,Villa,529,2,2,15,21,10,Unfurnished,"['Gym', 'Security', 'Power Backup', 'Wi-Fi', 'Club House', 'Garden']",5.7,7,32718758.31
P42569,Hyderabad,Penthouse,1710,3,1,6,23,6,Semi Furnished,"['Security', 'Parking', 'Gym', 'Wi-Fi']",5.09,7,35264681.55
P103116,Bangalore,Studio,3715,5,3,1,9,9,Semi Furnished,"['Security', 'Swimming Pool', 'Power Backup', 'Wi-Fi', 'Elevator']",7.63,9,20618820.87
P92206,Jaipur,Apartment,3386,1,2,3,5,10,Semi Furnished,"['Parking', 'Gym', 'Garden', 'Power Backup']",1.51,3,46781971.27
P65420,Ahmedabad,Studio,2029,4,1,6,24,15,Fully Furnished,"['Parking', 'Swimming Pool', 'Wi-Fi']",6.51,8,47130218.34
P76861,Kolkata,Penthouse,4710,3,2,9,26,20,Unfurnished,"['Garden', 'Gym', 'Elevator']",8.99,5,1324888.36
P18188,Jaipur,Duplex,3870,4,1,2,5,2,Semi Furnished,"['Security', 'Elevator', 'Garden']",5.85,10,574963.36
P32591,Mumbai,Duplex,1274,2,1,16,27,11,Unfurnished,"['Power Backup', 'Club House', 'Parking', 'Wi-Fi', 'Gym', 'Garden']",3.56,3,33206007.89
P28390,Jaipur,Studio,3294,5,4,12,6,5,Fully Furnished,"['Elevator', 'Power Backup', 'Security', 'Wi-Fi', 'Garden']",8.2,10,14150369.73
P31716,Chandigarh,Villa,1668,1,1,3,29,10,Semi Furnished,"['Power Backup', 'Elevator', 'Club House', 'Swimming Pool', 'Garden']",1.29,1,27461059.41
P81066,Hyderabad,Independent House,4572,2,1,11,8,13,Fully Furnished,"['Power Backup', 'Wi-Fi', 'Elevator', 'Parking', 'Gym']",6.85,8,22837967.38
P92526,Delhi,Penthouse,3060,1,3,13,19,11,Unfurnished,"['Wi-Fi', 'Parking', 'Security', 'Power Backup']",2.76,7,30247729.54
P71290,Jaipur,Duplex,2574,1,1,11,26,14,Semi Furnished,"['Swimming Pool', 'Parking', 'Wi-Fi', 'Gym', 'Power Backup', 'Club House']",2.4,4,45962893.64
P24322,Jaipur,Independent House,1611,4,2,5,6,12,Fully Furnished,"['Club House', 'Swimming Pool', 'Wi-Fi', 'Elevator', 'Security']",7.16,6,4492498.69
P29539,Pune,Studio,2387,5,4,15,17,13,Fully Furnished,"['Elevator', 'Club House', 'Garden', 'Security', 'Wi-Fi', 'Gym']",8.43,6,6873658.95
P95424,Bangalore,Apartment,4645,5,3,3,26,18,Unfurnished,"['Security', 'Parking', 'Gym', 'Garden', 'Wi-Fi']",4.49,5,9822306.01
P68206,Kolkata,Duplex,3341,1,4,9,12,16,Semi Furnished,"['Gym', 'Garden', 'Parking']",3.42,7,29304767.01
P74252,Delhi,Independent House,2186,2,4,20,8,9,Fully Furnished,"['Security', 'Wi-Fi', 'Swimming Pool', 'Parking']",2.21,10,45820120.27
P21454,Ahmedabad,Independent House,2109,1,1,3,22,2,Fully Furnished,"['Gym', 'Security', 'Wi-Fi', 'Power Backup']",2.72,6,41556162.15
P51427,Ahmedabad,Independent House,1958,5,1,3,30,9,Unfurnished,"['Security', 'Elevator', 'Garden', 'Power Backup', 'Parking']",9.28,5,2387944.54
P44605,Hyderabad,Penthouse,894,4,3,17,7,3,Fully Furnished,"['Swimming Pool', 'Gym', 'Club House', 'Wi-Fi', 'Elevator', 'Security']",2.88,1,34514431.96
P72943,Hyderabad,Penthouse,4184,3,3,20,16,13,Unfurnished,"['Power Backup', 'Elevator', 'Swimming Pool', 'Club House']",3.47,10,14140300.28
P32899,Chennai,Duplex,3901,2,4,13,10,10,Fully Furnished,"['Club House', 'Elevator', 'Parking']",8.63,10,31327627.77
P14927,Bangalore,Duplex,1787,4,3,13,14,8,Unfurnished,"['Parking', 'Club House', 'Power Backup', 'Gym', 'Elevator']",9.32,5,25573563.42
P107637,Pune,Duplex,1797,1,4,10,6,17,Semi Furnished,"['Swimming Pool', 'Elevator', 'Parking', 'Security', 'Power Backup', 'Garden']",2.28,2,11910236.47
P22025,Pune,Apartment,2370,2,1,16,16,12,Semi Furnished,"['Security', 'Club House', 'Parking', 'Wi-Fi', 'Swimming Pool']",7.39,2,20734231.23
P93268,Jaipur,Penthouse,661,1,1,4,7,2,Semi Furnished,"['Garden', 'Power Backup', 'Wi-Fi', 'Parking']",3.53,6,32374864.6
P62320,Kolkata,Villa,1991,2,4,13,6,15,Fully Furnished,"['Club House', 'Wi-Fi', 'Swimming Pool', 'Parking', 'Gym']",0.91,3,30583783.34
P46572,Kolkata,Apartment,2511,5,3,4,18,5,Fully Furnished,"['Garden', 'Swimming Pool', 'Gym', 'Elevator', 'Club House', 'Power Backup']",5.79,10,4155392.11
P102000,Chandigarh,Duplex,4386,2,1,15,9,0,Fully Furnished,"['Garden', 'Swimming Pool', 'Gym']",1.31,9,23721431.75
P98535,Pune,Studio,2062,2,1,19,13,3,Semi Furnished,"['Garden', 'Wi-Fi', 'Elevator']",4.49,4,49944904.53
P85295,Mumbai,Apartment,1248,5,3,13,30,10,Unfurnished,"['Wi-Fi', 'Power Backup', 'Elevator', 'Garden', 'Swimming Pool']",8.33,2,1518307.58
P56550,Ahmedabad,Independent House,2063,3,4,17,26,3,Unfurnished,"['Wi-Fi', 'Elevator', 'Parking', 'Garden']",4.91,9,36581709.88
P82517,Chandigarh,Penthouse,2081,5,2,17,6,15,Unfurnished,"['Power Backup', 'Swimming Pool', 'Parking']",2.76,6,36513597.71
P69490,Pune,Penthouse,688,1,2,11,27,12,Semi Furnished,"['Gym', 'Swimming Pool', 'Club House', 'Parking', 'Power Backup']",7.28,4,47148568.46
P32353,Delhi,Penthouse,683,2,1,6,24,19,Semi Furnished,"['Gym', 'Power Backup', 'Wi-Fi', 'Elevator', 'Garden', 'Club House']",2.53,10,39050995.04
P105198,Pune,Penthouse,4143,1,4,11,10,11,Semi Furnished,"['Swimming Pool', 'Gym', 'Elevator', 'Wi-Fi', 'Security']",7.74,10,5680988.54
P20758,Ahmedabad,Apartment,4860,3,2,11,16,8,Fully Furnished,"['Garden', 'Power Backup', 'Wi-Fi']",5.88,3,10873815.36
P41355,Chandigarh,Penthouse,1077,2,1,15,7,10,Unfurnished,"['Club House', 'Power Backup', 'Parking', 'Elevator']",1.29,9,3866773.83
P75004,Ahmedabad,Duplex,4808,4,3,10,27,9,Semi Furnished,"['Security', 'Swimming Pool', 'Parking', 'Power Backup', 'Club House', 'Garden']",4.18,2,29058399.05
P48349,Pune,Penthouse,2536,2,4,20,23,13,Fully Furnished,"['Power Backup', 'Elevator', 'Security', 'Swimming Pool', 'Club House']",6.59,1,40169174.22
P14628,Bangalore,Studio,4098,4,3,11,13,15,Fully Furnished,"['Gym', 'Elevator', 'Security', 'Power Backup', 'Swimming Pool']",9.27,8,41046546.9
P45714,Bangalore,Independent House,1770,3,3,13,7,12,Fully Furnished,"['Security', 'Wi-Fi', 'Parking']",1.04,7,4918993.22
P60812,Delhi,Apartment,909,2,3,4,27,18,Unfurnished,"['Security', 'Club House', 'Swimming Pool']",9.38,4,2789561.23
P75324,Chandigarh,Independent House,682,1,3,3,22,2,Semi Furnished,"['Garden', 'Swimming Pool', 'Gym', 'Security', 'Parking', 'Elevator']",4.71,8,34739531.78
P107324,Jaipur,Villa,2921,4,3,4,18,0,Semi Furnished,"['Club House', 'Power Backup', 'Swimming Pool', 'Garden', 'Security']",4.91,10,36702777.71
P88338,Hyderabad,Duplex,4785,5,4,14,16,6,Semi Furnished,"['Garden', 'Elevator', 'Power Backup', 'Wi-Fi', 'Gym']",9.21,1,10466821.71
P91214,Chennai,Apartment,4612,2,4,10,18,14,Fully Furnished,"['Elevator', 'Parking', 'Club House', 'Gym', 'Power Backup', 'Garden']",8.9,3,24409525.1
P26514,Mumbai,Studio,1196,5,3,15,14,10,Unfurnished,"['Garden', 'Elevator', 'Power Backup', 'Swimming Pool']",9.97,5,11897399.36
P39125,Pune,Villa,3013,3,3,3,26,7,Unfurnished,"['Gym', 'Security', 'Club House', 'Wi-Fi']",3.03,1,13569236.36
P61942,Delhi,Apartment,2734,3,2,18,19,10,Fully Furnished,"['Swimming Pool', 'Gym', 'Power Backup']",3.25,1,15733014.39
P58790,Kolkata,Duplex,2375,2,2,16,29,16,Unfurnished,"['Parking', 'Swimming Pool', 'Security', 'Elevator', 'Club House']",9.77,8,1661004.13
P84783,Chandigarh,Villa,586,2,3,14,17,7,Fully Furnished,"['Elevator', 'Wi-Fi', 'Swimming Pool']",7.01,7,6647321.61
P90102,Delhi,Penthouse,2865,3,2,2,25,7,Fully Furnished,"['Parking', 'Elevator', 'Security', 'Power Backup', 'Wi-Fi']",3.55,4,25664613.23
P20250,Kolkata,Studio,4729,5,2,1,19,10,Fully Furnished,"['Garden', 'Power Backup', 'Elevator', 'Security', 'Club House']",4.63,8,43313751.23
P68187,Pune,Apartment,1920,5,2,6,10,11,Fully Furnished,"['Parking', 'Garden', 'Security', 'Swimming Pool']",6,8,39487373.34
P59195,Ahmedabad,Studio,3028,5,3,9,28,0,Unfurnished,"['Swimming Pool', 'Club House', 'Garden', 'Elevator']",5.05,9,28736827.21
P85442,Delhi,Penthouse,1421,3,3,1,22,19,Semi Furnished,"['Security', 'Wi-Fi', 'Garden']",0.94,5,17011788.27
P38020,Mumbai,Studio,2397,3,3,14,14,14,Semi Furnished,"['Club House', 'Elevator', 'Gym', 'Security']",7.08,8,42263340.92
P89310,Chennai,Apartment,1927,3,1,19,24,4,Semi Furnished,"['Swimming Pool', 'Power Backup', 'Security', 'Elevator']",6.94,1,771302.9
P73165,Pune,Penthouse,1766,1,4,3,26,3,Unfurnished,"['Elevator', 'Swimming Pool', 'Gym']",3.87,1,12335006.55
P35185,Ahmedabad,Duplex,759,5,1,15,10,10,Fully Furnished,"['Parking', 'Garden', 'Club House', 'Swimming Pool', 'Gym', 'Elevator']",1.38,5,23128923.14
P11855,Delhi,Studio,3900,4,3,11,13,4,Semi Furnished,"['Parking', 'Garden', 'Wi-Fi', 'Elevator']",7.87,6,35891271.48
P100565,Chennai,Penthouse,3528,3,2,17,16,9,Unfurnished,"['Parking', 'Club House', 'Wi-Fi']",3.94,8,29706253.15
P70534,Chennai,Villa,3116,4,2,13,30,3,Semi Furnished,"['Elevator', 'Garden', 'Parking', 'Security']",3.81,5,8183970.62
P17807,Ahmedabad,Penthouse,1316,5,4,8,18,5,Fully Furnished,"['Gym', 'Security', 'Club House', 'Swimming Pool']",9.26,10,43105612.68
P21104,Kolkata,Studio,4601,4,2,11,12,18,Fully Furnished,"['Elevator', 'Wi-Fi', 'Club House', 'Swimming Pool', 'Garden', 'Security']",3.53,4,25796400.01
P107966,Chennai,Duplex,2190,3,2,12,6,20,Unfurnished,"['Power Backup', 'Gym', 'Security', 'Elevator', 'Parking']",9.74,3,11857237.56
P44108,Ahmedabad,Studio,2436,3,2,17,27,2,Semi Furnished,"['Elevator', 'Garden', 'Swimming Pool', 'Wi-Fi', 'Security', 'Parking']",6.66,4,48743984.09
P12425,Delhi,Independent House,838,5,4,2,24,7,Semi Furnished,"['Power Backup', 'Wi-Fi', 'Club House', 'Swimming Pool', 'Elevator', 'Gym']",6.45,1,7799377.68
P61032,Ahmedabad,Independent House,2261,4,2,1,28,5,Unfurnished,"['Club House', 'Security', 'Wi-Fi', 'Elevator', 'Gym']",7.32,10,14095672.62
P65283,Mumbai,Studio,4776,1,4,4,5,12,Fully Furnished,"['Elevator', 'Garden', 'Gym']",4.22,8,38181040.59
P20451,Chandigarh,Villa,960,4,4,5,30,9,Fully Furnished,"['Parking', 'Elevator', 'Swimming Pool']",7.79,10,40776174.26
P23997,Bangalore,Independent House,2306,2,1,17,6,4,Semi Furnished,"['Garden', 'Power Backup', 'Swimming Pool', 'Gym', 'Elevator']",1.3,10,34233027.2
P68505,Hyderabad,Duplex,3968,3,2,11,5,16,Fully Furnished,"['Elevator', 'Security', 'Swimming Pool', 'Wi-Fi']",8.76,4,48851651.88
P80611,Chennai,Villa,3418,2,2,10,23,14,Semi Furnished,"['Gym', 'Parking', 'Elevator', 'Wi-Fi', 'Club House', 'Swimming Pool']",8.99,5,7384914.97
P98361,Kolkata,Villa,1838,3,1,2,21,6,Fully Furnished,"['Club House', 'Garden', 'Wi-Fi']",3.02,10,3052568.01
P22387,Chennai,Duplex,3390,4,2,17,9,9,Semi Furnished,"['Security', 'Power Backup', 'Elevator', 'Swimming Pool', 'Garden', 'Club House']",7.06,4,33573574.12
P16905,Hyderabad,Penthouse,2366,2,4,10,9,10,Semi Furnished,"['Gym', 'Garden', 'Wi-Fi', 'Security', 'Elevator', 'Club House']",8.27,6,4126311.32
P69045,Chennai,Penthouse,968,5,1,5,7,1,Unfurnished,"['Power Backup', 'Garden', 'Swimming Pool', 'Security']",8.47,5,7503318.75
P106835,Hyderabad,Penthouse,819,5,1,13,21,16,Fully Furnished,"['Power Backup', 'Wi-Fi', 'Elevator', 'Club House', 'Swimming Pool']",5.41,2,33793579.66
P106350,Ahmedabad,Villa,1923,3,3,6,29,14,Unfurnished,"['Swimming Pool', 'Wi-Fi', 'Garden', 'Club House', 'Parking', 'Elevator']",2.18,5,5613838.61
P60714,Bangalore,Studio,2222,5,4,13,7,0,Semi Furnished,"['Gym', 'Club House', 'Swimming Pool', 'Power Backup', 'Parking']",4.69,2,25574530.23
P96553,Ahmedabad,Duplex,3622,3,1,16,17,8,Semi Furnished,"['Elevator', 'Garden', 'Security', 'Power Backup', 'Gym', 'Wi-Fi']",8.44,3,19887764.98
P107206,Pune,Independent House,2544,5,4,13,12,19,Semi Furnished,"['Swimming Pool', 'Power Backup', 'Gym', 'Parking']",9.73,3,44276535.65
P28496,Ahmedabad,Villa,3452,1,2,8,16,14,Unfurnished,"['Wi-Fi', 'Garden', 'Power Backup', 'Swimming Pool']",9.53,7,1162499.36
P22467,Ahmedabad,Duplex,3888,2,3,2,9,18,Fully Furnished,"['Gym', 'Club House', 'Parking', 'Wi-Fi', 'Elevator', 'Security']",0.71,7,21699993.65
P98855,Mumbai,Penthouse,1756,1,4,1,28,6,Semi Furnished,"['Power Backup', 'Parking', 'Garden', 'Wi-Fi']",4.44,5,38572591.36
P101359,Kolkata,Penthouse,3166,1,1,6,11,2,Semi Furnished,"['Garden', 'Wi-Fi', 'Club House']",3.86,5,46925883.35
P76564,Kolkata,Studio,508,1,1,4,16,6,Unfurnished,"['Gym', 'Garden', 'Swimming Pool', 'Wi-Fi']",4.61,5,48505838.01
P78696,Jaipur,Duplex,4271,5,1,8,30,18,Semi Furnished,"['Parking', 'Elevator', 'Garden']",5.16,1,45118076.27
P83323,Chandigarh,Villa,882,3,1,7,16,2,Semi Furnished,"['Club House', 'Gym', 'Parking', 'Security']",4.07,10,31235012.97
P56683,Hyderabad,Studio,2717,5,4,3,21,20,Semi Furnished,"['Security', 'Club House', 'Power Backup', 'Swimming Pool']",9.39,4,18687423.44
P93008,Mumbai,Apartment,3020,2,4,16,29,18,Unfurnished,"['Club House', 'Security', 'Elevator', 'Power Backup', 'Wi-Fi', 'Swimming Pool']",9.5,9,40447463.08
P11403,Ahmedabad,Penthouse,2041,3,4,14,23,0,Semi Furnished,"['Power Backup', 'Wi-Fi', 'Club House', 'Gym', 'Parking', 'Elevator']",6.93,7,45374049.37
P65619,Kolkata,Apartment,3529,5,2,1,7,19,Unfurnished,"['Power Backup', 'Swimming Pool', 'Elevator', 'Parking']",9.11,9,18965576.18
P89529,Ahmedabad,Apartment,2124,1,2,13,8,0,Unfurnished,"['Garden', 'Gym', 'Parking', 'Club House']",4.56,1,10981590.31
P66116,Ahmedabad,Penthouse,1717,2,1,4,13,14,Unfurnished,"['Swimming Pool', 'Wi-Fi', 'Elevator', 'Parking', 'Gym']",1.65,1,34737653.64
P57389,Delhi,Penthouse,3433,1,2,4,6,20,Unfurnished,"['Power Backup', 'Swimming Pool', 'Parking', 'Wi-Fi', 'Elevator', 'Club House']",5.08,9,47091956.86
P71617,Jaipur,Independent House,4019,2,3,19,19,10,Semi Furnished,"['Garden', 'Elevator', 'Power Backup', 'Club House']",1.45,6,10819017.54
P99301,Ahmedabad,Penthouse,2589,1,4,11,16,4,Fully Furnished,"['Gym', 'Club House', 'Wi-Fi']",8.18,8,31570093.73
P75481,Bangalore,Independent House,1007,2,4,11,12,2,Fully Furnished,"['Parking', 'Garden', 'Elevator', 'Security']",8.72,10,21369052.53
P30399,Mumbai,Villa,2836,5,3,7,12,7,Fully Furnished,"['Power Backup', 'Gym', 'Swimming Pool', 'Parking', 'Club House', 'Garden']",7.54,10,40212206
P60606,Mumbai,Independent House,2536,3,2,3,24,1,Fully Furnished,"['Elevator', 'Swimming Pool', 'Garden', 'Club House', 'Power Backup']",3.43,4,18869769.05
P76860,Pune,Apartment,4061,3,1,8,8,10,Fully Furnished,"['Security', 'Parking', 'Gym']",5.65,6,12618017.19
P44448,Chennai,Villa,2822,4,1,11,8,8,Unfurnished,"['Power Backup', 'Security', 'Wi-Fi', 'Parking', 'Swimming Pool', 'Club House']",7.21,9,36002766.32
P69753,Hyderabad,Studio,772,4,1,5,18,1,Fully Furnished,"['Power Backup', 'Swimming Pool', 'Wi-Fi']",9.79,6,27398988.9
P95225,Chandigarh,Duplex,4974,5,2,4,5,16,Semi Furnished,"['Parking', 'Gym', 'Garden', 'Club House', 'Wi-Fi', 'Power Backup']",6.94,7,46169894.65
P67688,Delhi,Duplex,4981,2,4,10,5,8,Fully Furnished,"['Security', 'Gym', 'Swimming Pool', 'Garden', 'Club House', 'Parking']",8.36,7,43967933.86
P53662,Bangalore,Studio,3204,2,2,3,26,4,Unfurnished,"['Elevator', 'Garden', 'Parking', 'Swimming Pool', 'Wi-Fi']",8.92,6,38832628.1
P66297,Jaipur,Independent House,2307,3,2,20,29,14,Unfurnished,"['Security', 'Club House', 'Elevator', 'Parking', 'Power Backup']",9.67,9,26731941.05
P57353,Jaipur,Duplex,2471,1,2,17,16,17,Semi Furnished,"['Swimming Pool', 'Garden', 'Club House', 'Gym', 'Elevator', 'Security']",3.51,6,23175126.07
P79466,Hyderabad,Independent House,1904,1,2,7,15,9,Fully Furnished,"['Security', 'Swimming Pool', 'Elevator']",9.57,9,9924756.6
P16978,Chandigarh,Apartment,2709,2,4,17,8,16,Semi Furnished,"['Power Backup', 'Gym', 'Wi-Fi', 'Garden', 'Parking', 'Club House']",1.33,1,49283872.84
P10894,Pune,Independent House,3562,5,3,1,25,6,Semi Furnished,"['Gym', 'Security', 'Garden', 'Power Backup', 'Swimming Pool']",7.16,2,2399271.49
P76546,Hyderabad,Duplex,715,5,4,20,9,9,Semi Furnished,"['Parking', 'Garden', 'Club House']",6.13,4,11229326.26
P10365,Delhi,Apartment,3433,1,1,15,18,4,Unfurnished,"['Parking', 'Security', 'Swimming Pool', 'Club House', 'Garden']",1.86,10,24221256.78
P35978,Kolkata,Apartment,2943,1,1,19,26,13,Semi Furnished,"['Swimming Pool', 'Garden', 'Wi-Fi', 'Power Backup', 'Elevator', 'Club House']",3.13,3,15211004.64
P36325,Chennai,Penthouse,1823,1,2,5,13,17,Unfurnished,"['Power Backup', 'Club House', 'Security', 'Elevator', 'Wi-Fi']",4.34,9,13370649.09
P91430,Chandigarh,Apartment,811,1,4,9,18,0,Unfurnished,"['Gym', 'Parking', 'Swimming Pool', 'Security', 'Club House', 'Elevator']",7.82,9,3617892.88
P96899,Pune,Apartment,2024,5,3,8,21,5,Fully Furnished,"['Wi-Fi', 'Swimming Pool', 'Power Backup']",3.99,9,19666215.16
P93217,Pune,Villa,4022,2,1,8,23,9,Semi Furnished,"['Swimming Pool', 'Garden', 'Gym', 'Security', 'Parking', 'Club House']",1.74,3,4900131.04
P59254,Chandigarh,Apartment,2138,4,1,8,18,1,Fully Furnished,"['Swimming Pool', 'Power Backup', 'Security']",7.01,5,8360026.06
P48610,Kolkata,Duplex,3065,1,3,17,29,15,Fully Furnished,"['Gym', 'Elevator', 'Swimming Pool']",1.17,9,31875415.93
P40635,Chandigarh,Apartment,3895,3,1,12,24,9,Fully Furnished,"['Elevator', 'Power Backup', 'Club House']",0.64,6,29727270.58
P83247,Chennai,Studio,1083,2,4,3,20,11,Unfurnished,"['Security', 'Club House', 'Swimming Pool']",4.11,2,12308246.8
P104054,Kolkata,Duplex,4988,4,1,8,8,5,Semi Furnished,"['Wi-Fi', 'Gym', 'Power Backup']",7.55,10,38081854.42
P93299,Chandigarh,Villa,3828,2,3,10,30,8,Unfurnished,"['Garden', 'Parking', 'Security', 'Wi-Fi', 'Club House', 'Swimming Pool']",3.37,9,26619973.47
P90524,Hyderabad,Apartment,1527,5,1,19,8,19,Fully Furnished,"['Swimming Pool', 'Power Backup', 'Club House']",4.71,5,13364629.11
P67225,Hyderabad,Apartment,1010,1,3,11,12,2,Semi Furnished,"['Gym', 'Power Backup', 'Elevator', 'Garden']",1.48,7,29508900.45
P81868,Hyderabad,Penthouse,3730,1,1,5,9,5,Semi Furnished,"['Club House', 'Swimming Pool', 'Security', 'Garden', 'Parking', 'Power Backup']",5.9,9,12377561.9
P59946,Pune,Duplex,1639,3,1,10,27,11,Unfurnished,"['Club House', 'Parking', 'Elevator', 'Garden', 'Wi-Fi']",3.35,10,33808391.27
P27066,Bangalore,Duplex,2420,3,3,6,17,20,Fully Furnished,"['Garden', 'Gym', 'Power Backup', 'Club House']",8.74,7,41236788.88
P66759,Chandigarh,Apartment,1511,1,3,9,12,17,Unfurnished,"['Wi-Fi', 'Swimming Pool', 'Gym', 'Power Backup', 'Garden', 'Parking']",1.69,4,11343241.18
P75615,Mumbai,Duplex,3382,1,3,10,24,5,Fully Furnished,"['Wi-Fi', 'Security', 'Elevator', 'Club House', 'Swimming Pool', 'Garden']",9.08,2,4005527.11
P56581,Jaipur,Studio,2862,3,1,8,28,16,Fully Furnished,"['Elevator', 'Swimming Pool', 'Power Backup', 'Gym', 'Parking']",3.82,8,21161375.1
P64004,Mumbai,Villa,874,4,4,10,25,4,Semi Furnished,"['Power Backup', 'Parking', 'Wi-Fi', 'Swimming Pool']",4,1,48974665.74
P13360,Mumbai,Independent House,1676,2,4,20,28,8,Unfurnished,"['Garden', 'Wi-Fi', 'Security']",5.02,3,24165978.04
P98590,Chennai,Apartment,2229,4,2,16,11,16,Fully Furnished,"['Swimming Pool', 'Elevator', 'Power Backup', 'Club House']",5.68,6,27785804.96
P75726,Chennai,Villa,3248,1,3,7,27,6,Fully Furnished,"['Parking', 'Power Backup', 'Security']",9.53,5,5125869.26
P43088,Kolkata,Studio,3142,1,3,9,14,6,Semi Furnished,"['Parking', 'Wi-Fi', 'Power Backup', 'Security', 'Swimming Pool', 'Garden']",0.94,2,42631385.75
P12596,Hyderabad,Independent House,1850,2,4,8,6,7,Unfurnished,"['Wi-Fi', 'Parking', 'Garden']",9.35,5,40394235.93
P25664,Jaipur,Villa,2897,4,2,17,25,8,Fully Furnished,"['Wi-Fi', 'Gym', 'Garden', 'Security']",3.22,6,14369457
P44229,Chennai,Independent House,4912,5,3,4,21,17,Fully Furnished,"['Elevator', 'Garden', 'Gym', 'Security', 'Wi-Fi']",8.91,8,41606353.26
P27917,Pune,Penthouse,4359,4,1,19,16,13,Fully Furnished,"['Power Backup', 'Elevator', 'Garden', 'Security', 'Gym', 'Wi-Fi']",0.63,5,43851501.55
P78268,Chandigarh,Studio,2392,3,3,20,13,15,Unfurnished,"['Gym', 'Parking', 'Swimming Pool', 'Garden']",7.7,4,8990616.34
P45390,Chandigarh,Villa,2113,3,3,14,19,2,Semi Furnished,"['Swimming Pool', 'Elevator', 'Wi-Fi']",4.67,2,14039188.79
P96945,Delhi,Villa,2979,1,2,14,12,4,Unfurnished,"['Garden', 'Elevator', 'Club House', 'Security']",3.79,2,14310079.23
P67725,Jaipur,Duplex,4401,2,1,12,14,1,Unfurnished,"['Parking', 'Security', 'Wi-Fi']",4.01,1,31711387.78
P70786,Delhi,Apartment,3834,1,2,6,14,10,Unfurnished,"['Garden', 'Power Backup', 'Club House', 'Wi-Fi', 'Parking', 'Swimming Pool']",0.64,9,3985758.11
P46777,Delhi,Penthouse,2995,2,3,19,9,13,Unfurnished,"['Parking', 'Security', 'Club House', 'Garden']",3.98,9,5149189.93
P79102,Kolkata,Apartment,2959,3,3,11,29,13,Fully Furnished,"['Gym', 'Power Backup', 'Garden', 'Swimming Pool', 'Parking']",8.55,6,25823604.09
P52361,Kolkata,Studio,1114,4,4,19,23,4,Fully Furnished,"['Club House', 'Wi-Fi', 'Swimming Pool', 'Elevator', 'Power Backup']",7.53,2,16206184.39
P47678,Mumbai,Independent House,3669,5,4,6,14,15,Unfurnished,"['Security', 'Parking', 'Swimming Pool', 'Club House']",6.8,3,21020662.22
P64149,Hyderabad,Independent House,3324,4,2,14,27,10,Fully Furnished,"['Power Backup', 'Swimming Pool', 'Garden']",5.11,6,7056117.41
P109107,Mumbai,Apartment,4006,4,4,19,10,20,Unfurnished,"['Club House', 'Power Backup', 'Garden', 'Gym']",6.37,6,19648901.02
P107467,Ahmedabad,Studio,3197,4,2,7,13,18,Unfurnished,"['Swimming Pool', 'Parking', 'Club House', 'Elevator']",8.19,6,47176250.69
P84395,Chandigarh,Penthouse,2764,5,3,13,14,9,Unfurnished,"['Swimming Pool', 'Security', 'Club House', 'Elevator', 'Power Backup']",5.11,7,1401994.17
P82882,Chandigarh,Duplex,2264,3,4,18,27,12,Semi Furnished,"['Swimming Pool', 'Security', 'Garden', 'Club House']",7.34,2,22761899.58
P98679,Delhi,Apartment,3825,5,1,7,24,7,Semi Furnished,"['Gym', 'Elevator', 'Swimming Pool', 'Parking', 'Club House', 'Security']",7.66,5,31927006.54
P41396,Bangalore,Villa,2884,3,3,14,15,2,Semi Furnished,"['Swimming Pool', 'Security', 'Gym', 'Garden', 'Wi-Fi']",2.46,7,39414696.51
P104839,Ahmedabad,Penthouse,3207,1,2,17,19,18,Semi Furnished,"['Club House', 'Garden', 'Elevator', 'Swimming Pool', 'Parking', 'Security']",5.05,7,14039375.82
P23780,Mumbai,Apartment,1890,5,3,15,9,11,Fully Furnished,"['Power Backup', 'Club House', 'Swimming Pool', 'Gym', 'Security', 'Parking']",5.05,9,20432610.49
P54732,Ahmedabad,Duplex,3043,2,1,15,18,15,Fully Furnished,"['Power Backup', 'Parking', 'Gym', 'Security']",1.77,2,49069393.77
P65713,Jaipur,Duplex,3457,5,2,5,23,11,Semi Furnished,"['Security', 'Wi-Fi', 'Club House', 'Parking', 'Garden', 'Power Backup']",4.99,2,49723254.37
P58881,Hyderabad,Independent House,4069,5,1,8,13,11,Unfurnished,"['Parking', 'Club House', 'Swimming Pool']",4.28,8,15605482.91
P22939,Ahmedabad,Independent House,4105,3,1,4,24,2,Fully Furnished,"['Power Backup', 'Elevator', 'Security', 'Wi-Fi', 'Garden', 'Swimming Pool']",8.66,10,21565668.98
P24052,Ahmedabad,Apartment,4855,5,4,16,9,18,Fully Furnished,"['Swimming Pool', 'Security', 'Elevator', 'Garden', 'Wi-Fi']",2.19,10,47544531.46
P27405,Ahmedabad,Penthouse,3045,1,3,18,17,1,Semi Furnished,"['Security', 'Parking', 'Wi-Fi', 'Garden', 'Swimming Pool']",6.79,3,36404278.91
P26366,Mumbai,Independent House,3302,3,1,4,23,18,Unfurnished,"['Security', 'Swimming Pool', 'Gym', 'Wi-Fi']",2.72,5,9684773.06
P66822,Pune,Penthouse,2673,5,3,9,8,6,Unfurnished,"['Gym', 'Garden', 'Wi-Fi', 'Swimming Pool', 'Power Backup']",3.3,5,5334029.65
P14142,Pune,Duplex,3595,4,3,5,5,2,Semi Furnished,"['Garden', 'Security', 'Parking', 'Power Backup', 'Gym']",8.74,7,23866345.46
P71054,Jaipur,Penthouse,3348,2,3,15,28,8,Unfurnished,"['Garden', 'Gym', 'Club House', 'Parking', 'Elevator', 'Power Backup']",2.05,5,32389477.24
P30680,Ahmedabad,Studio,4253,1,3,5,13,17,Unfurnished,"['Club House', 'Parking', 'Swimming Pool', 'Security', 'Gym']",3.2,6,12559820.43
P29030,Chandigarh,Independent House,651,5,4,14,18,19,Unfurnished,"['Gym', 'Power Backup', 'Elevator']",6.41,3,22851931.91
P102368,Ahmedabad,Apartment,716,4,3,5,30,10,Fully Furnished,"['Power Backup', 'Swimming Pool', 'Club House', 'Wi-Fi', 'Security', 'Garden']",3.7,1,46963019.3
P108578,Chennai,Studio,931,2,3,10,29,5,Semi Furnished,"['Elevator', 'Gym', 'Wi-Fi', 'Club House', 'Security']",4.44,9,39457149.09
P52773,Bangalore,Apartment,1706,5,2,5,8,18,Semi Furnished,"['Security', 'Swimming Pool', 'Garden', 'Power Backup', 'Elevator', 'Parking']",7.17,6,17754802.4
P65122,Bangalore,Independent House,820,4,4,6,23,15,Fully Furnished,"['Garden', 'Swimming Pool', 'Parking', 'Elevator', 'Power Backup', 'Security']",8.87,7,40188832.51
P43876,Kolkata,Villa,4718,1,2,20,18,4,Fully Furnished,"['Wi-Fi', 'Garden', 'Gym']",8.02,3,19985125.19
P44072,Chandigarh,Penthouse,987,4,1,16,30,16,Fully Furnished,"['Club House', 'Elevator', 'Parking', 'Swimming Pool', 'Gym', 'Garden']",5.73,1,33408645.83
P54068,Hyderabad,Studio,4628,1,2,15,5,5,Unfurnished,"['Elevator', 'Garden', 'Parking', 'Gym']",4.84,7,818878.6
P87126,Hyderabad,Apartment,1686,2,2,5,28,17,Unfurnished,"['Elevator', 'Club House', 'Swimming Pool', 'Garden']",7.75,6,16918614.86
P67612,Jaipur,Studio,4237,2,1,16,6,20,Unfurnished,"['Elevator', 'Swimming Pool', 'Garden', 'Gym']",9.68,5,42036570.34
P77115,Kolkata,Independent House,2569,4,1,14,29,1,Unfurnished,"['Security', 'Power Backup', 'Swimming Pool', 'Elevator', 'Wi-Fi', 'Parking']",3.13,5,14774663.89
P87381,Hyderabad,Duplex,1622,3,2,20,28,7,Semi Furnished,"['Power Backup', 'Gym', 'Garden', 'Club House']",7.12,7,48341135.59
P38576,Pune,Independent House,2163,1,4,3,22,11,Fully Furnished,"['Power Backup', 'Security', 'Swimming Pool']",6.32,3,41964677.63
P101225,Ahmedabad,Penthouse,2913,2,3,5,29,18,Fully Furnished,"['Security', 'Elevator', 'Club House', 'Swimming Pool', 'Garden']",8.44,2,20495003.5
P29782,Chandigarh,Villa,2502,3,2,6,20,7,Fully Furnished,"['Elevator', 'Wi-Fi', 'Power Backup', 'Garden', 'Gym']",2.51,2,34790848.68
P57135,Hyderabad,Penthouse,935,1,2,6,27,16,Semi Furnished,"['Swimming Pool', 'Security', 'Garden', 'Power Backup', 'Elevator']",1.4,6,5693107.21
P74764,Kolkata,Duplex,866,3,1,9,26,17,Semi Furnished,"['Wi-Fi', 'Power Backup', 'Security']",2.04,7,5652307.07
P68533,Pune,Duplex,3145,5,4,11,25,2,Semi Furnished,"['Elevator', 'Parking', 'Wi-Fi', 'Garden', 'Power Backup', 'Club House']",5.4,2,6443959.83
P53087,Kolkata,Studio,2316,3,4,4,27,10,Semi Furnished,"['Security', 'Wi-Fi', 'Club House', 'Garden', 'Swimming Pool']",6.76,9,4851504.96
P95193,Hyderabad,Duplex,3141,2,4,14,10,20,Semi Furnished,"['Parking', 'Swimming Pool', 'Power Backup']",2.6,4,46067826.17
P18107,Kolkata,Independent House,1697,3,3,19,7,3,Semi Furnished,"['Wi-Fi', 'Garden', 'Club House']",8.82,9,25511319.92
P34704,Kolkata,Villa,585,5,1,9,16,16,Fully Furnished,"['Swimming Pool', 'Elevator', 'Security', 'Gym', 'Club House', 'Garden']",9.44,2,37667627.52
P10206,Kolkata,Villa,721,1,3,11,26,10,Fully Furnished,"['Elevator', 'Wi-Fi', 'Parking']",9.89,10,47949804.15
P104885,Mumbai,Penthouse,4819,5,1,3,20,7,Semi Furnished,"['Gym', 'Security', 'Power Backup', 'Wi-Fi']",6.01,8,35311006.27
P95869,Jaipur,Studio,1027,3,1,6,10,20,Fully Furnished,"['Power Backup', 'Club House', 'Garden', 'Wi-Fi', 'Gym']",7.68,7,2310331.26
P56643,Chennai,Penthouse,3998,1,1,4,6,15,Semi Furnished,"['Club House', 'Swimming Pool', 'Security', 'Power Backup', 'Elevator']",6.7,8,12765882.27
P44712,Chennai,Villa,4540,5,1,18,11,18,Semi Furnished,"['Club House', 'Elevator', 'Swimming Pool']",8.33,3,37176437.36
P16122,Delhi,Apartment,614,1,2,11,15,4,Semi Furnished,"['Wi-Fi', 'Garden', 'Club House', 'Security', 'Swimming Pool', 'Parking']",0.59,4,12608210.5
P20454,Bangalore,Studio,726,2,1,5,6,13,Fully Furnished,"['Power Backup', 'Swimming Pool', 'Wi-Fi', 'Elevator']",5.43,9,30059045.63
P52759,Bangalore,Apartment,2464,3,2,5,8,16,Fully Furnished,"['Elevator', 'Power Backup', 'Security']",5.02,4,32219463.38
P57892,Jaipur,Studio,2711,5,2,11,13,14,Fully Furnished,"['Swimming Pool', 'Garden', 'Gym', 'Power Backup', 'Parking', 'Elevator']",3.61,5,18681000.56
P66090,Kolkata,Villa,4442,3,3,20,14,2,Unfurnished,"['Garden', 'Parking', 'Security', 'Elevator']",4.97,3,2596589.29
P39078,Jaipur,Penthouse,2907,4,4,5,16,16,Semi Furnished,"['Garden', 'Swimming Pool', 'Power Backup', 'Elevator', 'Parking']",9.77,5,47058331.93
P14048,Hyderabad,Duplex,4497,3,2,16,10,10,Fully Furnished,"['Club House', 'Parking', 'Garden', 'Power Backup', 'Wi-Fi']",8.2,4,17332300.67
P20055,Chennai,Apartment,1618,4,4,2,9,18,Unfurnished,"['Garden', 'Wi-Fi', 'Swimming Pool', 'Gym']",4.27,8,16470371.91
P92944,Jaipur,Villa,4739,5,4,11,6,3,Fully Furnished,"['Wi-Fi', 'Power Backup', 'Swimming Pool', 'Garden']",9.5,8,26136108.7
P79671,Chennai,Villa,4759,5,1,18,19,17,Unfurnished,"['Gym', 'Power Backup', 'Parking']",3.37,1,9491631.5
P108715,Mumbai,Independent House,605,4,3,9,23,0,Unfurnished,"['Elevator', 'Club House', 'Wi-Fi', 'Security', 'Gym']",5.68,2,35644218.7
P51077,Kolkata,Villa,4439,4,3,16,14,1,Semi Furnished,"['Power Backup', 'Gym', 'Security', 'Wi-Fi', 'Elevator', 'Garden']",4.98,4,45230113.27
P41871,Mumbai,Studio,1870,1,1,11,15,0,Unfurnished,"['Parking', 'Wi-Fi', 'Swimming Pool', 'Power Backup', 'Elevator', 'Security']",3.33,6,23219772.11
P44190,Hyderabad,Penthouse,2363,4,3,14,16,17,Semi Furnished,"['Club House', 'Garden', 'Elevator', 'Parking', 'Security', 'Gym']",5.56,1,29873078.52
P69095,Pune,Apartment,3734,3,3,15,30,2,Unfurnished,"['Security', 'Club House', 'Parking']",2.58,2,29546264.22
P105738,Mumbai,Duplex,3697,3,3,13,22,12,Unfurnished,"['Club House', 'Gym', 'Parking', 'Wi-Fi', 'Security']",2.9,5,16798620.61
P92125,Chandigarh,Penthouse,3631,2,3,18,5,10,Semi Furnished,"['Security', 'Elevator', 'Gym', 'Power Backup', 'Garden', 'Parking']",4.43,1,24269981.16
P54773,Delhi,Duplex,4713,5,2,5,6,7,Unfurnished,"['Elevator', 'Parking', 'Power Backup']",8.21,10,35462416.91
P82172,Kolkata,Apartment,2775,1,4,12,23,15,Semi Furnished,"['Elevator', 'Security', 'Wi-Fi', 'Parking']",0.54,6,9407640.84
P46633,Chandigarh,Apartment,507,1,4,8,24,17,Semi Furnished,"['Gym', 'Swimming Pool', 'Elevator', 'Security', 'Garden']",7.2,3,18193124.19
P106880,Mumbai,Apartment,2410,3,3,18,9,1,Fully Furnished,"['Garden', 'Swimming Pool', 'Security', 'Gym', 'Wi-Fi', 'Parking']",9.04,7,9875509.41
P18955,Chandigarh,Penthouse,3631,5,3,19,13,1,Unfurnished,"['Wi-Fi', 'Power Backup', 'Parking', 'Swimming Pool', 'Security', 'Garden']",1.07,8,32506641.38
P46116,Hyderabad,Studio,4681,4,4,17,22,17,Unfurnished,"['Gym', 'Security', 'Club House', 'Wi-Fi', 'Parking', 'Swimming Pool']",5.83,3,24595645.24
P99169,Chennai,Apartment,4645,3,4,14,19,5,Fully Furnished,"['Club House', 'Garden', 'Gym']",4.65,8,29548970.93
P39988,Ahmedabad,Apartment,871,5,3,2,17,4,Unfurnished,"['Security', 'Power Backup', 'Wi-Fi', 'Club House', 'Elevator']",1.05,10,15606176.23
P32321,Pune,Apartment,3274,3,1,7,21,18,Unfurnished,"['Wi-Fi', 'Gym', 'Club House', 'Power Backup']",4.88,5,15464177.15
P99591,Mumbai,Duplex,4215,1,3,8,7,12,Fully Furnished,"['Garden', 'Security', 'Elevator']",4.03,1,7043786.83
P108953,Bangalore,Studio,4499,2,1,14,12,2,Semi Furnished,"['Parking', 'Club House', 'Gym', 'Garden', 'Elevator']",8.98,2,43831282.73
P102509,Chennai,Penthouse,1237,3,1,17,11,0,Unfurnished,"['Wi-Fi', 'Swimming Pool', 'Security']",7.88,1,1953178.56
P38854,Chennai,Independent House,2846,4,1,4,5,10,Semi Furnished,"['Power Backup', 'Elevator', 'Swimming Pool']",9.03,1,2844762.92
P78489,Chandigarh,Studio,1144,2,1,15,20,0,Unfurnished,"['Garden', 'Elevator', 'Security', 'Power Backup', 'Parking']",1.2,9,10242061.18
P55313,Mumbai,Villa,1384,2,1,12,29,11,Unfurnished,"['Security', 'Garden', 'Swimming Pool', 'Power Backup']",5.11,7,30887741.92
P50851,Delhi,Duplex,1447,4,4,17,22,4,Semi Furnished,"['Gym', 'Garden', 'Swimming Pool', 'Wi-Fi']",7.01,6,21538101.55
P12435,Jaipur,Independent House,4009,3,4,3,29,0,Semi Furnished,"['Gym', 'Wi-Fi', 'Power Backup', 'Swimming Pool']",7.83,8,36186059.7
P48071,Mumbai,Penthouse,692,1,2,12,8,20,Semi Furnished,"['Power Backup', 'Parking', 'Club House', 'Elevator']",8.41,4,42843539.71
P98013,Chandigarh,Villa,3070,4,2,18,22,7,Unfurnished,"['Gym', 'Elevator', 'Parking', 'Security']",1.26,4,19203183.63
P98388,Bangalore,Apartment,4189,1,3,17,28,18,Semi Furnished,"['Parking', 'Wi-Fi', 'Club House']",3.48,9,37406284.54
P59404,Ahmedabad,Independent House,4204,5,2,6,18,16,Fully Furnished,"['Elevator', 'Security', 'Power Backup', 'Gym', 'Club House']",4.39,7,38468935.41
P62571,Mumbai,Studio,3026,3,3,3,28,12,Semi Furnished,"['Gym', 'Security', 'Elevator']",2.08,7,21037902.64
P15692,Chennai,Independent House,3277,2,4,2,13,2,Semi Furnished,"['Garden', 'Swimming Pool', 'Parking', 'Elevator', 'Gym', 'Power Backup']",3.21,9,44738393.25
P101982,Jaipur,Apartment,2341,5,3,9,5,19,Fully Furnished,"['Garden', 'Security', 'Wi-Fi', 'Parking']",7.17,8,45470335.08
P20853,Mumbai,Apartment,806,2,1,18,15,10,Unfurnished,"['Security', 'Power Backup', 'Wi-Fi', 'Parking', 'Club House', 'Elevator']",1.25,3,45399337.57
P62371,Jaipur,Villa,3962,5,3,5,16,7,Fully Furnished,"['Elevator', 'Wi-Fi', 'Power Backup', 'Swimming Pool', 'Parking', 'Garden']",1.36,1,29450865.4
P52739,Chennai,Independent House,2021,3,1,1,14,6,Unfurnished,"['Swimming Pool', 'Elevator', 'Club House', 'Garden', 'Wi-Fi']",9.56,2,48526524.48
P70957,Bangalore,Duplex,2395,2,1,7,29,11,Fully Furnished,"['Security', 'Gym', 'Power Backup']",5.42,1,22034099.14
P51135,Chennai,Studio,4923,5,3,14,10,14,Unfurnished,"['Wi-Fi', 'Elevator', 'Swimming Pool', 'Garden']",4.2,4,26243170.17
P48301,Pune,Villa,4421,4,4,1,11,10,Unfurnished,"['Security', 'Elevator', 'Gym', 'Garden', 'Wi-Fi']",1.85,1,23696095.01
P35713,Pune,Duplex,4378,3,3,12,23,11,Fully Furnished,"['Gym', 'Parking', 'Security', 'Power Backup']",1.7,6,23783521.57
P90740,Chandigarh,Studio,507,5,1,13,15,6,Fully Furnished,"['Power Backup', 'Garden', 'Gym']",2.41,5,42109425.32
P36363,Hyderabad,Villa,2580,1,1,18,12,14,Semi Furnished,"['Parking', 'Swimming Pool', 'Power Backup', 'Elevator', 'Gym']",4.29,8,10092612.42
P103126,Chennai,Independent House,2405,5,1,14,11,13,Fully Furnished,"['Elevator', 'Wi-Fi', 'Security', 'Garden']",5.13,3,11133660.09
P90043,Chennai,Duplex,2004,1,4,16,18,6,Semi Furnished,"['Power Backup', 'Wi-Fi', 'Club House', 'Garden', 'Parking', 'Gym']",0.56,5,33393562.45
P52227,Delhi,Apartment,4108,3,2,3,6,12,Semi Furnished,"['Security', 'Power Backup', 'Gym', 'Garden', 'Club House', 'Parking']",9.32,1,24658852.99
P35246,Chandigarh,Penthouse,548,1,2,11,28,1,Semi Furnished,"['Gym', 'Power Backup', 'Garden', 'Elevator', 'Swimming Pool']",2.89,9,40375573.34
P94783,Jaipur,Villa,1985,3,3,2,19,16,Semi Furnished,"['Club House', 'Gym', 'Garden', 'Elevator', 'Parking']",8.02,9,15832246.76
P30522,Bangalore,Penthouse,1814,4,1,8,25,2,Semi Furnished,"['Swimming Pool', 'Gym', 'Parking', 'Elevator']",0.58,8,8152675.92
P59960,Chennai,Penthouse,663,1,4,4,13,10,Semi Furnished,"['Security', 'Parking', 'Power Backup']",2.75,10,10206671.58
P101822,Chandigarh,Apartment,2111,3,2,16,17,6,Unfurnished,"['Swimming Pool', 'Wi-Fi', 'Club House', 'Gym', 'Parking', 'Security']",2.68,3,44634327.55
P102536,Ahmedabad,Penthouse,1519,1,1,11,11,13,Semi Furnished,"['Elevator', 'Swimming Pool', 'Club House']",6.77,3,46463016.69
P64892,Chandigarh,Apartment,3011,3,4,15,15,20,Unfurnished,"['Swimming Pool', 'Power Backup', 'Club House']",3.63,9,33397625.77
P54315,Jaipur,Studio,2413,5,4,14,5,9,Semi Furnished,"['Security', 'Elevator', 'Parking', 'Gym']",7.56,10,37228999.54
P72198,Chennai,Villa,4513,1,2,4,6,8,Unfurnished,"['Club House', 'Parking', 'Power Backup']",7.95,1,36582914.65
P98699,Bangalore,Duplex,4356,3,2,16,8,7,Unfurnished,"['Parking', 'Garden', 'Club House', 'Elevator', 'Swimming Pool', 'Gym']",2.46,9,34931232.32
P56293,Pune,Independent House,2085,3,4,1,15,10,Fully Furnished,"['Garden', 'Gym', 'Parking']",9.75,6,36682610.41
P94028,Chennai,Independent House,4551,5,4,3,10,7,Fully Furnished,"['Garden', 'Gym', 'Wi-Fi', 'Parking', 'Swimming Pool']",7.31,4,39736976.91
P53003,Delhi,Duplex,3072,1,4,5,8,7,Fully Furnished,"['Security', 'Club House', 'Garden', 'Gym', 'Parking']",9.23,4,34615743.66
P67307,Jaipur,Duplex,1180,4,3,15,30,1,Semi Furnished,"['Gym', 'Elevator', 'Power Backup', 'Club House', 'Wi-Fi', 'Parking']",1.68,8,28444733.26
P34597,Bangalore,Independent House,2252,5,3,16,6,7,Unfurnished,"['Swimming Pool', 'Parking', 'Garden', 'Club House', 'Gym', 'Security']",6.68,3,26711162.92
P52838,Kolkata,Penthouse,2577,1,3,7,24,2,Unfurnished,"['Gym', 'Power Backup', 'Elevator', 'Swimming Pool', 'Parking']",5.65,4,24044218.19
P87231,Mumbai,Villa,2308,2,1,14,15,18,Semi Furnished,"['Power Backup', 'Wi-Fi', 'Swimming Pool']",5.9,7,26664626.16
P25874,Pune,Penthouse,4140,2,1,9,28,10,Unfurnished,"['Parking', 'Wi-Fi', 'Garden', 'Club House', 'Security']",6.95,8,44405928.36
P46365,Pune,Studio,559,2,2,5,9,20,Semi Furnished,"['Swimming Pool', 'Club House', 'Garden', 'Parking', 'Elevator', 'Wi-Fi']",4.7,5,28824320.04
P23625,Pune,Independent House,1749,2,3,1,6,10,Semi Furnished,"['Club House', 'Power Backup', 'Swimming Pool']",5.62,1,34054664.68
P33276,Kolkata,Independent House,3224,1,4,4,30,13,Unfurnished,"['Power Backup', 'Club House', 'Gym']",9.21,8,42467035.18
P71542,Pune,Independent House,4571,1,2,15,27,1,Semi Furnished,"['Wi-Fi', 'Swimming Pool', 'Elevator', 'Parking']",3.42,6,27468196.15
P76883,Chandigarh,Studio,2587,4,2,15,15,19,Unfurnished,"['Club House', 'Garden', 'Power Backup', 'Parking', 'Elevator']",6.56,3,35644582.2
P61066,Pune,Apartment,4535,1,1,10,24,1,Fully Furnished,"['Club House', 'Gym', 'Parking', 'Power Backup']",1.79,2,22576038.53
P32619,Chennai,Apartment,1273,1,2,10,23,19,Semi Furnished,"['Wi-Fi', 'Club House', 'Power Backup']",2.42,5,4887604.61
P45358,Kolkata,Studio,4403,5,1,9,25,18,Fully Furnished,"['Garden', 'Club House', 'Security']",5.64,3,18015668.83
P57276,Delhi,Apartment,4612,4,1,19,25,9,Semi Furnished,"['Swimming Pool', 'Club House', 'Security', 'Elevator', 'Gym']",2.25,5,925193.87
P86082,Kolkata,Duplex,1656,4,4,15,12,11,Semi Furnished,"['Club House', 'Power Backup', 'Wi-Fi']",6.98,7,1003571.3
P31973,Ahmedabad,Independent House,2600,3,4,6,10,17,Fully Furnished,"['Power Backup', 'Gym', 'Security', 'Club House', 'Elevator', 'Parking']",2.93,8,27031288.19
P73082,Delhi,Villa,4219,2,3,4,8,18,Fully Furnished,"['Parking', 'Club House', 'Wi-Fi']",3.64,6,35338015.43
P28415,Mumbai,Apartment,2413,2,3,19,25,3,Fully Furnished,"['Elevator', 'Swimming Pool', 'Power Backup', 'Garden', 'Parking']",1.03,2,15077168.07
P77264,Chennai,Duplex,1452,5,3,9,24,1,Semi Furnished,"['Elevator', 'Power Backup', 'Swimming Pool']",6.44,1,23616565.69
P42430,Chandigarh,Duplex,1481,3,2,9,11,3,Unfurnished,"['Swimming Pool', 'Security', 'Garden', 'Gym', 'Wi-Fi']",4.38,2,25606173.51
P65297,Pune,Independent House,4463,2,1,19,21,18,Semi Furnished,"['Club House', 'Power Backup', 'Parking', 'Garden']",3.26,1,48692709.34
P59944,Bangalore,Studio,2179,1,4,6,27,11,Semi Furnished,"['Garden', 'Elevator', 'Wi-Fi', 'Power Backup']",3.54,9,5019105.17
P74999,Pune,Penthouse,1448,1,3,14,21,13,Unfurnished,"['Parking', 'Wi-Fi', 'Elevator', 'Garden']",9.97,3,9231926.26
P71642,Mumbai,Independent House,821,2,4,14,19,12,Unfurnished,"['Club House', 'Power Backup', 'Elevator', 'Wi-Fi', 'Security']",7.47,6,9177404.4
P28549,Delhi,Studio,2306,2,2,10,10,9,Semi Furnished,"['Swimming Pool', 'Club House', 'Parking']",7.02,1,11464980.79
P107729,Pune,Independent House,4097,4,4,8,26,8,Semi Furnished,"['Parking', 'Swimming Pool', 'Gym', 'Elevator']",2.02,5,27720772.47
P36520,Chandigarh,Apartment,4888,1,1,6,13,16,Fully Furnished,"['Gym', 'Garden', 'Power Backup', 'Security', 'Parking']",3.53,3,33887822.63
P91596,Chandigarh,Independent House,2942,4,4,1,6,4,Unfurnished,"['Gym', 'Wi-Fi', 'Garden', 'Elevator']",6.5,8,35388656.48
P57325,Mumbai,Apartment,1389,4,3,20,10,5,Fully Furnished,"['Club House', 'Swimming Pool', 'Elevator', 'Wi-Fi']",2.1,4,18933617.54
P28879,Pune,Duplex,2260,4,1,15,10,20,Unfurnished,"['Gym', 'Elevator', 'Security', 'Wi-Fi']",4.45,7,3838779.62
P79150,Pune,Duplex,4467,5,3,1,24,20,Unfurnished,"['Swimming Pool', 'Wi-Fi', 'Parking', 'Club House', 'Garden', 'Gym']",2.88,6,31018182.38
P101106,Bangalore,Villa,2199,3,4,4,22,9,Fully Furnished,"['Parking', 'Elevator', 'Swimming Pool', 'Garden', 'Club House']",4.97,10,36789022.85
P53277,Chandigarh,Villa,3267,5,1,19,30,10,Unfurnished,"['Power Backup', 'Security', 'Wi-Fi', 'Gym', 'Elevator']",6.5,1,38523542.83
P38594,Jaipur,Studio,2535,3,4,14,19,3,Fully Furnished,"['Elevator', 'Garden', 'Power Backup', 'Club House', 'Security']",3.51,8,15820023.63
P25939,Hyderabad,Duplex,1187,4,4,11,13,2,Fully Furnished,"['Power Backup', 'Security', 'Garden', 'Club House']",4.81,4,41497286.11
P44375,Delhi,Independent House,1882,2,2,9,10,6,Semi Furnished,"['Power Backup', 'Club House', 'Elevator', 'Wi-Fi']",9.92,3,19723546.73
P22894,Mumbai,Independent House,3879,5,4,10,18,2,Semi Furnished,"['Club House', 'Parking', 'Wi-Fi', 'Security', 'Garden']",5.39,9,43514849.94
P103959,Delhi,Villa,4410,4,3,13,5,7,Unfurnished,"['Security', 'Parking', 'Power Backup', 'Swimming Pool']",3.24,5,42234830.93
P100817,Mumbai,Studio,1301,5,4,19,19,14,Unfurnished,"['Power Backup', 'Wi-Fi', 'Gym']",1.78,3,26863524.12
P27384,Delhi,Studio,1389,5,1,3,27,10,Semi Furnished,"['Gym', 'Security', 'Elevator', 'Club House']",1.26,2,28911675.06
P103383,Pune,Independent House,4824,3,3,12,19,5,Semi Furnished,"['Power Backup', 'Elevator', 'Wi-Fi', 'Gym', 'Club House']",2.2,3,16192639.3
P14152,Jaipur,Penthouse,3124,5,4,2,22,18,Fully Furnished,"['Gym', 'Club House', 'Garden', 'Elevator', 'Power Backup', 'Wi-Fi']",3.82,1,22748638.55
P25850,Chennai,Villa,3646,2,4,18,5,5,Fully Furnished,"['Elevator', 'Club House', 'Swimming Pool', 'Parking', 'Garden']",2.51,4,43400292.63
P38907,Delhi,Apartment,2907,3,4,3,11,4,Unfurnished,"['Gym', 'Security', 'Elevator', 'Power Backup', 'Parking', 'Club House']",1.98,2,40296300.63
P30185,Jaipur,Independent House,1600,2,3,6,29,20,Semi Furnished,"['Security', 'Garden', 'Club House']",4.5,1,17447309.04
P67927,Delhi,Villa,2741,1,3,3,7,19,Unfurnished,"['Elevator', 'Swimming Pool', 'Gym']",6.94,4,38765030.75
P95118,Delhi,Independent House,4424,1,1,18,13,3,Unfurnished,"['Gym', 'Garden', 'Wi-Fi', 'Elevator', 'Swimming Pool', 'Security']",4.94,5,16724382.52
P55234,Bangalore,Duplex,3906,2,1,18,20,14,Fully Furnished,"['Security', 'Parking', 'Garden', 'Club House']",9.63,4,23708584.93
P45928,Chandigarh,Penthouse,2241,5,4,10,13,16,Unfurnished,"['Elevator', 'Swimming Pool', 'Garden', 'Wi-Fi']",6.74,5,8089240.13
P79107,Jaipur,Penthouse,1984,5,4,1,24,14,Unfurnished,"['Wi-Fi', 'Security', 'Parking', 'Club House', 'Garden', 'Elevator']",9.09,9,10741935.31
P34894,Chandigarh,Duplex,2252,1,3,7,16,17,Unfurnished,"['Parking', 'Gym', 'Swimming Pool', 'Garden']",1.37,4,43967449.41
P12124,Bangalore,Studio,4158,3,3,17,20,4,Unfurnished,"['Parking', 'Garden', 'Security', 'Gym', 'Power Backup']",5.91,10,38802259.28
P47083,Hyderabad,Apartment,2357,3,4,14,26,3,Fully Furnished,"['Parking', 'Club House', 'Garden', 'Security']",7.77,9,25999803.7
P99606,Bangalore,Studio,793,2,3,9,11,18,Unfurnished,"['Elevator', 'Club House', 'Garden']",8.73,2,49803178.36
P62014,Jaipur,Apartment,745,1,4,20,6,16,Unfurnished,"['Power Backup', 'Club House', 'Elevator', 'Wi-Fi', 'Security', 'Parking']",7.77,1,26310103.98
P68079,Hyderabad,Villa,1934,2,1,9,24,2,Semi Furnished,"['Elevator', 'Power Backup', 'Parking', 'Garden', 'Gym', 'Wi-Fi']",1.06,3,8938800.56
P94926,Ahmedabad,Villa,1768,2,2,5,13,2,Fully Furnished,"['Garden', 'Power Backup', 'Swimming Pool', 'Gym', 'Wi-Fi']",8.96,3,48315760.57
P90133,Jaipur,Villa,1150,5,3,20,15,14,Semi Furnished,"['Parking', 'Swimming Pool', 'Wi-Fi', 'Security', 'Power Backup', 'Gym']",1.08,7,17110439.63
P88611,Delhi,Duplex,4193,4,3,18,13,14,Fully Furnished,"['Wi-Fi', 'Security', 'Elevator', 'Gym', 'Swimming Pool', 'Club House']",7.72,7,36526449.71
P46261,Chandigarh,Independent House,4555,4,1,14,29,11,Fully Furnished,"['Club House', 'Wi-Fi', 'Gym', 'Elevator']",6.56,8,31179658.11
P14672,Delhi,Duplex,1026,4,3,2,7,9,Fully Furnished,"['Security', 'Parking', 'Power Backup', 'Garden', 'Swimming Pool']",7.72,6,42404912.85
P14388,Jaipur,Penthouse,2115,1,4,2,24,6,Fully Furnished,"['Wi-Fi', 'Parking', 'Elevator', 'Power Backup']",5.86,8,2237870.87
P74697,Bangalore,Independent House,3053,1,4,15,18,12,Semi Furnished,"['Garden', 'Parking', 'Wi-Fi', 'Swimming Pool', 'Gym']",8.1,8,6949422.46
P60139,Bangalore,Penthouse,3263,5,1,2,23,4,Fully Furnished,"['Swimming Pool', 'Gym', 'Garden', 'Parking', 'Elevator']",2.22,8,37891872.27
P36416,Jaipur,Penthouse,4251,2,1,18,27,5,Semi Furnished,"['Power Backup', 'Swimming Pool', 'Club House', 'Elevator', 'Security', 'Wi-Fi']",1.6,2,32356715.58
P41976,Hyderabad,Apartment,2303,4,1,2,15,3,Fully Furnished,"['Garden', 'Gym', 'Wi-Fi', 'Power Backup']",3.35,4,2822326.01
P77742,Hyderabad,Independent House,3914,2,2,20,24,9,Semi Furnished,"['Wi-Fi', 'Swimming Pool', 'Elevator', 'Power Backup', 'Club House']",9.93,2,13139954.2
P59228,Pune,Penthouse,3384,3,1,17,25,18,Unfurnished,"['Security', 'Swimming Pool', 'Garden']",9.72,9,26390387.55
P59136,Chandigarh,Independent House,3722,2,4,6,19,4,Fully Furnished,"['Security', 'Wi-Fi', 'Parking', 'Garden']",6.87,1,40598494.2
P95982,Jaipur,Independent House,4314,5,1,19,24,19,Fully Furnished,"['Power Backup', 'Gym', 'Elevator', 'Garden', 'Parking']",2.88,2,46698567.46
P98220,Chandigarh,Independent House,3400,1,4,1,28,5,Unfurnished,"['Wi-Fi', 'Power Backup', 'Gym', 'Security', 'Club House']",0.57,4,19405894.84
P92790,Kolkata,Duplex,2846,4,1,11,18,3,Unfurnished,"['Garden', 'Power Backup', 'Elevator', 'Swimming Pool', 'Security', 'Gym']",1.69,3,26692194.45
P46067,Bangalore,Apartment,4451,1,1,8,16,17,Semi Furnished,"['Swimming Pool', 'Club House', 'Wi-Fi']",5.83,6,28542558.73
P94076,Bangalore,Apartment,3083,4,4,13,22,2,Unfurnished,"['Elevator', 'Security', 'Wi-Fi', 'Power Backup', 'Gym', 'Club House']",6.27,1,22960515.64
P26464,Delhi,Studio,3991,1,1,17,27,6,Unfurnished,"['Parking', 'Elevator', 'Wi-Fi', 'Swimming Pool', 'Security']",6.37,10,12461529.98
P19275,Kolkata,Duplex,1569,4,1,12,10,15,Fully Furnished,"['Elevator', 'Club House', 'Wi-Fi', 'Swimming Pool', 'Gym', 'Garden']",9.52,10,44558862.26
P107471,Pune,Villa,4290,3,3,3,5,5,Fully Furnished,"['Parking', 'Security', 'Gym', 'Garden', 'Swimming Pool', 'Power Backup']",5.41,5,4050911.92
P69732,Mumbai,Independent House,4789,1,3,8,29,10,Fully Furnished,"['Garden', 'Power Backup', 'Security', 'Club House', 'Parking']",5.19,5,28204406.26
P21566,Chennai,Independent House,1729,4,4,6,21,2,Unfurnished,"['Elevator', 'Garden', 'Club House']",6.46,9,3756571.96
P38309,Chandigarh,Penthouse,4399,3,1,4,20,13,Fully Furnished,"['Gym', 'Club House', 'Security', 'Parking', 'Wi-Fi']",9.5,4,28513701.67
P32642,Ahmedabad,Studio,1112,5,4,17,14,16,Fully Furnished,"['Swimming Pool', 'Wi-Fi', 'Club House', 'Garden']",3.78,4,41607247.19
P28610,Jaipur,Apartment,4355,2,4,3,8,13,Fully Furnished,"['Elevator', 'Power Backup', 'Security', 'Garden']",2.44,4,2539849.63
P44599,Pune,Studio,597,2,1,20,15,13,Unfurnished,"['Security', 'Garden', 'Club House']",5.53,2,14194379.74
P17910,Pune,Villa,2592,4,3,17,23,2,Fully Furnished,"['Power Backup', 'Garden', 'Gym', 'Security', 'Elevator']",1.7,3,33815037.17
P46513,Jaipur,Villa,3835,4,2,12,8,4,Unfurnished,"['Garden', 'Wi-Fi', 'Swimming Pool', 'Gym', 'Security', 'Elevator']",1.59,1,24175901.81
P42942,Mumbai,Penthouse,2039,2,4,11,24,2,Fully Furnished,"['Wi-Fi', 'Garden', 'Gym', 'Swimming Pool', 'Parking']",5.19,3,27334309.12
P95405,Chandigarh,Independent House,4575,3,1,6,28,0,Unfurnished,"['Security', 'Swimming Pool', 'Wi-Fi', 'Club House', 'Elevator', 'Garden']",3.92,6,43914075.08
P30395,Chandigarh,Independent House,762,2,4,18,15,2,Semi Furnished,"['Elevator', 'Power Backup', 'Security', 'Club House', 'Swimming Pool', 'Parking']",5.48,9,49470010.91
P36896,Pune,Independent House,4823,2,1,1,15,12,Unfurnished,"['Parking', 'Wi-Fi', 'Garden', 'Power Backup', 'Swimming Pool', 'Elevator']",1.05,7,49390111.99
P50590,Bangalore,Duplex,2467,2,2,16,16,9,Unfurnished,"['Parking', 'Security', 'Swimming Pool', 'Power Backup']",9.1,7,36361485.24
P38407,Hyderabad,Independent House,1795,5,2,4,21,3,Semi Furnished,"['Power Backup', 'Security', 'Wi-Fi', 'Elevator', 'Parking', 'Gym']",7.95,7,26914494.81
P29341,Kolkata,Apartment,4157,4,4,8,5,19,Semi Furnished,"['Security', 'Gym', 'Garden']",7.45,2,28080235.69
P29469,Delhi,Penthouse,4161,2,4,9,15,5,Unfurnished,"['Parking', 'Club House', 'Garden', 'Security', 'Swimming Pool']",9.29,4,6407892.54
P53895,Jaipur,Studio,2354,4,4,17,25,4,Semi Furnished,"['Security', 'Garden', 'Club House']",5.08,5,896306.18
P24954,Pune,Independent House,4289,1,2,6,20,11,Fully Furnished,"['Security', 'Elevator', 'Gym', 'Power Backup']",4.68,2,18852092.46
P54606,Chandigarh,Penthouse,4048,5,3,11,30,1,Unfurnished,"['Club House', 'Elevator', 'Wi-Fi', 'Garden']",9.78,10,30650308.79
P63211,Ahmedabad,Apartment,1830,3,2,1,26,13,Fully Furnished,"['Club House', 'Gym', 'Garden']",4.95,4,7777285.07
P32844,Hyderabad,Villa,3435,4,3,14,18,19,Semi Furnished,"['Parking', 'Power Backup', 'Security', 'Gym', 'Garden']",7.76,6,2857552.41
P87475,Delhi,Independent House,2670,2,3,13,30,14,Unfurnished,"['Gym', 'Club House', 'Power Backup', 'Garden', 'Wi-Fi']",6.25,6,19358260.63
P82684,Ahmedabad,Independent House,1681,1,2,16,28,8,Semi Furnished,"['Elevator', 'Garden', 'Club House']",1.91,7,24783001.81
P32949,Chennai,Studio,2193,2,2,19,16,19,Unfurnished,"['Garden', 'Wi-Fi', 'Power Backup', 'Elevator', 'Gym']",2.7,9,12446501.73
P81051,Chennai,Studio,3042,1,4,10,25,6,Fully Furnished,"['Security', 'Elevator', 'Gym']",9,8,36148879.95
P103833,Ahmedabad,Independent House,1379,4,1,12,27,12,Unfurnished,"['Garden', 'Swimming Pool', 'Elevator', 'Wi-Fi', 'Gym']",2.78,9,47521189.52
P10343,Delhi,Villa,658,3,2,6,5,7,Semi Furnished,"['Security', 'Parking', 'Gym']",8.42,9,14500698.02
P16100,Mumbai,Villa,1718,3,1,16,28,9,Semi Furnished,"['Security', 'Club House', 'Elevator']",4.58,5,41112646.34
P60623,Mumbai,Studio,1704,1,3,7,5,1,Unfurnished,"['Power Backup', 'Gym', 'Parking', 'Swimming Pool']",1.17,4,17681148.52
P107172,Hyderabad,Apartment,3030,4,1,20,25,1,Semi Furnished,"['Wi-Fi', 'Parking', 'Gym', 'Swimming Pool', 'Power Backup']",1.42,8,45672096.88
P20145,Kolkata,Duplex,2722,1,1,20,26,12,Fully Furnished,"['Parking', 'Wi-Fi', 'Power Backup', 'Club House']",0.53,5,42152564.88
P90422,Chennai,Villa,1087,4,3,11,11,15,Semi Furnished,"['Wi-Fi', 'Swimming Pool', 'Elevator', 'Parking']",4.26,9,15647795.85
P67460,Delhi,Studio,4719,1,1,1,16,6,Fully Furnished,"['Gym', 'Garden', 'Power Backup', 'Swimming Pool']",4.23,7,12395804.82
P23442,Kolkata,Villa,2265,3,2,18,7,9,Unfurnished,"['Elevator', 'Swimming Pool', 'Garden', 'Club House', 'Gym']",9.52,1,36159511.39
P28694,Ahmedabad,Independent House,3308,5,4,11,27,18,Unfurnished,"['Gym', 'Parking', 'Security']",2.25,1,29111492.48
P96764,Chennai,Penthouse,3730,3,4,16,8,17,Fully Furnished,"['Gym', 'Swimming Pool', 'Garden', 'Club House']",9.61,2,49558848.74
P90518,Delhi,Duplex,4726,3,3,4,8,20,Fully Furnished,"['Power Backup', 'Swimming Pool', 'Club House']",0.5,4,45277318.11
P91129,Ahmedabad,Independent House,1753,2,2,2,17,0,Fully Furnished,"['Garden', 'Gym', 'Security', 'Elevator', 'Parking']",4.42,8,10812953.11
P14210,Chennai,Studio,2345,3,3,7,9,11,Fully Furnished,"['Power Backup', 'Club House', 'Security', 'Wi-Fi']",7.6,9,40218708.35
P43702,Mumbai,Villa,2383,4,4,10,22,1,Semi Furnished,"['Wi-Fi', 'Club House', 'Security']",2.34,5,18556937.72
P80419,Chennai,Penthouse,1611,3,4,13,19,16,Semi Furnished,"['Security', 'Parking', 'Wi-Fi', 'Elevator']",2.56,8,23126659.79
P86595,Hyderabad,Penthouse,1319,1,2,13,11,12,Unfurnished,"['Power Backup', 'Security', 'Gym', 'Club House', 'Swimming Pool', 'Garden']",3.72,6,24108426.13
P105991,Chandigarh,Villa,4468,4,1,1,29,13,Unfurnished,"['Parking', 'Swimming Pool', 'Wi-Fi', 'Security', 'Gym', 'Garden']",5.59,9,16753435.53
P101981,Chennai,Independent House,4958,4,4,16,16,15,Fully Furnished,"['Club House', 'Swimming Pool', 'Power Backup', 'Parking', 'Gym']",7.64,10,37779873.04
P72850,Ahmedabad,Duplex,2595,3,1,3,13,16,Fully Furnished,"['Security', 'Garden', 'Swimming Pool', 'Parking', 'Gym', 'Power Backup']",2.06,4,8187616.39
P42704,Chennai,Penthouse,2208,1,1,14,14,20,Unfurnished,"['Swimming Pool', 'Gym', 'Club House', 'Elevator']",6.8,7,13009558.08
P13154,Delhi,Apartment,2785,4,2,14,11,15,Fully Furnished,"['Club House', 'Garden', 'Power Backup', 'Parking', 'Wi-Fi']",5.17,1,49227227.49
P36085,Chandigarh,Independent House,821,2,2,8,28,18,Semi Furnished,"['Parking', 'Garden', 'Swimming Pool', 'Club House', 'Gym', 'Elevator']",7.25,3,18956428.68
P48140,Kolkata,Villa,1661,2,4,4,16,7,Fully Furnished,"['Power Backup', 'Elevator', 'Parking']",4.25,9,20189054.76
P69175,Jaipur,Penthouse,2757,1,1,13,13,4,Semi Furnished,"['Gym', 'Parking', 'Security', 'Garden']",6.63,10,11415514.59
P85607,Ahmedabad,Apartment,4987,1,2,13,16,4,Unfurnished,"['Club House', 'Power Backup', 'Wi-Fi']",4.56,1,5247387
P32748,Delhi,Duplex,1154,5,4,14,15,3,Fully Furnished,"['Power Backup', 'Swimming Pool', 'Elevator', 'Gym']",8.51,7,24305242.85
P53430,Chennai,Villa,3461,2,4,4,11,13,Semi Furnished,"['Power Backup', 'Gym', 'Security']",1.67,3,6015354.82
P41062,Bangalore,Apartment,1622,4,1,9,6,3,Unfurnished,"['Security', 'Garden', 'Elevator']",1.14,9,45582709.32
P62809,Kolkata,Penthouse,4030,1,4,17,22,18,Semi Furnished,"['Security', 'Elevator', 'Club House', 'Garden']",7.12,8,10975230.48
P26628,Pune,Duplex,3042,2,2,16,23,16,Unfurnished,"['Wi-Fi', 'Security', 'Power Backup']",5.05,10,9700224.46
P80104,Pune,Duplex,2361,3,1,2,29,10,Unfurnished,"['Power Backup', 'Club House', 'Swimming Pool', 'Parking', 'Elevator', 'Gym']",1.24,4,18396353.48
P52233,Hyderabad,Independent House,3853,4,3,18,22,8,Semi Furnished,"['Parking', 'Gym', 'Wi-Fi', 'Security', 'Elevator', 'Garden']",5.13,1,13583437.46
P74660,Chandigarh,Villa,2258,5,4,1,23,4,Fully Furnished,"['Parking', 'Security', 'Garden', 'Wi-Fi', 'Gym', 'Swimming Pool']",6.01,5,38862409.07
P102984,Pune,Studio,767,1,3,3,14,19,Unfurnished,"['Wi-Fi', 'Elevator', 'Security']",4.91,10,17893674.25
P10753,Mumbai,Apartment,895,4,4,7,5,11,Fully Furnished,"['Elevator', 'Security', 'Power Backup']",3.6,7,48176400.67
P13427,Pune,Apartment,836,3,3,11,16,3,Semi Furnished,"['Gym', 'Parking', 'Security', 'Swimming Pool', 'Wi-Fi']",4.91,6,40237211.74
P87957,Delhi,Apartment,4637,2,1,14,20,6,Unfurnished,"['Swimming Pool', 'Security', 'Club House']",7.37,10,12016299.82
P25219,Jaipur,Duplex,1543,4,2,5,9,8,Fully Furnished,"['Garden', 'Parking', 'Power Backup', 'Elevator', 'Swimming Pool', 'Club House']",5.07,9,1619503.17
P56531,Mumbai,Villa,1929,1,3,10,19,4,Unfurnished,"['Parking', 'Garden', 'Wi-Fi']",8.77,2,39155193.41
P57336,Delhi,Duplex,3496,1,1,6,17,13,Semi Furnished,"['Club House', 'Security', 'Garden', 'Power Backup', 'Gym', 'Parking']",5.73,2,49132159.21
P32104,Delhi,Independent House,2183,2,3,17,17,8,Fully Furnished,"['Gym', 'Club House', 'Swimming Pool', 'Wi-Fi', 'Elevator']",6.57,6,27600016.9
P83182,Ahmedabad,Independent House,2678,1,4,11,28,1,Fully Furnished,"['Wi-Fi', 'Garden', 'Power Backup', 'Club House', 'Elevator']",4.66,10,20417089.22
P68680,Chandigarh,Duplex,4596,4,4,7,24,14,Fully Furnished,"['Power Backup', 'Elevator', 'Swimming Pool', 'Parking']",1.99,9,5463487.74
P43086,Kolkata,Penthouse,790,5,4,9,19,18,Semi Furnished,"['Parking', 'Gym', 'Swimming Pool', 'Wi-Fi', 'Club House']",2.29,1,40461492.35
P12522,Hyderabad,Penthouse,3451,3,3,18,30,14,Semi Furnished,"['Elevator', 'Club House', 'Power Backup', 'Parking', 'Gym', 'Garden']",1.27,8,12722337.57
P88207,Mumbai,Apartment,4179,2,1,9,18,2,Fully Furnished,"['Wi-Fi', 'Garden', 'Swimming Pool', 'Security', 'Gym', 'Elevator']",6.31,6,27851711.5
P54554,Mumbai,Independent House,3126,3,4,16,10,13,Semi Furnished,"['Gym', 'Security', 'Parking', 'Wi-Fi']",6.7,4,33092794.92
P104138,Ahmedabad,Duplex,2438,4,1,8,8,12,Unfurnished,"['Elevator', 'Club House', 'Parking', 'Swimming Pool', 'Power Backup']",8.94,1,20532879.71
P51978,Bangalore,Penthouse,4658,1,3,3,10,14,Unfurnished,"['Security', 'Power Backup', 'Club House', 'Swimming Pool', 'Parking']",2.92,6,1487580.58
P19090,Chandigarh,Duplex,4512,4,3,4,15,5,Fully Furnished,"['Security', 'Club House', 'Elevator', 'Power Backup', 'Swimming Pool', 'Garden']",3.51,10,13281115.76
P84895,Pune,Independent House,1740,2,3,7,29,3,Fully Furnished,"['Wi-Fi', 'Parking', 'Gym']",3.92,6,44760026.79
P71753,Delhi,Apartment,1545,2,4,15,20,13,Unfurnished,"['Security', 'Power Backup', 'Parking']",2.98,1,42483676.41
P104211,Jaipur,Duplex,2599,2,4,19,24,16,Unfurnished,"['Swimming Pool', 'Parking', 'Security', 'Elevator', 'Power Backup']",4.37,10,24587670.26
P95569,Jaipur,Apartment,4251,2,2,13,30,11,Fully Furnished,"['Club House', 'Garden', 'Parking']",2.78,2,21945441.72
P50235,Mumbai,Independent House,3621,3,3,14,22,11,Fully Furnished,"['Wi-Fi', 'Parking', 'Power Backup', 'Swimming Pool', 'Garden']",2.29,9,10166811.28
P42152,Hyderabad,Duplex,738,5,1,7,25,11,Unfurnished,"['Wi-Fi', 'Power Backup', 'Elevator', 'Club House', 'Garden']",9.45,4,31561599.92
P22736,Jaipur,Villa,1456,5,1,6,10,4,Semi Furnished,"['Gym', 'Swimming Pool', 'Wi-Fi', 'Security']",6.82,2,2587984.45
P58348,Kolkata,Villa,3582,3,4,13,15,14,Unfurnished,"['Power Backup', 'Garden', 'Elevator']",3.58,4,30691118.28
P62288,Kolkata,Independent House,1864,3,4,1,19,9,Semi Furnished,"['Club House', 'Garden', 'Parking', 'Wi-Fi', 'Gym']",5.13,3,41803175.05
P85448,Mumbai,Penthouse,3516,5,2,3,17,11,Fully Furnished,"['Swimming Pool', 'Wi-Fi', 'Club House', 'Gym', 'Power Backup']",3.76,10,841498.71
P89306,Ahmedabad,Villa,3246,3,3,14,26,4,Fully Furnished,"['Gym', 'Power Backup', 'Swimming Pool']",3.43,6,17056031.98
P44577,Ahmedabad,Duplex,2467,1,4,5,28,11,Fully Furnished,"['Wi-Fi', 'Elevator', 'Swimming Pool', 'Gym', 'Power Backup', 'Parking']",3.09,5,24083157.1
P80777,Kolkata,Apartment,986,3,3,12,12,10,Unfurnished,"['Parking', 'Power Backup', 'Elevator', 'Club House', 'Swimming Pool', 'Wi-Fi']",4.32,7,27695936.29
P31961,Chandigarh,Penthouse,3011,2,3,11,15,6,Unfurnished,"['Swimming Pool', 'Elevator', 'Wi-Fi', 'Parking', 'Gym']",9.69,8,26792758.28
P52205,Jaipur,Apartment,4253,3,1,12,30,9,Semi Furnished,"['Garden', 'Gym', 'Wi-Fi']",6.5,7,4908267.07
P77449,Chandigarh,Independent House,4128,2,4,11,29,0,Unfurnished,"['Garden', 'Power Backup', 'Club House', 'Swimming Pool', 'Gym', 'Wi-Fi']",5.57,8,24159981.84
P77354,Delhi,Penthouse,2600,4,1,9,11,17,Fully Furnished,"['Power Backup', 'Wi-Fi', 'Swimming Pool', 'Garden', 'Parking', 'Elevator']",3.72,9,12593606.19
P46866,Chennai,Penthouse,4129,4,1,1,13,0,Semi Furnished,"['Club House', 'Wi-Fi', 'Security', 'Power Backup']",6.9,2,27641741.64
P48452,Chennai,Independent House,2530,3,4,8,17,7,Fully Furnished,"['Parking', 'Wi-Fi', 'Security', 'Garden', 'Gym', 'Swimming Pool']",2.65,1,4857932.07
P79687,Kolkata,Duplex,3298,2,4,13,21,1,Fully Furnished,"['Security', 'Gym', 'Club House', 'Garden', 'Power Backup', 'Parking']",3.56,4,40252211.48
P35846,Pune,Independent House,2112,4,3,8,11,10,Fully Furnished,"['Power Backup', 'Elevator', 'Gym', 'Parking']",2.08,1,10305816.44
P48770,Bangalore,Apartment,3287,3,3,7,14,7,Semi Furnished,"['Club House', 'Power Backup', 'Gym']",5.01,2,24603128.66
P73232,Chennai,Studio,1142,4,1,8,17,4,Fully Furnished,"['Security', 'Power Backup', 'Swimming Pool']",3.44,7,35551212.9
P109635,Pune,Apartment,4029,3,1,14,7,17,Unfurnished,"['Club House', 'Swimming Pool', 'Power Backup', 'Wi-Fi', 'Elevator']",6.76,6,36928209.6
P92210,Delhi,Penthouse,886,4,4,17,20,15,Unfurnished,"['Club House', 'Gym', 'Wi-Fi']",5.23,1,36068994.89
P71521,Kolkata,Villa,3764,3,2,16,6,11,Unfurnished,"['Club House', 'Security', 'Power Backup', 'Parking', 'Elevator']",6.1,9,27504009.27
P57927,Pune,Villa,2318,2,1,10,14,15,Fully Furnished,"['Parking', 'Garden', 'Elevator', 'Club House', 'Gym']",7.62,1,6889885.51
P65446,Bangalore,Duplex,4910,4,2,4,15,8,Semi Furnished,"['Gym', 'Swimming Pool', 'Security']",4.2,8,14023439.91
P78104,Delhi,Independent House,1999,5,1,14,22,9,Unfurnished,"['Garden', 'Swimming Pool', 'Club House']",9.8,6,48414816.66
P33712,Kolkata,Apartment,4702,4,1,18,9,13,Unfurnished,"['Wi-Fi', 'Security', 'Power Backup', 'Elevator', 'Club House']",7.66,1,20183374.87
P34112,Chandigarh,Duplex,3424,1,4,10,8,10,Fully Furnished,"['Gym', 'Garden', 'Security', 'Wi-Fi', 'Parking']",2.77,1,5232926.75
P104762,Kolkata,Apartment,737,4,3,16,29,11,Unfurnished,"['Elevator', 'Power Backup', 'Gym', 'Parking']",8.95,1,13965287.53
P60434,Ahmedabad,Villa,4017,4,1,2,30,16,Semi Furnished,"['Power Backup', 'Parking', 'Gym', 'Security', 'Swimming Pool', 'Club House']",1.76,5,46835556.24
P39645,Bangalore,Duplex,2936,4,4,18,12,15,Semi Furnished,"['Elevator', 'Security', 'Parking', 'Gym', 'Garden', 'Club House']",8.42,3,45368188.94
P84715,Chandigarh,Villa,3270,3,2,4,6,3,Fully Furnished,"['Elevator', 'Garden', 'Parking']",6.74,6,40868083.67
P64016,Bangalore,Villa,1741,5,3,11,18,2,Fully Furnished,"['Wi-Fi', 'Gym', 'Club House', 'Parking', 'Power Backup', 'Garden']",5.46,3,46402919.03
P100133,Chandigarh,Studio,4518,3,2,20,30,15,Unfurnished,"['Security', 'Garden', 'Parking', 'Swimming Pool', 'Club House', 'Gym']",2.47,5,35409851.93
P48999,Ahmedabad,Independent House,2432,3,4,14,25,10,Fully Furnished,"['Garden', 'Wi-Fi', 'Gym', 'Swimming Pool', 'Parking']",2.26,10,21760186.5
P30544,Delhi,Duplex,1307,4,3,8,14,7,Semi Furnished,"['Gym', 'Club House', 'Garden', 'Elevator', 'Swimming Pool', 'Security']",8.94,2,867875.07
P11286,Chandigarh,Villa,1577,2,3,14,20,11,Semi Furnished,"['Security', 'Parking', 'Garden', 'Gym', 'Wi-Fi']",6.23,6,15344513.06
P47578,Chennai,Independent House,3940,2,1,13,8,4,Fully Furnished,"['Parking', 'Security', 'Garden']",1.3,5,39285282.77
P69506,Kolkata,Independent House,4126,4,2,13,23,13,Semi Furnished,"['Elevator', 'Gym', 'Power Backup']",7.12,2,41349973.42
P74221,Chandigarh,Apartment,3020,5,3,5,11,10,Fully Furnished,"['Parking', 'Gym', 'Club House', 'Elevator', 'Security', 'Garden']",1.92,4,8540206.91
P25767,Jaipur,Independent House,4458,3,2,11,27,8,Unfurnished,"['Elevator', 'Wi-Fi', 'Parking', 'Garden', 'Swimming Pool', 'Security']",2.28,5,43557550.72
P39671,Jaipur,Independent House,618,1,1,12,24,4,Fully Furnished,"['Garden', 'Parking', 'Security', 'Club House', 'Wi-Fi']",6.59,5,44119619.04
P74998,Jaipur,Duplex,4510,5,4,5,28,5,Semi Furnished,"['Garden', 'Club House', 'Security', 'Power Backup', 'Wi-Fi']",5.38,3,17742126.85
P38658,Hyderabad,Penthouse,4939,1,1,3,16,7,Fully Furnished,"['Security', 'Club House', 'Garden', 'Wi-Fi', 'Power Backup', 'Gym']",5.75,5,43238107.49
P52630,Bangalore,Duplex,2771,2,1,8,6,11,Unfurnished,"['Security', 'Power Backup', 'Wi-Fi', 'Parking', 'Garden']",6.89,5,30129089.63
P76234,Chandigarh,Studio,4490,3,2,17,8,16,Unfurnished,"['Security', 'Gym', 'Swimming Pool', 'Elevator']",3.18,8,48262717.19
P32635,Kolkata,Studio,1776,5,1,16,23,0,Fully Furnished,"['Swimming Pool', 'Power Backup', 'Garden', 'Gym', 'Elevator', 'Club House']",4.96,4,11183881.11
P94516,Mumbai,Duplex,601,2,1,8,11,20,Unfurnished,"['Power Backup', 'Gym', 'Garden', 'Swimming Pool', 'Elevator', 'Parking']",4.85,3,24406371.93
P40124,Delhi,Duplex,1270,5,3,8,19,4,Semi Furnished,"['Swimming Pool', 'Wi-Fi', 'Elevator', 'Security']",4.71,4,8010915.62
P75487,Chennai,Penthouse,4342,5,3,13,17,9,Fully Furnished,"['Wi-Fi', 'Garden', 'Gym', 'Parking', 'Elevator', 'Security']",5.83,8,36487714.59
P106492,Jaipur,Independent House,3266,3,2,4,17,8,Semi Furnished,"['Parking', 'Gym', 'Power Backup', 'Garden']",0.95,2,47882570.32
P64056,Delhi,Villa,3614,4,3,19,6,10,Fully Furnished,"['Power Backup', 'Elevator', 'Wi-Fi']",3.35,2,4651054.46
P29088,Chandigarh,Apartment,4606,1,4,20,29,10,Unfurnished,"['Swimming Pool', 'Club House', 'Security', 'Gym', 'Garden', 'Elevator']",0.86,8,32467407.01
P32683,Jaipur,Independent House,3714,2,4,10,15,18,Unfurnished,"['Club House', 'Gym', 'Elevator', 'Garden', 'Swimming Pool', 'Power Backup']",0.73,1,46840030.61
P33431,Jaipur,Penthouse,3368,3,2,1,8,5,Semi Furnished,"['Wi-Fi', 'Elevator', 'Swimming Pool', 'Security']",6.61,10,17574071.91
P97052,Chennai,Apartment,1466,4,4,18,22,8,Semi Furnished,"['Security', 'Wi-Fi', 'Garden', 'Elevator']",9.4,5,45756396.4
P72877,Chennai,Apartment,1808,5,4,6,23,7,Unfurnished,"['Gym', 'Club House', 'Swimming Pool']",6.84,5,37001201.21
P86644,Ahmedabad,Villa,1986,1,3,5,6,0,Fully Furnished,"['Swimming Pool', 'Parking', 'Power Backup', 'Elevator', 'Security']",0.9,1,3216498.49
P28399,Delhi,Apartment,4405,4,1,1,7,7,Unfurnished,"['Security', 'Elevator', 'Wi-Fi']",5.31,1,3343587.76
P32413,Bangalore,Studio,682,3,3,12,16,17,Semi Furnished,"['Wi-Fi', 'Garden', 'Power Backup', 'Swimming Pool', 'Security']",7.94,5,5459918.49
P106165,Mumbai,Villa,3129,2,4,14,8,18,Semi Furnished,"['Power Backup', 'Security', 'Wi-Fi']",8.43,3,43063841.16
P105808,Hyderabad,Independent House,3421,3,4,19,14,6,Semi Furnished,"['Swimming Pool', 'Elevator', 'Security', 'Power Backup', 'Parking', 'Club House']",3.59,6,10514907.67
P22315,Delhi,Duplex,1888,4,1,13,14,2,Semi Furnished,"['Parking', 'Wi-Fi', 'Security', 'Power Backup', 'Gym']",0.85,2,46016979.59
P28200,Kolkata,Villa,1953,5,3,6,8,2,Fully Furnished,"['Power Backup', 'Gym', 'Parking', 'Security', 'Wi-Fi']",6.42,4,25120609.12
P103858,Kolkata,Apartment,2234,1,2,6,17,0,Fully Furnished,"['Club House', 'Parking', 'Garden', 'Security', 'Wi-Fi', 'Gym']",0.53,2,18087074.8
P26498,Chandigarh,Duplex,1727,4,1,20,20,0,Fully Furnished,"['Parking', 'Security', 'Gym', 'Club House']",1.94,10,18260699.76
P87793,Pune,Penthouse,2435,5,1,10,20,2,Fully Furnished,"['Gym', 'Swimming Pool', 'Parking']",2.31,1,48180163.29
P13121,Pune,Independent House,4985,5,4,19,6,9,Semi Furnished,"['Gym', 'Garden', 'Wi-Fi', 'Power Backup', 'Elevator']",2.05,6,38156304.19
P65581,Jaipur,Duplex,2636,2,4,19,26,20,Unfurnished,"['Wi-Fi', 'Club House', 'Elevator', 'Garden', 'Gym', 'Swimming Pool']",1.95,2,33456935.97
P104423,Ahmedabad,Apartment,1005,5,4,2,12,7,Unfurnished,"['Elevator', 'Gym', 'Parking', 'Security', 'Wi-Fi', 'Garden']",3.68,7,2885559.09
P44860,Ahmedabad,Penthouse,1833,4,2,18,5,16,Unfurnished,"['Wi-Fi', 'Parking', 'Swimming Pool', 'Club House', 'Elevator']",4.55,7,40002409.61
P83092,Chennai,Penthouse,3771,3,4,11,24,15,Semi Furnished,"['Wi-Fi', 'Swimming Pool', 'Security']",7.8,7,38061210.35
P81322,Chandigarh,Independent House,1085,2,4,13,14,7,Semi Furnished,"['Power Backup', 'Garden', 'Parking', 'Swimming Pool']",4.64,7,15213760.5
P97006,Mumbai,Independent House,1898,4,3,2,9,12,Semi Furnished,"['Gym', 'Swimming Pool', 'Elevator']",0.95,8,13536503.87
P42795,Chennai,Penthouse,4497,1,1,2,15,6,Fully Furnished,"['Parking', 'Power Backup', 'Gym', 'Elevator']",0.65,3,5786292
P30414,Chandigarh,Apartment,1730,5,2,12,30,9,Unfurnished,"['Power Backup', 'Parking', 'Gym', 'Swimming Pool', 'Garden']",7.35,7,3897516.36
P37172,Delhi,Villa,4793,5,3,19,18,7,Fully Furnished,"['Club House', 'Swimming Pool', 'Elevator']",1.33,8,4315622.65
P29625,Hyderabad,Villa,1411,2,2,17,10,7,Semi Furnished,"['Garden', 'Security', 'Wi-Fi', 'Gym', 'Power Backup', 'Elevator']",2.06,1,2286583.33
P26012,Jaipur,Penthouse,2734,2,3,11,16,14,Unfurnished,"['Club House', 'Parking', 'Gym', 'Security']",1.82,4,47900323.53
P92657,Mumbai,Villa,1747,1,4,3,6,3,Fully Furnished,"['Power Backup', 'Elevator', 'Garden', 'Swimming Pool']",9.49,4,2406412.87
P50616,Chennai,Duplex,2071,5,3,7,28,4,Fully Furnished,"['Parking', 'Garden', 'Club House', 'Wi-Fi']",1.67,5,22993742.3
P60870,Chennai,Duplex,1069,2,4,2,24,1,Unfurnished,"['Elevator', 'Wi-Fi', 'Security', 'Parking', 'Gym', 'Power Backup']",4.41,1,16954641.9
P75401,Kolkata,Apartment,1705,4,1,6,18,5,Semi Furnished,"['Swimming Pool', 'Parking', 'Elevator', 'Garden', 'Wi-Fi']",7.69,2,9117301.22
P42055,Chandigarh,Studio,4328,3,4,17,9,5,Semi Furnished,"['Garden', 'Swimming Pool', 'Wi-Fi', 'Elevator', 'Security']",3.11,10,8674083.48
P106148,Mumbai,Studio,4374,5,2,12,12,13,Semi Furnished,"['Gym', 'Power Backup', 'Elevator', 'Club House', 'Parking', 'Wi-Fi']",5.52,4,47711508.81
P78906,Hyderabad,Apartment,2781,1,1,12,6,12,Fully Furnished,"['Club House', 'Garden', 'Elevator', 'Parking', 'Swimming Pool', 'Wi-Fi']",6.91,1,3996476.51
P10403,Jaipur,Villa,1150,3,4,17,14,2,Fully Furnished,"['Security', 'Power Backup', 'Club House']",2.85,2,33677136.27
P92742,Chennai,Studio,4572,2,4,16,21,5,Semi Furnished,"['Power Backup', 'Wi-Fi', 'Parking', 'Garden', 'Swimming Pool']",6.05,1,17386992.86
P42511,Hyderabad,Villa,3341,3,2,6,8,4,Semi Furnished,"['Security', 'Swimming Pool', 'Wi-Fi', 'Garden', 'Elevator']",4.59,3,19032429.15
P94682,Delhi,Villa,4574,2,2,6,12,14,Unfurnished,"['Swimming Pool', 'Security', 'Club House', 'Garden']",9.96,7,37974841.94
P48964,Delhi,Duplex,839,3,3,19,14,15,Semi Furnished,"['Power Backup', 'Parking', 'Elevator']",4.87,2,21518106.12
P18487,Jaipur,Studio,1847,1,2,19,20,0,Fully Furnished,"['Club House', 'Elevator', 'Wi-Fi']",8.87,3,6858104.78
P94360,Delhi,Duplex,591,1,4,11,23,4,Fully Furnished,"['Wi-Fi', 'Elevator', 'Power Backup']",0.51,1,3534629.62
P13741,Chennai,Independent House,3605,3,2,9,29,11,Fully Furnished,"['Club House', 'Swimming Pool', 'Wi-Fi', 'Elevator', 'Gym', 'Security']",2.04,8,14184961.84
P84616,Ahmedabad,Studio,588,4,4,2,26,17,Semi Furnished,"['Elevator', 'Club House', 'Gym', 'Power Backup']",3.09,4,43677249.38
P63167,Pune,Apartment,1799,4,4,8,18,2,Semi Furnished,"['Club House', 'Elevator', 'Parking', 'Wi-Fi', 'Garden', 'Power Backup']",8.37,5,7084835.21
P69664,Delhi,Duplex,4127,4,1,12,7,19,Unfurnished,"['Power Backup', 'Club House', 'Parking', 'Elevator']",3.02,1,48438938.08
P60711,Chandigarh,Independent House,2780,3,3,10,18,14,Fully Furnished,"['Security', 'Gym', 'Parking', 'Power Backup', 'Garden']",1.14,8,47088435.04
P83412,Hyderabad,Independent House,1386,3,3,13,11,20,Fully Furnished,"['Swimming Pool', 'Gym', 'Wi-Fi', 'Security', 'Garden']",5.37,7,8425907.05
P31616,Chennai,Villa,3594,4,4,9,26,3,Fully Furnished,"['Swimming Pool', 'Power Backup', 'Security', 'Garden', 'Wi-Fi', 'Elevator']",8.2,6,39717634.3
P11327,Jaipur,Studio,4747,2,1,2,28,1,Semi Furnished,"['Security', 'Garden', 'Elevator', 'Wi-Fi']",8.41,3,3311557.34
P55912,Ahmedabad,Penthouse,4175,3,1,14,23,10,Unfurnished,"['Power Backup', 'Gym', 'Elevator', 'Wi-Fi']",0.84,2,7531019.47
P63381,Pune,Studio,3347,1,4,8,7,18,Semi Furnished,"['Garden', 'Security', 'Elevator']",9.69,2,13179801.28
P33526,Jaipur,Apartment,1212,5,1,6,7,14,Unfurnished,"['Elevator', 'Wi-Fi', 'Parking']",9.54,3,49599224.91
P24903,Delhi,Apartment,1556,3,3,16,28,12,Fully Furnished,"['Club House', 'Gym', 'Security']",2,9,27423843.08
P72706,Chandigarh,Duplex,2681,5,2,13,16,13,Unfurnished,"['Security', 'Swimming Pool', 'Gym', 'Wi-Fi']",2.42,6,49234576.72
P17152,Pune,Independent House,1437,3,2,1,21,7,Fully Furnished,"['Gym', 'Power Backup', 'Parking']",8.19,7,5011305.44
P89640,Mumbai,Duplex,1595,3,1,3,29,13,Fully Furnished,"['Parking', 'Swimming Pool', 'Wi-Fi', 'Garden']",5.88,1,5351690.81
P88839,Chandigarh,Villa,3347,5,1,14,27,18,Unfurnished,"['Garden', 'Gym', 'Parking']",9.1,1,15369970.42
P53897,Delhi,Penthouse,1224,2,2,18,29,5,Fully Furnished,"['Elevator', 'Club House', 'Parking', 'Security', 'Power Backup']",6.45,1,12854961.34
P26413,Chennai,Studio,4081,2,3,17,13,14,Semi Furnished,"['Security', 'Garden', 'Gym', 'Wi-Fi', 'Power Backup']",2.81,1,18690323.71
P12362,Kolkata,Villa,1089,2,4,16,11,1,Semi Furnished,"['Parking', 'Club House', 'Power Backup', 'Security', 'Wi-Fi']",3.11,3,21358253.73
P56128,Jaipur,Penthouse,3469,4,1,2,18,4,Fully Furnished,"['Gym', 'Swimming Pool', 'Power Backup']",1.19,3,44545433.9
P40710,Pune,Villa,969,1,3,3,9,0,Unfurnished,"['Power Backup', 'Swimming Pool', 'Wi-Fi', 'Gym', 'Elevator', 'Garden']",4.93,6,14854758.44
P52355,Mumbai,Villa,1599,4,1,9,9,7,Unfurnished,"['Club House', 'Security', 'Elevator', 'Garden', 'Wi-Fi', 'Parking']",5.14,8,9772425.17
P47250,Bangalore,Penthouse,4651,2,4,8,17,6,Semi Furnished,"['Elevator', 'Power Backup', 'Garden']",2.22,1,49905889.55
P22877,Hyderabad,Penthouse,3294,1,3,4,26,16,Semi Furnished,"['Parking', 'Security', 'Garden', 'Gym']",6.43,9,1428707.47
P100252,Mumbai,Studio,1641,1,1,11,6,5,Unfurnished,"['Security', 'Power Backup', 'Gym']",8.38,5,12116789.03
P15825,Mumbai,Apartment,4268,2,3,6,29,17,Unfurnished,"['Security', 'Garden', 'Wi-Fi', 'Elevator']",0.73,3,40755745.71
P89868,Chennai,Penthouse,2276,5,1,20,28,1,Unfurnished,"['Power Backup', 'Club House', 'Parking']",7.7,2,23642542.27
P68151,Bangalore,Penthouse,3781,3,3,8,23,12,Fully Furnished,"['Power Backup', 'Swimming Pool', 'Parking', 'Club House', 'Garden', 'Gym']",4.6,9,46038583.44
P87919,Jaipur,Duplex,2060,5,1,10,17,7,Fully Furnished,"['Club House', 'Power Backup', 'Wi-Fi', 'Elevator', 'Gym']",9.5,7,48375426.57
P33204,Bangalore,Villa,4419,4,3,9,25,20,Semi Furnished,"['Gym', 'Power Backup', 'Garden', 'Parking', 'Swimming Pool', 'Club House']",3.91,10,8360183.25
P10943,Jaipur,Villa,2513,4,4,10,30,6,Semi Furnished,"['Swimming Pool', 'Garden', 'Parking', 'Elevator', 'Power Backup']",7.54,3,13963899.19
P95395,Pune,Independent House,3243,1,2,17,19,15,Semi Furnished,"['Gym', 'Security', 'Wi-Fi', 'Club House', 'Swimming Pool', 'Parking']",1.37,1,12088741.77
P73414,Bangalore,Apartment,4509,5,3,20,29,6,Semi Furnished,"['Swimming Pool', 'Parking', 'Security', 'Gym', 'Wi-Fi', 'Garden']",5.23,8,38722189.3
P79056,Ahmedabad,Villa,2868,3,3,18,9,10,Fully Furnished,"['Power Backup', 'Parking', 'Gym', 'Wi-Fi', 'Security']",1.22,7,2144404.17
P53527,Pune,Villa,2380,4,1,8,27,4,Fully Furnished,"['Security', 'Swimming Pool', 'Parking', 'Garden', 'Power Backup', 'Club House']",6.49,7,5229663.33
P67184,Bangalore,Apartment,3540,1,2,14,15,7,Fully Furnished,"['Parking', 'Power Backup', 'Swimming Pool']",8.98,7,36327908.25
P55828,Ahmedabad,Duplex,2044,1,1,11,30,10,Unfurnished,"['Swimming Pool', 'Parking', 'Power Backup', 'Club House', 'Wi-Fi']",7.04,3,49390852.96
P15976,Bangalore,Apartment,4557,1,1,16,19,4,Unfurnished,"['Swimming Pool', 'Security', 'Wi-Fi', 'Club House', 'Parking', 'Garden']",0.91,4,17773562.92
P41209,Chandigarh,Studio,1954,5,3,9,26,16,Fully Furnished,"['Gym', 'Parking', 'Garden', 'Security', 'Elevator']",3.99,4,45659976.27
P67624,Jaipur,Penthouse,4162,2,2,11,21,20,Unfurnished,"['Wi-Fi', 'Security', 'Garden', 'Elevator']",1.97,1,3711985.9
P104199,Chennai,Studio,1266,2,3,17,16,7,Semi Furnished,"['Club House', 'Power Backup', 'Wi-Fi', 'Security', 'Garden', 'Swimming Pool']",3.97,2,49294569.37
P18271,Bangalore,Independent House,4588,2,2,18,9,11,Unfurnished,"['Garden', 'Power Backup', 'Parking', 'Wi-Fi', 'Gym']",6.63,3,37497718.35
P37537,Bangalore,Studio,3538,2,4,15,22,8,Semi Furnished,"['Swimming Pool', 'Club House', 'Gym', 'Security', 'Garden']",7.29,9,45146545.66
P39193,Chandigarh,Independent House,4416,2,1,5,29,1,Semi Furnished,"['Club House', 'Power Backup', 'Gym', 'Wi-Fi']",5.44,10,12781042.49
P55581,Jaipur,Villa,2035,2,1,4,18,13,Fully Furnished,"['Wi-Fi', 'Garden', 'Security', 'Power Backup', 'Club House', 'Elevator']",7.36,1,40550068.66
P106732,Delhi,Apartment,4682,5,4,5,16,17,Fully Furnished,"['Gym', 'Wi-Fi', 'Club House', 'Power Backup']",9.15,6,2720131.83
P91830,Kolkata,Villa,2471,3,4,17,25,5,Fully Furnished,"['Power Backup', 'Security', 'Parking', 'Gym', 'Swimming Pool']",9.81,8,41015198.81
P28860,Ahmedabad,Apartment,3827,2,1,19,22,11,Semi Furnished,"['Gym', 'Elevator', 'Parking']",2.11,5,6003168.08
P28713,Pune,Apartment,3759,2,4,20,7,2,Fully Furnished,"['Elevator', 'Club House', 'Security', 'Swimming Pool', 'Garden']",2.59,7,48720714.8
P42366,Bangalore,Independent House,2727,2,1,2,6,12,Semi Furnished,"['Gym', 'Elevator', 'Power Backup', 'Security', 'Club House']",3.13,3,1552723.85
P94393,Hyderabad,Apartment,3756,2,1,11,25,20,Semi Furnished,"['Parking', 'Security', 'Power Backup', 'Club House']",5.76,8,49213618.53
P86769,Chennai,Duplex,535,4,1,8,17,13,Unfurnished,"['Parking', 'Elevator', 'Garden', 'Club House', 'Swimming Pool', 'Gym']",9.64,5,35382123.38
P75924,Hyderabad,Apartment,1330,4,2,13,14,11,Unfurnished,"['Wi-Fi', 'Club House', 'Swimming Pool']",6.42,10,21463970.05
P51433,Hyderabad,Duplex,3601,2,4,20,5,10,Unfurnished,"['Swimming Pool', 'Garden', 'Power Backup']",9.54,5,40581438.62
P31152,Jaipur,Apartment,612,3,3,8,26,9,Semi Furnished,"['Parking', 'Security', 'Gym', 'Power Backup', 'Elevator']",6.15,3,45471710.78
P108021,Hyderabad,Penthouse,1355,1,3,20,5,8,Fully Furnished,"['Wi-Fi', 'Elevator', 'Security']",7.75,4,24686414.32
P25438,Jaipur,Penthouse,4876,3,1,16,8,15,Fully Furnished,"['Garden', 'Parking', 'Wi-Fi', 'Gym']",5.14,3,33118220.07
P90390,Hyderabad,Villa,3172,5,2,4,8,20,Unfurnished,"['Wi-Fi', 'Power Backup', 'Elevator']",2.71,1,46852333.93
P68396,Chennai,Penthouse,1203,2,1,15,29,16,Semi Furnished,"['Club House', 'Parking', 'Wi-Fi', 'Gym']",8.97,3,16570282.24
P102960,Delhi,Independent House,2023,4,4,5,27,20,Unfurnished,"['Security', 'Swimming Pool', 'Elevator', 'Wi-Fi']",9.11,7,11963649.3
P38595,Delhi,Duplex,2830,5,4,3,30,1,Unfurnished,"['Garden', 'Security', 'Swimming Pool', 'Wi-Fi']",8.33,4,27060278.02
P59907,Jaipur,Villa,1134,5,4,9,16,14,Fully Furnished,"['Club House', 'Wi-Fi', 'Parking', 'Gym', 'Garden', 'Elevator']",2.06,1,45744959.87
P83211,Bangalore,Studio,1308,5,2,7,23,5,Unfurnished,"['Garden', 'Gym', 'Wi-Fi', 'Club House', 'Elevator']",9.75,6,31696306.39
P30996,Pune,Duplex,4213,4,4,20,6,2,Unfurnished,"['Wi-Fi', 'Parking', 'Security', 'Gym']",6.45,7,40870355.72
P24067,Chandigarh,Villa,3140,3,2,20,21,6,Unfurnished,"['Power Backup', 'Club House', 'Elevator', 'Swimming Pool']",0.98,1,37882762.78
P96576,Ahmedabad,Independent House,1474,1,3,7,24,20,Semi Furnished,"['Gym', 'Power Backup', 'Elevator', 'Swimming Pool', 'Club House', 'Security']",6.95,8,38169972.52
P58449,Delhi,Independent House,501,3,1,3,18,13,Fully Furnished,"['Security', 'Garden', 'Wi-Fi', 'Parking']",4.68,2,47690809.11
P99849,Mumbai,Apartment,2504,2,2,11,26,0,Semi Furnished,"['Swimming Pool', 'Club House', 'Parking', 'Elevator', 'Security', 'Garden']",9.84,9,18689859.34
P63023,Delhi,Duplex,4977,2,3,14,13,6,Fully Furnished,"['Power Backup', 'Gym', 'Club House']",8.38,6,16480189.73
P50381,Pune,Studio,758,2,4,13,10,9,Unfurnished,"['Security', 'Parking', 'Swimming Pool', 'Gym', 'Wi-Fi']",6.84,7,13655124.11
P22106,Chandigarh,Duplex,4999,2,2,13,13,15,Fully Furnished,"['Power Backup', 'Swimming Pool', 'Gym', 'Parking', 'Wi-Fi', 'Elevator']",1.6,6,10132219.21
P48282,Delhi,Villa,838,3,1,10,11,7,Unfurnished,"['Elevator', 'Power Backup', 'Swimming Pool', 'Gym', 'Garden']",9.83,9,28326208.79
P29172,Pune,Duplex,674,3,4,3,13,16,Semi Furnished,"['Power Backup', 'Garden', 'Parking', 'Wi-Fi', 'Gym', 'Elevator']",6.47,2,45469252.3
P49003,Ahmedabad,Apartment,1028,2,4,19,27,11,Unfurnished,"['Swimming Pool', 'Garden', 'Elevator', 'Club House', 'Security', 'Gym']",5.68,6,41669563.21
P25104,Ahmedabad,Apartment,820,2,2,1,22,15,Unfurnished,"['Gym', 'Parking', 'Swimming Pool', 'Power Backup']",1.25,6,44689821.52
P26320,Pune,Independent House,661,4,1,17,25,10,Semi Furnished,"['Elevator', 'Wi-Fi', 'Club House']",4.91,5,33647041.43
P65275,Pune,Penthouse,4962,4,1,16,17,18,Fully Furnished,"['Power Backup', 'Security', 'Parking']",8,10,37077889.72
P51719,Jaipur,Villa,3440,1,1,12,9,10,Unfurnished,"['Gym', 'Parking', 'Elevator', 'Wi-Fi']",9.83,5,1549348.21
P75980,Mumbai,Independent House,3299,4,1,19,5,11,Semi Furnished,"['Garden', 'Gym', 'Swimming Pool', 'Parking', 'Security']",2.81,1,25710236.96
P93230,Chandigarh,Independent House,4230,1,3,19,30,0,Semi Furnished,"['Power Backup', 'Swimming Pool', 'Club House', 'Gym', 'Security', 'Elevator']",1.02,9,12939873.43
P66251,Pune,Independent House,4027,1,3,13,8,11,Semi Furnished,"['Elevator', 'Garden', 'Security']",7.44,10,36234200.73
P45674,Kolkata,Apartment,3957,2,2,5,7,4,Semi Furnished,"['Power Backup', 'Club House', 'Wi-Fi', 'Garden', 'Parking']",6.84,9,17840189.41
P27902,Hyderabad,Duplex,2955,5,2,18,15,9,Fully Furnished,"['Gym', 'Security', 'Garden']",9.74,2,36412062.17
P103457,Kolkata,Independent House,1963,1,2,14,9,10,Fully Furnished,"['Elevator', 'Parking', 'Swimming Pool', 'Club House', 'Gym', 'Wi-Fi']",0.95,2,27621664.88
P80170,Mumbai,Duplex,1555,3,3,1,30,8,Unfurnished,"['Gym', 'Power Backup', 'Parking', 'Elevator', 'Swimming Pool', 'Security']",8.81,6,45299574.71
P49394,Delhi,Studio,4319,1,3,17,7,9,Unfurnished,"['Garden', 'Gym', 'Security', 'Club House', 'Power Backup']",7.06,8,42280982.76
P25088,Chandigarh,Villa,3335,5,4,13,10,9,Semi Furnished,"['Wi-Fi', 'Elevator', 'Security']",5.38,10,3503894.64
P74218,Ahmedabad,Studio,4271,5,4,4,26,6,Unfurnished,"['Security', 'Gym', 'Garden', 'Swimming Pool']",0.92,3,22104629.29
P91252,Ahmedabad,Studio,4259,3,4,13,23,9,Semi Furnished,"['Parking', 'Power Backup', 'Elevator', 'Gym', 'Club House', 'Security']",1.75,9,31835118.07
P40560,Bangalore,Penthouse,1047,5,4,12,12,12,Unfurnished,"['Club House', 'Wi-Fi', 'Power Backup']",3.97,1,28502853.53
P68096,Pune,Penthouse,4967,2,2,14,13,10,Semi Furnished,"['Power Backup', 'Club House', 'Elevator', 'Parking', 'Gym']",2.7,2,31907512.09
P46148,Chennai,Villa,3293,4,1,8,27,20,Semi Furnished,"['Club House', 'Garden', 'Wi-Fi', 'Gym']",4.24,7,2063987.69
P100954,Pune,Villa,1393,4,1,12,20,4,Unfurnished,"['Swimming Pool', 'Power Backup', 'Elevator', 'Parking', 'Gym', 'Club House']",2.5,10,30927707.94
P82003,Bangalore,Studio,532,1,3,19,19,8,Semi Furnished,"['Gym', 'Wi-Fi', 'Club House', 'Swimming Pool', 'Garden', 'Security']",4.22,1,18603363.35
P55915,Jaipur,Studio,2990,5,2,16,11,15,Unfurnished,"['Garden', 'Wi-Fi', 'Power Backup', 'Elevator']",2.11,2,2840691.53
P84197,Pune,Penthouse,744,2,2,18,23,9,Unfurnished,"['Swimming Pool', 'Elevator', 'Wi-Fi', 'Club House']",8.62,9,47451146.11
P52894,Jaipur,Independent House,4226,3,3,3,27,14,Unfurnished,"['Garden', 'Elevator', 'Wi-Fi', 'Club House']",0.57,3,12460078.73
P42570,Bangalore,Apartment,1522,3,4,8,10,6,Fully Furnished,"['Club House', 'Gym', 'Garden', 'Power Backup', 'Elevator']",5.5,3,17937166.11
P102279,Mumbai,Villa,1600,5,3,8,15,3,Unfurnished,"['Power Backup', 'Parking', 'Elevator', 'Wi-Fi', 'Club House', 'Security']",1.63,7,38517196.04
P71230,Pune,Duplex,4728,1,2,12,12,3,Semi Furnished,"['Security', 'Club House', 'Parking', 'Elevator']",8.63,4,30072284.12
P39697,Jaipur,Independent House,553,3,4,17,17,15,Fully Furnished,"['Security', 'Elevator', 'Power Backup', 'Gym', 'Wi-Fi']",5.6,4,27282294.33
P66675,Kolkata,Apartment,2446,3,1,13,30,20,Unfurnished,"['Wi-Fi', 'Elevator', 'Power Backup', 'Security']",3.2,3,39972968.32
P66260,Kolkata,Villa,3489,3,3,4,10,8,Unfurnished,"['Power Backup', 'Parking', 'Gym', 'Wi-Fi', 'Security']",6.59,2,46315165.66
P108379,Kolkata,Apartment,3474,4,2,19,15,9,Unfurnished,"['Garden', 'Swimming Pool', 'Club House', 'Wi-Fi', 'Gym', 'Power Backup']",0.94,4,655214.88
P17346,Mumbai,Studio,4413,5,4,11,13,2,Unfurnished,"['Gym', 'Security', 'Wi-Fi']",5.28,6,23261788.47
P75699,Kolkata,Studio,2342,1,1,5,24,2,Unfurnished,"['Swimming Pool', 'Security', 'Wi-Fi', 'Elevator']",8.77,2,24348989.68
P54244,Chandigarh,Apartment,3336,5,3,17,30,12,Unfurnished,"['Wi-Fi', 'Swimming Pool', 'Garden', 'Power Backup', 'Club House']",6.88,9,7237596.62
P85276,Delhi,Duplex,2016,2,4,11,24,19,Fully Furnished,"['Gym', 'Garden', 'Club House']",9.5,1,541822.58
P41260,Hyderabad,Independent House,4978,2,2,18,29,0,Semi Furnished,"['Gym', 'Parking', 'Elevator']",4.73,7,30694378.01
P105806,Ahmedabad,Independent House,3044,3,1,20,13,2,Semi Furnished,"['Garden', 'Gym', 'Security', 'Swimming Pool']",3.28,7,8129388.82
P28640,Delhi,Studio,2115,5,2,10,5,6,Semi Furnished,"['Parking', 'Club House', 'Security']",6.99,9,4691212.48
P80016,Pune,Apartment,2574,2,2,17,17,10,Unfurnished,"['Garden', 'Wi-Fi', 'Club House', 'Security', 'Power Backup']",8.98,4,22613428.72
P34094,Jaipur,Penthouse,3047,2,2,15,8,16,Semi Furnished,"['Garden', 'Elevator', 'Power Backup']",5.63,7,9594902.47
P50761,Chandigarh,Studio,4982,4,2,3,25,0,Semi Furnished,"['Power Backup', 'Swimming Pool', 'Club House', 'Wi-Fi', 'Gym', 'Elevator']",6.31,6,1467955.73
P17508,Chandigarh,Studio,4147,5,4,17,23,1,Semi Furnished,"['Garden', 'Club House', 'Parking', 'Power Backup', 'Security']",3.95,8,24967023.58
P65935,Mumbai,Studio,1661,3,1,10,22,14,Fully Furnished,"['Parking', 'Power Backup', 'Elevator', 'Swimming Pool']",4.51,1,21875007.22
P96370,Jaipur,Penthouse,3775,3,3,1,28,2,Semi Furnished,"['Wi-Fi', 'Swimming Pool', 'Gym', 'Club House', 'Elevator', 'Parking']",1.38,3,36779007.35
P16096,Mumbai,Studio,3208,1,1,1,17,5,Semi Furnished,"['Swimming Pool', 'Parking', 'Garden', 'Security']",6.31,10,16306907.21
P73166,Chandigarh,Independent House,3676,3,4,5,6,20,Unfurnished,"['Parking', 'Garden', 'Club House', 'Swimming Pool', 'Security', 'Gym']",6.66,3,49026853.71
P14338,Chennai,Duplex,803,2,2,2,13,7,Fully Furnished,"['Garden', 'Club House', 'Security', 'Parking', 'Swimming Pool', 'Wi-Fi']",2.84,8,11051643.26
P14973,Chandigarh,Apartment,2692,5,4,15,11,7,Unfurnished,"['Security', 'Gym', 'Club House', 'Wi-Fi', 'Parking', 'Garden']",1.75,2,32279112.59
P18017,Delhi,Apartment,4777,2,2,7,10,0,Fully Furnished,"['Elevator', 'Parking', 'Security', 'Power Backup', 'Garden']",2.67,9,25387925.27
P44450,Chandigarh,Independent House,1330,5,2,6,21,14,Fully Furnished,"['Elevator', 'Garden', 'Wi-Fi', 'Parking']",9.79,10,37428288.66
P27503,Chandigarh,Studio,3810,3,1,19,10,5,Semi Furnished,"['Parking', 'Security', 'Gym']",2.19,6,40299680.39
P21831,Pune,Independent House,4197,4,3,19,14,4,Fully Furnished,"['Garden', 'Wi-Fi', 'Security', 'Elevator', 'Parking', 'Swimming Pool']",1.12,3,25719351.41
P17874,Bangalore,Penthouse,4171,2,4,1,6,12,Fully Furnished,"['Power Backup', 'Elevator', 'Security', 'Gym']",2.37,10,44101445.48
P29278,Delhi,Duplex,3420,5,3,1,27,8,Fully Furnished,"['Parking', 'Club House', 'Power Backup']",7.83,3,17126692.23
P88009,Pune,Villa,1926,3,3,10,7,16,Fully Furnished,"['Elevator', 'Power Backup', 'Club House', 'Wi-Fi', 'Garden', 'Parking']",6.12,10,14208524.18
P47301,Pune,Duplex,4104,3,3,7,19,0,Semi Furnished,"['Wi-Fi', 'Elevator', 'Power Backup', 'Garden']",6.69,2,26532442.68
